route_id,visit_seq,passenger_name,individual_name,stop_id,event_type,travel_from_prev_stop_min,vehicle_arrival_time,service_time_min,vehicle_departure_time,planned_time_minutes,planned_time_hhmm,wait_at_stop_min
R001,1,乘客2040,乘客2040,984,pickup,0.0,06:44,4,06:48,435.0,07:15,31.0
R001,2,乘客779,乘客779,406,pickup,17.0,07:05,1,07:06,465.0,07:45,40.0
R001,3,乘客2040,乘客2040,989,dropoff,42.0,07:48,3,07:51,485.0,08:05,17.0
R001,4,乘客779,乘客779,747,dropoff,19.0,08:10,1,08:11,495.0,08:15,5.0
R001,5,乘客2016,乘客2016,967,pickup,15.0,08:26,4,08:30,505.0,08:25,0.0
R001,6,乘客780,乘客780,407,pickup,9.0,08:39,4,08:43,525.0,08:45,6.0
R001,7,乘客2016,乘客2016,737,dropoff,8.0,08:51,3,08:54,530.0,08:50,0.0
R001,8,乘客783,乘客783,409,pickup,9.0,09:03,1,09:04,545.0,09:05,2.0
R001,9,乘客784,乘客784,410,pickup,9.0,09:13,1,09:14,555.0,09:15,2.0
R001,10,乘客780,乘客780,717,dropoff,17.0,09:31,4,09:35,590.0,09:50,19.0
R001,11,乘客783,乘客783,717,dropoff,17.0,09:31,4,09:35,590.0,09:50,19.0
R001,12,乘客786,乘客786,412,pickup,6.0,09:41,1,09:42,600.0,10:00,19.0
R001,13,乘客784,乘客784,738,dropoff,4.0,09:46,2,09:48,610.0,10:10,24.0
R001,14,乘客786,乘客786,738,dropoff,4.0,09:46,2,09:48,610.0,10:10,24.0
R002,1,乘客2031,乘客2031,977,pickup,0.0,06:23,4,06:27,410.0,06:50,27.0
R002,2,乘客2064,乘客2064,1003,pickup,24.0,06:51,7,06:58,445.0,07:25,34.0
R002,2,乘客2064,乘客2064跟車,1003,pickup,24.0,06:51,7,06:58,445.0,07:25,34.0
R002,2,乘客2064,乘客2065,1003,pickup,24.0,06:51,7,06:58,445.0,07:25,34.0
R002,2,乘客2064,乘客2065跟車,1003,pickup,24.0,06:51,7,06:58,445.0,07:25,34.0
R002,3,乘客2031,乘客2031,983,dropoff,32.0,07:30,3,07:33,450.0,07:30,0.0
R002,4,乘客2064,乘客2064,132,dropoff,58.0,08:31,6,08:37,525.0,08:45,14.0
R002,4,乘客2064,乘客2064跟車,132,dropoff,58.0,08:31,6,08:37,525.0,08:45,14.0
R002,4,乘客2064,乘客2065,132,dropoff,58.0,08:31,6,08:37,525.0,08:45,14.0
R002,4,乘客2064,乘客2065跟車,132,dropoff,58.0,08:31,6,08:37,525.0,08:45,14.0
R003,1,乘客551,乘客551,305,pickup,0.0,06:49,1,06:50,430.0,07:10,21.0
R003,2,乘客1402,乘客1402,678,pickup,11.0,07:01,5,07:06,465.0,07:45,44.0
R003,2,乘客1402,乘客1402跟車,678,pickup,11.0,07:01,5,07:06,465.0,07:45,44.0
R003,3,乘客551,乘客551,1043,dropoff,22.0,07:28,1,07:29,470.0,07:50,22.0
R003,4,乘客1402,乘客1402,131,dropoff,17.0,07:46,4,07:50,510.0,08:30,44.0
R003,4,乘客1402,乘客1402跟車,131,dropoff,17.0,07:46,4,07:50,510.0,08:30,44.0
R003,5,乘客1209,乘客1209,591,pickup,53.0,08:43,5,08:48,520.0,08:40,0.0
R003,5,乘客1209,乘客1209跟車,591,pickup,53.0,08:43,5,08:48,520.0,08:40,0.0
R003,6,乘客888,乘客888,446,pickup,28.0,09:16,2,09:18,530.0,08:50,0.0
R003,6,乘客888,乘客888跟車,446,pickup,28.0,09:16,2,09:18,530.0,08:50,0.0
R003,7,乘客1209,乘客1209,276,dropoff,11.0,09:29,4,09:33,575.0,09:35,6.0
R003,7,乘客1209,乘客1209跟車,276,dropoff,11.0,09:29,4,09:33,575.0,09:35,6.0
R003,8,乘客888,乘客888,159,dropoff,9.0,09:42,2,09:44,625.0,10:25,43.0
R003,8,乘客888,乘客888跟車,159,dropoff,9.0,09:42,2,09:44,625.0,10:25,43.0
R004,1,乘客2063,乘客2063,1002,pickup,0.0,06:30,1,06:31,420.0,07:00,30.0
R004,2,乘客2066,乘客2066,1004,pickup,24.0,06:55,5,07:00,460.0,07:40,45.0
R004,2,乘客2066,乘客2066跟車,1004,pickup,24.0,06:55,5,07:00,460.0,07:40,45.0
R004,3,乘客1875,乘客1875,897,pickup,34.0,07:34,1,07:35,465.0,07:45,11.0
R004,4,乘客2063,乘客2063,90,dropoff,34.0,08:09,1,08:10,510.0,08:30,21.0
R004,5,乘客1875,乘客1875,138,dropoff,9.0,08:19,1,08:20,510.0,08:30,11.0
R004,6,乘客2066,乘客2066,132,dropoff,0.0,08:20,4,08:24,525.0,08:45,25.0
R004,6,乘客2066,乘客2066跟車,132,dropoff,0.0,08:20,4,08:24,525.0,08:45,25.0
R004,7,乘客2034,乘客2034,949,pickup,37.0,09:01,4,09:05,545.0,09:05,4.0
R004,8,乘客2034,乘客2034,981,dropoff,21.0,09:26,3,09:29,565.0,09:25,0.0
R005,1,乘客1600,乘客1600,769,pickup,0.0,07:07,1,07:08,470.0,07:50,43.0
R005,2,乘客2032,乘客2032,978,pickup,13.0,07:21,1,07:22,480.0,08:00,39.0
R005,3,乘客2056,乘客2056,996,pickup,4.0,07:26,4,07:30,510.0,08:30,64.0
R005,4,乘客1600,乘客1600,728,dropoff,6.0,07:36,1,07:37,540.0,09:00,84.0
R005,5,乘客2056,乘客2056,999,dropoff,11.0,07:48,3,07:51,540.0,09:00,72.0
R005,6,乘客2032,乘客2032,949,dropoff,36.0,08:27,1,08:28,545.0,09:05,38.0
R005,7,乘客2058,乘客2058,998,pickup,31.0,08:59,1,09:00,555.0,09:15,16.0
R005,8,乘客2058,乘客2058,600,dropoff,44.0,09:44,1,09:45,595.0,09:55,11.0
R006,1,乘客740,乘客740,389,pickup,0.0,07:18,1,07:19,450.0,07:30,12.0
R006,2,乘客741,乘客741,390,pickup,17.0,07:36,6,07:42,465.0,07:45,9.0
R006,2,乘客741,乘客742,390,pickup,17.0,07:36,6,07:42,465.0,07:45,9.0
R006,3,乘客743,乘客743,390,pickup,17.0,07:36,6,07:42,465.0,07:45,9.0
R006,4,乘客744,乘客744,391,pickup,2.0,07:44,1,07:45,470.0,07:50,6.0
R006,5,乘客746,乘客746,392,pickup,13.0,07:58,4,08:02,485.0,08:05,7.0
R006,6,乘客740,乘客740,304,dropoff,6.0,08:08,4,08:12,510.0,08:30,22.0
R006,7,乘客741,乘客741,304,dropoff,6.0,08:08,4,08:12,510.0,08:30,22.0
R006,7,乘客741,乘客742,304,dropoff,6.0,08:08,4,08:12,510.0,08:30,22.0
R006,8,乘客744,乘客744,304,dropoff,6.0,08:08,4,08:12,510.0,08:30,22.0
R006,9,乘客743,乘客743,315,dropoff,19.0,08:31,6,08:37,555.0,09:15,44.0
R006,10,乘客746,乘客746,315,dropoff,19.0,08:31,6,08:37,555.0,09:15,44.0
R006,11,乘客840,乘客840,429,pickup,11.0,08:48,5,08:53,555.0,09:15,27.0
R006,11,乘客840,乘客840跟車,429,pickup,11.0,08:48,5,08:53,555.0,09:15,27.0
R006,12,乘客283,乘客283,169,pickup,17.0,09:10,4,09:14,575.0,09:35,25.0
R006,13,乘客285,乘客285,171,pickup,6.0,09:20,4,09:24,595.0,09:55,35.0
R006,14,乘客840,乘客840,276,dropoff,17.0,09:41,4,09:45,610.0,10:10,29.0
R006,14,乘客840,乘客840跟車,276,dropoff,17.0,09:41,4,09:45,610.0,10:10,29.0
R006,15,乘客283,乘客283,185,dropoff,15.0,10:00,6,10:06,615.0,10:15,15.0
R006,16,乘客285,乘客285,185,dropoff,15.0,10:00,6,10:06,615.0,10:15,15.0
R007,1,乘客528,乘客528,294,pickup,0.0,07:30,4,07:34,450.0,07:30,0.0
R007,2,乘客528,乘客528,287,dropoff,29.0,08:03,3,08:06,485.0,08:05,2.0
R007,3,乘客801,乘客801,415,pickup,8.0,08:14,4,08:18,490.0,08:10,0.0
R007,4,乘客801,乘客801,420,dropoff,8.0,08:26,3,08:29,505.0,08:25,0.0
R007,5,乘客530,乘客530,296,pickup,8.0,08:37,1,08:38,505.0,08:25,0.0
R007,6,乘客534,乘客534,300,pickup,9.0,08:47,1,08:48,540.0,09:00,13.0
R007,7,乘客2007,乘客2007,962,pickup,6.0,08:54,2,08:56,580.0,09:40,46.0
R007,7,乘客2007,乘客2007跟車,962,pickup,6.0,08:54,2,08:56,580.0,09:40,46.0
R007,8,乘客530,乘客530,304,dropoff,19.0,09:15,2,09:17,615.0,10:15,60.0
R007,9,乘客534,乘客534,304,dropoff,19.0,09:15,2,09:17,615.0,10:15,60.0
R007,10,乘客2007,乘客2007,964,dropoff,15.0,09:32,2,09:34,625.0,10:25,53.0
R007,10,乘客2007,乘客2007跟車,964,dropoff,15.0,09:32,2,09:34,625.0,10:25,53.0
R008,1,乘客974,乘客974,487,pickup,0.0,06:44,5,06:49,420.0,07:00,16.0
R008,1,乘客974,乘客974跟車,487,pickup,0.0,06:44,5,06:49,420.0,07:00,16.0
R008,2,乘客1236,乘客1236,608,pickup,17.0,07:06,4,07:10,460.0,07:40,34.0
R008,3,乘客295,乘客295,175,pickup,13.0,07:23,2,07:25,475.0,07:55,32.0
R008,3,乘客295,乘客296,175,pickup,13.0,07:23,2,07:25,475.0,07:55,32.0
R008,4,乘客974,乘客974,178,dropoff,11.0,07:36,4,07:40,535.0,08:55,79.0
R008,4,乘客974,乘客974跟車,178,dropoff,11.0,07:36,4,07:40,535.0,08:55,79.0
R008,5,乘客295,乘客295,519,dropoff,4.0,07:44,2,07:46,545.0,09:05,81.0
R008,5,乘客295,乘客296,519,dropoff,4.0,07:44,2,07:46,545.0,09:05,81.0
R008,6,乘客1236,乘客1236,614,dropoff,8.0,07:54,3,07:57,555.0,09:15,81.0
R008,7,乘客697,乘客697,372,pickup,2.0,07:59,4,08:03,555.0,09:15,76.0
R008,8,乘客280,乘客280,166,pickup,9.0,08:12,4,08:16,555.0,09:15,63.0
R008,9,乘客647,乘客647,353,pickup,13.0,08:29,4,08:33,560.0,09:20,51.0
R008,10,乘客697,乘客697,892,dropoff,9.0,08:42,3,08:45,570.0,09:30,48.0
R008,11,乘客554,乘客554,308,pickup,8.0,08:53,1,08:54,575.0,09:35,42.0
R008,12,乘客280,乘客280,185,dropoff,9.0,09:03,3,09:06,615.0,10:15,72.0
R008,13,乘客647,乘客647,157,dropoff,9.0,09:15,3,09:18,630.0,10:30,75.0
R008,14,乘客554,乘客554,312,dropoff,21.0,09:39,1,09:40,630.0,10:30,51.0
R009,1,乘客776,乘客776,403,pickup,0.0,06:38,1,06:39,420.0,07:00,22.0
R009,2,乘客777,乘客777,404,pickup,13.0,06:52,4,06:56,435.0,07:15,23.0
R009,3,乘客778,乘客778,405,pickup,9.0,07:05,1,07:06,450.0,07:30,25.0
R009,4,乘客1582,乘客1582,759,pickup,32.0,07:38,4,07:42,485.0,08:05,27.0
R009,5,乘客777,乘客777,748,dropoff,26.0,08:08,3,08:11,490.0,08:10,2.0
R009,6,乘客776,乘客776,747,dropoff,6.0,08:17,1,08:18,495.0,08:15,0.0
R009,7,乘客778,乘客778,746,dropoff,11.0,08:29,1,08:30,510.0,08:30,1.0
R009,8,乘客1582,乘客1582,727,dropoff,8.0,08:38,3,08:41,530.0,08:50,12.0
R009,9,乘客781,乘客781,408,pickup,13.0,08:54,7,09:01,535.0,08:55,1.0
R009,9,乘客781,乘客782,408,pickup,13.0,08:54,7,09:01,535.0,08:55,1.0
R009,10,乘客781,乘客781,717,dropoff,22.0,09:23,6,09:29,590.0,09:50,27.0
R009,10,乘客781,乘客782,717,dropoff,22.0,09:23,6,09:29,590.0,09:50,27.0
R010,1,乘客759,乘客759,396,pickup,0.0,07:00,1,07:01,420.0,07:00,0.0
R010,2,乘客760,乘客760,397,pickup,6.0,07:07,4,07:11,430.0,07:10,3.0
R010,3,乘客1129,乘客1129,499,pickup,21.0,07:32,1,07:33,465.0,07:45,13.0
R010,4,乘客625,乘客625,341,pickup,9.0,07:42,1,07:43,470.0,07:50,8.0
R010,5,乘客1130,乘客1130,555,pickup,6.0,07:49,1,07:50,485.0,08:05,16.0
R010,6,乘客759,乘客759,337,dropoff,9.0,07:59,4,08:03,540.0,09:00,61.0
R010,7,乘客760,乘客760,337,dropoff,9.0,07:59,4,08:03,540.0,09:00,61.0
R010,8,乘客1129,乘客1129,560,dropoff,6.0,08:09,2,08:11,545.0,09:05,56.0
R010,9,乘客1130,乘客1130,560,dropoff,6.0,08:09,2,08:11,545.0,09:05,56.0
R010,10,乘客625,乘客625,346,dropoff,9.0,08:20,1,08:21,560.0,09:20,60.0
R010,11,乘客871,乘客871,439,pickup,11.0,08:32,2,08:34,570.0,09:30,58.0
R010,11,乘客871,乘客871跟車,439,pickup,11.0,08:32,2,08:34,570.0,09:30,58.0
R010,12,乘客872,乘客872,440,pickup,11.0,08:45,1,08:46,580.0,09:40,55.0
R010,13,乘客871,乘客871,220,dropoff,6.0,08:52,3,08:55,590.0,09:50,58.0
R010,13,乘客871,乘客871跟車,220,dropoff,6.0,08:52,3,08:55,590.0,09:50,58.0
R010,14,乘客872,乘客872,220,dropoff,6.0,08:52,3,08:55,590.0,09:50,58.0
R010,15,乘客188,乘客188,124,pickup,13.0,09:08,1,09:09,595.0,09:55,47.0
R010,16,乘客188,乘客188,1022,dropoff,34.0,09:43,1,09:44,640.0,10:40,57.0
R011,1,乘客439,乘客439,249,pickup,0.0,06:39,1,06:40,420.0,07:00,21.0
R011,2,乘客442,乘客442,251,pickup,13.0,06:53,5,06:58,440.0,07:20,27.0
R011,3,乘客443,乘客443,251,pickup,13.0,06:53,5,06:58,440.0,07:20,27.0
R011,4,乘客237,乘客237,151,pickup,8.0,07:06,4,07:10,450.0,07:30,24.0
R011,5,乘客439,乘客439,160,dropoff,19.0,07:29,4,07:33,490.0,08:10,41.0
R011,6,乘客442,乘客442,160,dropoff,19.0,07:29,4,07:33,490.0,08:10,41.0
R011,7,乘客443,乘客443,158,dropoff,11.0,07:44,1,07:45,510.0,08:30,46.0
R011,8,乘客237,乘客237,157,dropoff,6.0,07:51,3,07:54,565.0,09:25,94.0
R011,9,乘客891,乘客891,449,pickup,17.0,08:11,1,08:12,570.0,09:30,79.0
R011,10,乘客892,乘客892,450,pickup,28.0,08:40,4,08:44,580.0,09:40,60.0
R011,11,乘客893,乘客893,251,pickup,4.0,08:48,1,08:49,585.0,09:45,57.0
R011,12,乘客891,乘客891,164,dropoff,9.0,08:58,1,08:59,590.0,09:50,52.0
R011,13,乘客894,乘客894,451,pickup,4.0,09:03,4,09:07,595.0,09:55,52.0
R011,14,乘客892,乘客892,157,dropoff,17.0,09:24,6,09:30,620.0,10:20,56.0
R011,15,乘客894,乘客894,157,dropoff,17.0,09:24,6,09:30,620.0,10:20,56.0
R011,16,乘客893,乘客893,159,dropoff,2.0,09:32,1,09:33,625.0,10:25,53.0
R012,1,乘客211,乘客211,134,pickup,0.0,06:17,4,06:21,405.0,06:45,28.0
R012,2,乘客211,乘客211,61,dropoff,19.0,06:40,3,06:43,420.0,07:00,20.0
R012,3,乘客406,乘客406,229,pickup,36.0,07:19,1,07:20,460.0,07:40,21.0
R012,4,乘客1976,乘客1976,951,pickup,4.0,07:24,1,07:25,480.0,08:00,36.0
R012,5,乘客408,乘客408,231,pickup,11.0,07:36,4,07:40,480.0,08:00,24.0
R012,6,乘客1976,乘客1976,420,dropoff,21.0,08:01,1,08:02,500.0,08:20,19.0
R012,7,乘客406,乘客406,236,dropoff,21.0,08:23,4,08:27,505.0,08:25,2.0
R012,8,乘客408,乘客408,236,dropoff,21.0,08:23,4,08:27,505.0,08:25,2.0
R012,9,乘客1789,乘客1789,856,pickup,33.0,09:00,1,09:01,505.0,08:25,0.0
R012,10,乘客1789,乘客1789,859,dropoff,17.0,09:18,1,09:19,595.0,09:55,37.0
R013,1,乘客1485,乘客1485,709,pickup,0.0,07:23,4,07:27,455.0,07:35,12.0
R013,2,乘客834,乘客834,425,pickup,17.0,07:44,1,07:45,485.0,08:05,21.0
R013,3,乘客1485,乘客1485,813,dropoff,17.0,08:02,3,08:05,490.0,08:10,8.0
R013,4,乘客834,乘客834,202,dropoff,17.0,08:22,1,08:23,530.0,08:50,28.0
R013,5,乘客1153,乘客1153,567,pickup,17.0,08:40,5,08:45,530.0,08:50,10.0
R013,5,乘客1153,乘客1153跟車,567,pickup,17.0,08:40,5,08:45,530.0,08:50,10.0
R013,6,乘客1153,乘客1153,314,dropoff,21.0,09:06,4,09:10,555.0,09:15,9.0
R013,6,乘客1153,乘客1153跟車,314,dropoff,21.0,09:06,4,09:10,555.0,09:15,9.0
R013,7,乘客1064,乘客1064,525,pickup,9.0,09:19,4,09:23,555.0,09:15,0.0
R013,8,乘客1065,乘客1065,526,pickup,4.0,09:27,4,09:31,560.0,09:20,0.0
R013,9,乘客917,乘客917,465,pickup,2.0,09:33,4,09:37,565.0,09:25,0.0
R013,10,乘客1066,乘客1066,527,pickup,9.0,09:46,1,09:47,575.0,09:35,0.0
R013,11,乘客1064,乘客1064,157,dropoff,19.0,10:06,7,10:13,620.0,10:20,14.0
R013,12,乘客1065,乘客1065,157,dropoff,19.0,10:06,7,10:13,620.0,10:20,14.0
R013,13,乘客1066,乘客1066,157,dropoff,19.0,10:06,7,10:13,620.0,10:20,14.0
R013,14,乘客917,乘客917,191,dropoff,9.0,10:22,3,10:25,625.0,10:25,3.0
R014,1,乘客1701,乘客1701,808,pickup,0.0,06:53,4,06:57,435.0,07:15,22.0
R014,2,乘客1701,乘客1701,964,dropoff,11.0,07:08,3,07:11,450.0,07:30,22.0
R014,3,乘客422,乘客422,239,pickup,13.0,07:24,4,07:28,450.0,07:30,6.0
R014,4,乘客423,乘客423,240,pickup,4.0,07:32,5,07:37,460.0,07:40,8.0
R014,4,乘客423,乘客423跟車,240,pickup,4.0,07:32,5,07:37,460.0,07:40,8.0
R014,5,乘客529,乘客529,295,pickup,17.0,07:54,1,07:55,495.0,08:15,21.0
R014,6,乘客422,乘客422,420,dropoff,11.0,08:06,7,08:13,550.0,09:10,64.0
R014,7,乘客423,乘客423,420,dropoff,11.0,08:06,7,08:13,550.0,09:10,64.0
R014,7,乘客423,乘客423跟車,420,dropoff,11.0,08:06,7,08:13,550.0,09:10,64.0
R014,8,乘客535,乘客535,301,pickup,9.0,08:22,1,08:23,560.0,09:20,58.0
R014,9,乘客529,乘客529,756,dropoff,4.0,08:27,1,08:28,570.0,09:30,63.0
R014,10,乘客536,乘客536,302,pickup,2.0,08:30,1,08:31,570.0,09:30,60.0
R014,11,乘客430,乘客430,247,pickup,11.0,08:42,1,08:43,575.0,09:35,53.0
R014,12,乘客535,乘客535,202,dropoff,13.0,08:56,2,08:58,595.0,09:55,59.0
R014,13,乘客536,乘客536,202,dropoff,13.0,08:56,2,08:58,595.0,09:55,59.0
R014,14,乘客430,乘客430,395,dropoff,15.0,09:13,1,09:14,595.0,09:55,42.0
R014,15,乘客1757,乘客1757,840,pickup,11.0,09:25,4,09:29,600.0,10:00,35.0
R014,16,乘客1757,乘客1757,303,dropoff,17.0,09:46,3,09:49,615.0,10:15,29.0
R015,1,乘客797,乘客797,413,pickup,0.0,07:27,1,07:28,455.0,07:35,8.0
R015,2,乘客798,乘客798,414,pickup,26.0,07:54,11,08:05,480.0,08:00,6.0
R015,2,乘客798,乘客799,414,pickup,26.0,07:54,11,08:05,480.0,08:00,6.0
R015,2,乘客798,乘客799跟車,414,pickup,26.0,07:54,11,08:05,480.0,08:00,6.0
R015,3,乘客800,乘客800,414,pickup,26.0,07:54,11,08:05,480.0,08:00,6.0
R015,4,乘客797,乘客797,420,dropoff,9.0,08:14,8,08:22,505.0,08:25,11.0
R015,5,乘客798,乘客798,420,dropoff,9.0,08:14,8,08:22,505.0,08:25,11.0
R015,5,乘客798,乘客799,420,dropoff,9.0,08:14,8,08:22,505.0,08:25,11.0
R015,5,乘客798,乘客799跟車,420,dropoff,9.0,08:14,8,08:22,505.0,08:25,11.0
R015,6,乘客800,乘客800,201,dropoff,2.0,08:24,3,08:27,510.0,08:30,6.0
R015,7,乘客429,乘客429,246,pickup,9.0,08:36,4,08:40,535.0,08:55,19.0
R015,8,乘客2006,乘客2006,961,pickup,8.0,08:48,4,08:52,540.0,09:00,12.0
R015,9,乘客2005,乘客2005,956,pickup,2.0,08:54,1,08:55,540.0,09:00,6.0
R015,10,乘客429,乘客429,420,dropoff,11.0,09:06,3,09:09,550.0,09:10,4.0
R015,11,乘客2006,乘客2006,201,dropoff,2.0,09:11,3,09:14,560.0,09:20,9.0
R015,12,乘客1665,乘客1665,802,pickup,6.0,09:20,1,09:21,595.0,09:55,35.0
R015,13,乘客2005,乘客2005,756,dropoff,8.0,09:29,1,09:30,610.0,10:10,41.0
R015,14,乘客1665,乘客1665,203,dropoff,15.0,09:45,1,09:46,610.0,10:10,25.0
R016,1,乘客1334,乘客1334,651,pickup,0.0,06:38,8,06:46,445.0,07:25,47.0
R016,1,乘客1334,乘客1335,651,pickup,0.0,06:38,8,06:46,445.0,07:25,47.0
R016,1,乘客1334,乘客1335跟車,651,pickup,0.0,06:38,8,06:46,445.0,07:25,47.0
R016,2,乘客1461,乘客1461,696,pickup,9.0,06:55,1,06:56,460.0,07:40,45.0
R016,3,乘客1131,乘客1131,405,pickup,15.0,07:11,4,07:15,495.0,08:15,64.0
R016,3,乘客1131,乘客1132,405,pickup,15.0,07:11,4,07:15,495.0,08:15,64.0
R016,3,乘客1131,乘客1133,405,pickup,15.0,07:11,4,07:15,495.0,08:15,64.0
R016,3,乘客1131,乘客1134,405,pickup,15.0,07:11,4,07:15,495.0,08:15,64.0
R016,4,乘客1131,乘客1131,561,dropoff,2.0,07:17,4,07:21,505.0,08:25,68.0
R016,4,乘客1131,乘客1132,561,dropoff,2.0,07:17,4,07:21,505.0,08:25,68.0
R016,4,乘客1131,乘客1133,561,dropoff,2.0,07:17,4,07:21,505.0,08:25,68.0
R016,4,乘客1131,乘客1134,561,dropoff,2.0,07:17,4,07:21,505.0,08:25,68.0
R016,5,乘客1461,乘客1461,313,dropoff,19.0,07:40,1,07:41,510.0,08:30,50.0
R016,6,乘客1334,乘客1334,901,dropoff,22.0,08:03,7,08:10,515.0,08:35,32.0
R016,6,乘客1334,乘客1335,901,dropoff,22.0,08:03,7,08:10,515.0,08:35,32.0
R016,6,乘客1334,乘客1335跟車,901,dropoff,22.0,08:03,7,08:10,515.0,08:35,32.0
R016,7,乘客531,乘客531,297,pickup,33.0,08:43,1,08:44,520.0,08:40,0.0
R016,8,乘客532,乘客532,298,pickup,6.0,08:50,1,08:51,525.0,08:45,0.0
R016,9,乘客802,乘客802,416,pickup,11.0,09:02,1,09:03,525.0,08:45,0.0
R016,10,乘客532,乘客532,394,dropoff,9.0,09:12,1,09:13,550.0,09:10,0.0
R016,11,乘客531,乘客531,202,dropoff,9.0,09:22,1,09:23,595.0,09:55,33.0
R016,12,乘客802,乘客802,313,dropoff,22.0,09:45,1,09:46,605.0,10:05,20.0
R017,1,乘客1711,乘客1711,815,pickup,0.0,06:57,1,06:58,440.0,07:20,23.0
R017,2,乘客1715,乘客1715,819,pickup,13.0,07:11,5,07:16,480.0,08:00,49.0
R017,2,乘客1715,乘客1716,819,pickup,13.0,07:11,5,07:16,480.0,08:00,49.0
R017,3,乘客179,乘客179,118,pickup,44.0,08:00,1,08:01,495.0,08:15,15.0
R017,4,乘客180,乘客180,119,pickup,21.0,08:22,1,08:23,515.0,08:35,13.0
R017,5,乘客1711,乘客1711,337,dropoff,11.0,08:34,5,08:39,560.0,09:20,46.0
R017,6,乘客1715,乘客1715,337,dropoff,11.0,08:34,5,08:39,560.0,09:20,46.0
R017,6,乘客1715,乘客1716,337,dropoff,11.0,08:34,5,08:39,560.0,09:20,46.0
R017,7,乘客179,乘客179,347,dropoff,8.0,08:47,2,08:49,580.0,09:40,53.0
R017,8,乘客180,乘客180,347,dropoff,8.0,08:47,2,08:49,580.0,09:40,53.0
R017,9,乘客1644,乘客1644,791,pickup,42.0,09:31,4,09:35,585.0,09:45,14.0
R017,10,乘客1644,乘客1644,717,dropoff,17.0,09:52,3,09:55,600.0,10:00,8.0
R018,1,乘客1599,乘客1599,768,pickup,0.0,07:11,4,07:15,462.0,07:42,31.0
R018,2,乘客1603,乘客1603,771,pickup,9.0,07:24,2,07:26,490.0,08:10,46.0
R018,2,乘客1603,乘客1604,771,pickup,9.0,07:24,2,07:26,490.0,08:10,46.0
R018,3,乘客2033,乘客2033,979,pickup,9.0,07:35,5,07:40,495.0,08:15,40.0
R018,3,乘客2033,乘客2033跟車,979,pickup,9.0,07:35,5,07:40,495.0,08:15,40.0
R018,4,乘客1603,乘客1603,746,dropoff,9.0,07:49,2,07:51,510.0,08:30,41.0
R018,4,乘客1603,乘客1604,746,dropoff,9.0,07:49,2,07:51,510.0,08:30,41.0
R018,5,乘客1599,乘客1599,748,dropoff,11.0,08:02,3,08:05,525.0,08:45,43.0
R018,6,乘客2033,乘客2033,982,dropoff,37.0,08:42,4,08:46,525.0,08:45,3.0
R018,6,乘客2033,乘客2033跟車,982,dropoff,37.0,08:42,4,08:46,525.0,08:45,3.0
R018,7,乘客503,乘客503,263,pickup,60.0,09:46,5,09:51,545.0,09:05,0.0
R018,7,乘客503,乘客503跟車,263,pickup,60.0,09:46,5,09:51,545.0,09:05,0.0
R018,8,乘客503,乘客503,234,dropoff,8.0,09:59,4,10:03,630.0,10:30,31.0
R018,8,乘客503,乘客503跟車,234,dropoff,8.0,09:59,4,10:03,630.0,10:30,31.0
R019,1,乘客1750,乘客1750,836,pickup,0.0,07:08,1,07:09,445.0,07:25,17.0
R019,2,乘客870,乘客870,438,pickup,36.0,07:45,1,07:46,465.0,07:45,0.0
R019,3,乘客1750,乘客1750,236,dropoff,13.0,07:59,1,08:00,495.0,08:15,16.0
R019,4,乘客1755,乘客1755,839,pickup,6.0,08:06,5,08:11,520.0,08:40,34.0
R019,4,乘客1755,乘客1755跟車,839,pickup,6.0,08:06,5,08:11,520.0,08:40,34.0
R019,5,乘客870,乘客870,236,dropoff,6.0,08:17,1,08:18,525.0,08:45,28.0
R019,6,乘客1660,乘客1660,799,pickup,8.0,08:26,1,08:27,530.0,08:50,24.0
R019,7,乘客1756,乘客1756,392,pickup,22.0,08:49,1,08:50,545.0,09:05,16.0
R019,8,乘客1755,乘客1755,441,dropoff,21.0,09:11,4,09:15,560.0,09:20,9.0
R019,8,乘客1755,乘客1755跟車,441,dropoff,21.0,09:11,4,09:15,560.0,09:20,9.0
R019,9,乘客1756,乘客1756,394,dropoff,9.0,09:24,1,09:25,575.0,09:35,11.0
R019,10,乘客1660,乘客1660,201,dropoff,11.0,09:36,1,09:37,580.0,09:40,4.0
R020,1,乘客2002,乘客2002,958,pickup,0.0,07:36,1,07:37,460.0,07:40,4.0
R020,2,乘客2049,乘客2049,990,pickup,11.0,07:48,5,07:53,485.0,08:05,17.0
R020,2,乘客2049,乘客2049跟車,990,pickup,11.0,07:48,5,07:53,485.0,08:05,17.0
R020,3,乘客2050,乘客2050,991,pickup,15.0,08:08,4,08:12,505.0,08:25,17.0
R020,4,乘客2049,乘客2049,994,dropoff,13.0,08:25,4,08:29,530.0,08:50,25.0
R020,4,乘客2049,乘客2049跟車,994,dropoff,13.0,08:25,4,08:29,530.0,08:50,25.0
R020,5,乘客2050,乘客2050,271,dropoff,4.0,08:33,3,08:36,540.0,09:00,27.0
R020,6,乘客2002,乘客2002,201,dropoff,33.0,09:09,1,09:10,560.0,09:20,11.0
R020,7,乘客2051,乘客2051,992,pickup,17.0,09:27,5,09:32,575.0,09:35,8.0
R020,7,乘客2051,乘客2051跟車,992,pickup,17.0,09:27,5,09:32,575.0,09:35,8.0
R020,8,乘客2051,乘客2051,993,dropoff,19.0,09:51,4,09:55,590.0,09:50,0.0
R020,8,乘客2051,乘客2051跟車,993,dropoff,19.0,09:51,4,09:55,590.0,09:50,0.0
R021,1,乘客1024,乘客1024,506,pickup,0.0,06:51,1,06:52,420.0,07:00,9.0
R021,2,乘客1026,乘客1026,508,pickup,11.0,07:03,4,07:07,435.0,07:15,12.0
R021,3,乘客1026,乘客1026,470,dropoff,39.0,07:46,3,07:49,465.0,07:45,0.0
R021,4,乘客1024,乘客1024,665,dropoff,8.0,07:57,1,07:58,475.0,07:55,0.0
R021,5,乘客222,乘客222,142,pickup,21.0,08:19,4,08:23,480.0,08:00,0.0
R021,6,乘客223,乘客223,143,pickup,8.0,08:31,1,08:32,490.0,08:10,0.0
R021,7,乘客225,乘客225,145,pickup,15.0,08:47,4,08:51,510.0,08:30,0.0
R021,8,乘客222,乘客222,292,dropoff,11.0,09:02,7,09:09,580.0,09:40,38.0
R021,9,乘客223,乘客223,292,dropoff,11.0,09:02,7,09:09,580.0,09:40,38.0
R021,10,乘客225,乘客225,292,dropoff,11.0,09:02,7,09:09,580.0,09:40,38.0
R021,11,乘客1211,乘客1211,593,pickup,9.0,09:18,1,09:19,600.0,10:00,42.0
R021,12,乘客1211,乘客1211,202,dropoff,26.0,09:45,1,09:46,630.0,10:30,45.0
R022,1,乘客1375,乘客1375,668,pickup,0.0,06:46,1,06:47,425.0,07:05,19.0
R022,2,乘客1378,乘客1378,671,pickup,13.0,07:00,5,07:05,445.0,07:25,25.0
R022,2,乘客1378,乘客1378跟車,671,pickup,13.0,07:00,5,07:05,445.0,07:25,25.0
R022,3,乘客1381,乘客1381,673,pickup,9.0,07:14,5,07:19,460.0,07:40,26.0
R022,3,乘客1381,乘客1381跟車,673,pickup,9.0,07:14,5,07:19,460.0,07:40,26.0
R022,4,乘客819,乘客819,422,pickup,26.0,07:45,5,07:50,495.0,08:15,30.0
R022,4,乘客819,乘客819跟車,422,pickup,26.0,07:45,5,07:50,495.0,08:15,30.0
R022,5,乘客1375,乘客1375,138,dropoff,24.0,08:14,5,08:19,500.0,08:20,6.0
R022,6,乘客1378,乘客1378,138,dropoff,24.0,08:14,5,08:19,500.0,08:20,6.0
R022,6,乘客1378,乘客1378跟車,138,dropoff,24.0,08:14,5,08:19,500.0,08:20,6.0
R022,7,乘客1381,乘客1381,132,dropoff,0.0,08:19,4,08:23,500.0,08:20,1.0
R022,7,乘客1381,乘客1381跟車,132,dropoff,0.0,08:19,4,08:23,500.0,08:20,1.0
R022,8,乘客819,乘客819,1063,dropoff,21.0,08:44,4,08:48,535.0,08:55,11.0
R022,8,乘客819,乘客819跟車,1063,dropoff,21.0,08:44,4,08:48,535.0,08:55,11.0
R022,9,乘客1030,乘客1030,510,pickup,26.0,09:14,1,09:15,580.0,09:40,26.0
R022,10,乘客1030,乘客1030,866,dropoff,22.0,09:37,1,09:38,640.0,10:40,63.0
R023,1,乘客1494,乘客1494,714,pickup,0.0,07:34,5,07:39,465.0,07:45,11.0
R023,1,乘客1494,乘客1494跟車,714,pickup,0.0,07:34,5,07:39,465.0,07:45,11.0
R023,2,乘客2041,乘客2041,985,pickup,13.0,07:52,5,07:57,465.0,07:45,0.0
R023,2,乘客2041,乘客2041跟車,985,pickup,13.0,07:52,5,07:57,465.0,07:45,0.0
R023,3,乘客2042,乘客2042,986,pickup,32.0,08:29,2,08:31,515.0,08:35,6.0
R023,3,乘客2042,乘客2042跟車,986,pickup,32.0,08:29,2,08:31,515.0,08:35,6.0
R023,4,乘客1664,乘客1664,801,pickup,28.0,08:59,1,09:00,560.0,09:20,21.0
R023,5,乘客2042,乘客2042,420,dropoff,21.0,09:21,6,09:27,570.0,09:30,9.0
R023,5,乘客2042,乘客2042跟車,420,dropoff,21.0,09:21,6,09:27,570.0,09:30,9.0
R023,6,乘客1494,乘客1494,420,dropoff,21.0,09:21,6,09:27,580.0,09:40,19.0
R023,6,乘客1494,乘客1494跟車,420,dropoff,21.0,09:21,6,09:27,580.0,09:40,19.0
R023,7,乘客1664,乘客1664,201,dropoff,2.0,09:29,1,09:30,580.0,09:40,11.0
R023,8,乘客2041,乘客2041,987,dropoff,9.0,09:39,4,09:43,585.0,09:45,6.0
R023,8,乘客2041,乘客2041跟車,987,dropoff,9.0,09:39,4,09:43,585.0,09:45,6.0
R024,1,乘客1059,乘客1059,377,pickup,0.0,06:35,1,06:36,450.0,07:30,55.0
R024,2,乘客1060,乘客1060,522,pickup,15.0,06:51,1,06:52,475.0,07:55,64.0
R024,3,乘客1814,乘客1814,873,pickup,17.0,07:09,4,07:13,505.0,08:25,76.0
R024,4,乘客1062,乘客1062,524,pickup,11.0,07:24,1,07:25,510.0,08:30,66.0
R024,5,乘客1060,乘客1060,650,dropoff,9.0,07:34,2,07:36,525.0,08:45,71.0
R024,6,乘客1062,乘客1062,650,dropoff,9.0,07:34,2,07:36,525.0,08:45,71.0
R024,7,乘客1059,乘客1059,649,dropoff,8.0,07:44,1,07:45,530.0,08:50,66.0
R024,8,乘客1814,乘客1814,1123,dropoff,17.0,08:02,3,08:05,530.0,08:50,48.0
R024,9,乘客916,乘客916,464,pickup,15.0,08:20,1,08:21,530.0,08:50,30.0
R024,10,乘客916,乘客916,211,dropoff,6.0,08:27,1,08:28,540.0,09:00,33.0
R024,11,乘客1815,乘客1815,175,pickup,11.0,08:39,4,08:43,540.0,09:00,21.0
R024,12,乘客1704,乘客1704,811,pickup,11.0,08:54,1,08:55,550.0,09:10,16.0
R024,13,乘客1816,乘客1816,874,pickup,11.0,09:06,1,09:07,550.0,09:10,4.0
R024,14,乘客1704,乘客1704,812,dropoff,11.0,09:18,4,09:22,560.0,09:20,2.0
R024,15,乘客1815,乘客1815,812,dropoff,11.0,09:18,4,09:22,590.0,09:50,32.0
R024,16,乘客1816,乘客1816,211,dropoff,2.0,09:24,1,09:25,595.0,09:55,31.0
R025,1,乘客1217,乘客1217,594,pickup,0.0,06:19,1,06:20,420.0,07:00,41.0
R025,2,乘客1218,乘客1218,595,pickup,4.0,06:24,1,06:25,435.0,07:15,51.0
R025,3,乘客1807,乘客1807,870,pickup,8.0,06:33,1,06:34,445.0,07:25,52.0
R025,4,乘客1808,乘客1808,871,pickup,9.0,06:43,1,06:44,460.0,07:40,57.0
R025,5,乘客1217,乘客1217,601,dropoff,32.0,07:16,1,07:17,470.0,07:50,34.0
R025,6,乘客1218,乘客1218,600,dropoff,9.0,07:26,1,07:27,495.0,08:15,49.0
R025,7,乘客1807,乘客1807,138,dropoff,26.0,07:53,1,07:54,510.0,08:30,37.0
R025,8,乘客1808,乘客1808,131,dropoff,2.0,07:56,1,07:57,510.0,08:30,34.0
R025,9,乘客1219,乘客1219,596,pickup,31.0,08:28,1,08:29,520.0,08:40,12.0
R025,10,乘客628,乘客628,344,pickup,9.0,08:38,1,08:39,525.0,08:45,7.0
R025,11,乘客1220,乘客1220,597,pickup,6.0,08:45,1,08:46,530.0,08:50,5.0
R025,12,乘客1220,乘客1220,1095,dropoff,6.0,08:52,1,08:53,540.0,09:00,8.0
R025,13,乘客1219,乘客1219,622,dropoff,15.0,09:08,1,09:09,560.0,09:20,12.0
R025,14,乘客628,乘客628,346,dropoff,4.0,09:13,1,09:14,560.0,09:20,7.0
R026,1,乘客1806,乘客1806,869,pickup,0.0,07:05,1,07:06,425.0,07:05,0.0
R026,2,乘客1283,乘客1283,541,pickup,45.0,07:51,2,07:53,455.0,07:35,0.0
R026,2,乘客1283,乘客1283跟車,541,pickup,45.0,07:51,2,07:53,455.0,07:35,0.0
R026,3,乘客1298,乘客1298,639,pickup,17.0,08:10,1,08:11,480.0,08:00,0.0
R026,4,乘客1298,乘客1298,70,dropoff,9.0,08:20,1,08:21,500.0,08:20,0.0
R026,5,乘客1806,乘客1806,138,dropoff,4.0,08:25,1,08:26,510.0,08:30,5.0
R026,6,乘客1907,乘客1907,913,pickup,13.0,08:39,1,08:40,525.0,08:45,6.0
R026,7,乘客1907,乘客1907,41,dropoff,6.0,08:46,1,08:47,555.0,09:15,29.0
R026,8,乘客1283,乘客1283,31,dropoff,13.0,09:00,2,09:02,575.0,09:35,35.0
R026,8,乘客1283,乘客1283跟車,31,dropoff,13.0,09:00,2,09:02,575.0,09:35,35.0
R026,9,乘客1908,乘客1908,79,pickup,21.0,09:23,1,09:24,575.0,09:35,12.0
R026,10,乘客1909,乘客1909,92,pickup,15.0,09:39,1,09:40,585.0,09:45,6.0
R026,11,乘客1908,乘客1908,80,dropoff,9.0,09:49,1,09:50,610.0,10:10,21.0
R026,12,乘客1909,乘客1909,44,dropoff,9.0,09:59,1,10:00,615.0,10:15,16.0
R027,1,乘客1749,乘客1749,834,pickup,0.0,06:36,5,06:41,430.0,07:10,34.0
R027,1,乘客1749,乘客1749跟車,834,pickup,0.0,06:36,5,06:41,430.0,07:10,34.0
R027,2,乘客1752,乘客1752,838,pickup,21.0,07:02,1,07:03,470.0,07:50,48.0
R027,3,乘客407,乘客407,230,pickup,24.0,07:27,5,07:32,470.0,07:50,23.0
R027,3,乘客407,乘客407跟車,230,pickup,24.0,07:27,5,07:32,470.0,07:50,23.0
R027,4,乘客1749,乘客1749,236,dropoff,22.0,07:54,5,07:59,495.0,08:15,21.0
R027,4,乘客1749,乘客1749跟車,236,dropoff,22.0,07:54,5,07:59,495.0,08:15,21.0
R027,5,乘客1752,乘客1752,236,dropoff,22.0,07:54,5,07:59,495.0,08:15,21.0
R027,6,乘客1657,乘客1657,796,pickup,8.0,08:07,1,08:08,495.0,08:15,8.0
R027,7,乘客407,乘客407,236,dropoff,8.0,08:16,4,08:20,505.0,08:25,9.0
R027,7,乘客407,乘客407跟車,236,dropoff,8.0,08:16,4,08:20,505.0,08:25,9.0
R027,8,乘客1753,乘客1753,232,pickup,8.0,08:28,2,08:30,505.0,08:25,0.0
R027,9,乘客1754,乘客1754,232,pickup,8.0,08:28,2,08:30,505.0,08:25,0.0
R027,10,乘客1753,乘客1753,235,dropoff,4.0,08:34,1,08:35,510.0,08:30,0.0
R027,11,乘客428,乘客428,245,pickup,22.0,08:57,4,09:01,525.0,08:45,0.0
R027,12,乘客428,乘客428,420,dropoff,11.0,09:12,3,09:15,550.0,09:10,0.0
R027,13,乘客1657,乘客1657,201,dropoff,2.0,09:17,1,09:18,580.0,09:40,23.0
R027,14,乘客1754,乘客1754,202,dropoff,6.0,09:24,1,09:25,585.0,09:45,21.0
R028,1,乘客1931,乘客1931,923,pickup,0.0,06:27,1,06:28,390.0,06:30,3.0
R028,2,乘客1931,乘客1931,431,dropoff,63.0,07:31,1,07:32,450.0,07:30,0.0
R028,3,乘客214,乘客214,68,pickup,9.0,07:41,1,07:42,490.0,08:10,29.0
R028,4,乘客213,乘客213,136,pickup,17.0,07:59,1,08:00,490.0,08:10,11.0
R028,5,乘客215,乘客215,137,pickup,9.0,08:09,1,08:10,510.0,08:30,21.0
R028,6,乘客214,乘客214,31,dropoff,9.0,08:19,3,08:22,530.0,08:50,31.0
R028,7,乘客213,乘客213,31,dropoff,9.0,08:19,3,08:22,530.0,08:50,31.0
R028,8,乘客215,乘客215,31,dropoff,9.0,08:19,3,08:22,530.0,08:50,31.0
R028,9,乘客226,乘客226,146,pickup,19.0,08:41,1,08:42,540.0,09:00,19.0
R028,10,乘客227,乘客227,147,pickup,6.0,08:48,1,08:49,550.0,09:10,22.0
R028,11,乘客226,乘客226,521,dropoff,2.0,08:51,2,08:53,560.0,09:20,29.0
R028,12,乘客227,乘客227,521,dropoff,2.0,08:51,2,08:53,560.0,09:20,29.0
R028,13,乘客906,乘客906,456,pickup,4.0,08:57,1,08:58,570.0,09:30,33.0
R028,14,乘客2035,乘客2035,980,pickup,9.0,09:07,1,09:08,580.0,09:40,33.0
R028,15,乘客2035,乘客2035,521,dropoff,9.0,09:17,1,09:18,595.0,09:55,38.0
R028,16,乘客906,乘客906,458,dropoff,9.0,09:27,1,09:28,615.0,10:15,48.0
R029,1,乘客1268,乘客1268,623,pickup,0.0,06:58,1,06:59,455.0,07:35,37.0
R029,2,乘客1269,乘客1269,285,pickup,6.0,07:05,1,07:06,465.0,07:45,40.0
R029,3,乘客1270,乘客1270,624,pickup,6.0,07:12,1,07:13,475.0,07:55,43.0
R029,4,乘客2003,乘客2003,959,pickup,13.0,07:26,4,07:30,475.0,07:55,29.0
R029,5,乘客2004,乘客2004,960,pickup,2.0,07:32,1,07:33,510.0,08:30,58.0
R029,6,乘客1273,乘客1273,627,pickup,31.0,08:04,1,08:05,520.0,08:40,36.0
R029,7,乘客1268,乘客1268,304,dropoff,11.0,08:16,2,08:18,525.0,08:45,29.0
R029,8,乘客1269,乘客1269,304,dropoff,11.0,08:16,2,08:18,525.0,08:45,29.0
R029,9,乘客1270,乘客1270,394,dropoff,19.0,08:37,1,08:38,540.0,09:00,23.0
R029,10,乘客1273,乘客1273,201,dropoff,11.0,08:49,4,08:53,555.0,09:15,26.0
R029,11,乘客2003,乘客2003,201,dropoff,11.0,08:49,4,08:53,560.0,09:20,31.0
R029,12,乘客2004,乘客2004,202,dropoff,6.0,08:59,1,09:00,565.0,09:25,26.0
R029,13,乘客1274,乘客1274,628,pickup,17.0,09:17,5,09:22,570.0,09:30,13.0
R029,13,乘客1274,乘客1274跟車,628,pickup,17.0,09:17,5,09:22,570.0,09:30,13.0
R029,14,乘客1274,乘客1274,629,dropoff,17.0,09:39,4,09:43,585.0,09:45,6.0
R029,14,乘客1274,乘客1274跟車,629,dropoff,17.0,09:39,4,09:43,585.0,09:45,6.0
R030,1,乘客940,乘客940,471,pickup,0.0,07:05,1,07:06,425.0,07:05,0.0
R030,2,乘客717,乘客717,378,pickup,17.0,07:23,1,07:24,435.0,07:15,0.0
R030,3,乘客761,乘客761,398,pickup,11.0,07:35,4,07:39,450.0,07:30,0.0
R030,4,乘客762,乘客762,399,pickup,13.0,07:52,1,07:53,485.0,08:05,13.0
R030,5,乘客763,乘客763,400,pickup,9.0,08:02,1,08:03,495.0,08:15,13.0
R030,6,乘客764,乘客764,401,pickup,4.0,08:07,1,08:08,505.0,08:25,18.0
R030,7,乘客765,乘客765,402,pickup,4.0,08:12,2,08:14,515.0,08:35,23.0
R030,7,乘客765,乘客765跟車,402,pickup,4.0,08:12,2,08:14,515.0,08:35,23.0
R030,8,乘客940,乘客940,347,dropoff,17.0,08:31,1,08:32,535.0,08:55,24.0
R030,9,乘客717,乘客717,337,dropoff,8.0,08:40,8,08:48,540.0,09:00,20.0
R030,10,乘客761,乘客761,337,dropoff,8.0,08:40,8,08:48,540.0,09:00,20.0
R030,11,乘客762,乘客762,337,dropoff,8.0,08:40,8,08:48,540.0,09:00,20.0
R030,12,乘客764,乘客764,337,dropoff,8.0,08:40,8,08:48,540.0,09:00,20.0
R030,13,乘客765,乘客765,337,dropoff,8.0,08:40,8,08:48,540.0,09:00,20.0
R030,13,乘客765,乘客765跟車,337,dropoff,8.0,08:40,8,08:48,540.0,09:00,20.0
R030,14,乘客763,乘客763,346,dropoff,9.0,08:57,1,08:58,560.0,09:20,23.0
R030,15,乘客186,乘客186,123,pickup,13.0,09:11,2,09:13,560.0,09:20,9.0
R030,15,乘客186,乘客187,123,pickup,13.0,09:11,2,09:13,560.0,09:20,9.0
R030,16,乘客186,乘客186,387,dropoff,11.0,09:24,2,09:26,575.0,09:35,11.0
R030,16,乘客186,乘客187,387,dropoff,11.0,09:24,2,09:26,575.0,09:35,11.0
R030,17,乘客698,乘客698,373,pickup,21.0,09:47,1,09:48,600.0,10:00,13.0
R030,18,乘客698,乘客698,600,dropoff,15.0,10:03,1,10:04,625.0,10:25,22.0
R031,1,乘客1492,乘客1492,712,pickup,0.0,06:55,5,07:00,420.0,07:00,5.0
R031,1,乘客1492,乘客1492跟車,712,pickup,0.0,06:55,5,07:00,420.0,07:00,5.0
R031,2,乘客1493,乘客1493,713,pickup,8.0,07:08,4,07:12,435.0,07:15,7.0
R031,3,乘客1495,乘客1495,715,pickup,28.0,07:40,4,07:44,470.0,07:50,10.0
R031,4,乘客1493,乘客1493,749,dropoff,50.0,08:34,3,08:37,515.0,08:35,1.0
R031,5,乘客1492,乘客1492,600,dropoff,8.0,08:45,4,08:49,525.0,08:45,0.0
R031,5,乘客1492,乘客1492跟車,600,dropoff,8.0,08:45,4,08:49,525.0,08:45,0.0
R031,6,乘客1495,乘客1495,792,dropoff,22.0,09:11,3,09:14,550.0,09:10,0.0
R031,7,乘客1496,乘客1496,716,pickup,13.0,09:27,5,09:32,560.0,09:20,0.0
R031,7,乘客1496,乘客1496跟車,716,pickup,13.0,09:27,5,09:32,560.0,09:20,0.0
R031,8,乘客1496,乘客1496,420,dropoff,11.0,09:43,4,09:47,580.0,09:40,0.0
R031,8,乘客1496,乘客1496跟車,420,dropoff,11.0,09:43,4,09:47,580.0,09:40,0.0
R032,1,乘客1973,乘客1973,794,pickup,0.0,06:53,4,06:57,435.0,07:15,22.0
R032,2,乘客1988,乘客1988,955,pickup,22.0,07:19,1,07:20,480.0,08:00,41.0
R032,3,乘客1975,乘客1975,951,pickup,26.0,07:46,4,07:50,480.0,08:00,14.0
R032,4,乘客1977,乘客1977,952,pickup,21.0,08:11,5,08:16,515.0,08:35,24.0
R032,4,乘客1977,乘客1977跟車,952,pickup,21.0,08:11,5,08:16,515.0,08:35,24.0
R032,5,乘客1973,乘客1973,756,dropoff,4.0,08:20,3,08:23,525.0,08:45,25.0
R032,6,乘客1988,乘客1988,178,dropoff,21.0,08:44,1,08:45,540.0,09:00,16.0
R032,7,乘客1975,乘客1975,314,dropoff,17.0,09:02,7,09:09,550.0,09:10,8.0
R032,8,乘客1977,乘客1977,314,dropoff,17.0,09:02,7,09:09,550.0,09:10,8.0
R032,8,乘客1977,乘客1977跟車,314,dropoff,17.0,09:02,7,09:09,550.0,09:10,8.0
R032,9,乘客23,乘客23,38,pickup,21.0,09:30,1,09:31,550.0,09:10,0.0
R032,10,乘客23,乘客23,1008,dropoff,22.0,09:53,1,09:54,590.0,09:50,0.0
R033,1,乘客1798,乘客1798,861,pickup,0.0,06:56,1,06:57,430.0,07:10,14.0
R033,2,乘客1974,乘客1974,950,pickup,17.0,07:14,2,07:16,450.0,07:30,16.0
R033,2,乘客1974,乘客1974跟車,950,pickup,17.0,07:14,2,07:16,450.0,07:30,16.0
R033,3,乘客1798,乘客1798,868,dropoff,34.0,07:50,1,07:51,470.0,07:50,0.0
R033,4,乘客1778,乘客1778,849,pickup,26.0,08:17,5,08:22,495.0,08:15,0.0
R033,4,乘客1778,乘客1778跟車,849,pickup,26.0,08:17,5,08:22,495.0,08:15,0.0
R033,5,乘客1778,乘客1778,534,dropoff,15.0,08:37,4,08:41,530.0,08:50,13.0
R033,5,乘客1778,乘客1778跟車,534,dropoff,15.0,08:37,4,08:41,530.0,08:50,13.0
R033,6,乘客1974,乘客1974,314,dropoff,9.0,08:50,2,08:52,550.0,09:10,20.0
R033,6,乘客1974,乘客1974跟車,314,dropoff,9.0,08:50,2,08:52,550.0,09:10,20.0
R033,7,乘客1800,乘客1800,863,pickup,11.0,09:03,1,09:04,570.0,09:30,27.0
R033,8,乘客1801,乘客1801,864,pickup,9.0,09:13,4,09:17,580.0,09:40,27.0
R033,9,乘客1802,乘客1802,865,pickup,8.0,09:25,1,09:26,590.0,09:50,25.0
R033,10,乘客1800,乘客1800,201,dropoff,22.0,09:48,5,09:53,615.0,10:15,27.0
R033,11,乘客1801,乘客1801,201,dropoff,22.0,09:48,5,09:53,615.0,10:15,27.0
R033,12,乘客1802,乘客1802,201,dropoff,22.0,09:48,5,09:53,615.0,10:15,27.0
R034,1,乘客1475,乘客1475,704,pickup,0.0,06:53,1,06:54,430.0,07:10,17.0
R034,2,乘客1317,乘客1317,484,pickup,22.0,07:16,1,07:17,435.0,07:15,0.0
R034,3,乘客1317,乘客1317,376,dropoff,24.0,07:41,1,07:42,460.0,07:40,0.0
R034,4,乘客1475,乘客1475,707,dropoff,6.0,07:48,1,07:49,465.0,07:45,0.0
R034,5,乘客1476,乘客1476,705,pickup,15.0,08:04,4,08:08,480.0,08:00,0.0
R034,6,乘客1477,乘客1477,569,pickup,9.0,08:17,4,08:21,490.0,08:10,0.0
R034,7,乘客1478,乘客1478,706,pickup,17.0,08:38,5,08:43,520.0,08:40,2.0
R034,7,乘客1478,乘客1478跟車,706,pickup,17.0,08:38,5,08:43,520.0,08:40,2.0
R034,8,乘客1477,乘客1477,520,dropoff,9.0,08:52,3,08:55,535.0,08:55,3.0
R034,9,乘客1476,乘客1476,1109,dropoff,6.0,09:01,7,09:08,550.0,09:10,9.0
R034,10,乘客1478,乘客1478,1109,dropoff,6.0,09:01,7,09:08,550.0,09:10,9.0
R034,10,乘客1478,乘客1478跟車,1109,dropoff,6.0,09:01,7,09:08,550.0,09:10,9.0
R034,11,乘客1103,乘客1103,544,pickup,8.0,09:16,1,09:17,550.0,09:10,0.0
R034,12,乘客889,乘客889,447,pickup,17.0,09:34,1,09:35,550.0,09:10,0.0
R034,13,乘客1103,乘客1103,157,dropoff,13.0,09:48,2,09:50,610.0,10:10,22.0
R034,14,乘客889,乘客889,157,dropoff,13.0,09:48,2,09:50,620.0,10:20,32.0
R035,1,乘客1474,乘客1474,703,pickup,0.0,06:36,4,06:40,420.0,07:00,24.0
R035,2,乘客1416,乘客1416,682,pickup,21.0,07:01,1,07:02,460.0,07:40,39.0
R035,3,乘客1416,乘客1416,175,dropoff,15.0,07:17,1,07:18,485.0,08:05,48.0
R035,4,乘客1474,乘客1474,578,dropoff,15.0,07:33,3,07:36,510.0,08:30,57.0
R035,5,乘客1417,乘客1417,683,pickup,26.0,08:02,1,08:03,510.0,08:30,28.0
R035,6,乘客1063,乘客1063,524,pickup,13.0,08:16,1,08:17,510.0,08:30,14.0
R035,7,乘客1418,乘客1418,684,pickup,13.0,08:30,1,08:31,515.0,08:35,5.0
R035,8,乘客1417,乘客1417,521,dropoff,15.0,08:46,1,08:47,545.0,09:05,19.0
R035,9,乘客1063,乘客1063,1083,dropoff,6.0,08:53,1,08:54,545.0,09:05,12.0
R035,10,乘客1418,乘客1418,521,dropoff,6.0,09:00,1,09:01,545.0,09:05,5.0
R035,11,乘客928,乘客928,468,pickup,17.0,09:18,1,09:19,575.0,09:35,17.0
R035,12,乘客929,乘客929,469,pickup,4.0,09:23,4,09:27,600.0,10:00,37.0
R035,13,乘客928,乘客928,157,dropoff,4.0,09:31,4,09:35,610.0,10:10,39.0
R035,14,乘客929,乘客929,157,dropoff,4.0,09:31,4,09:35,610.0,10:10,39.0
R036,1,乘客1025,乘客1025,507,pickup,0.0,06:48,1,06:49,430.0,07:10,22.0
R036,2,乘客855,乘客855,433,pickup,15.0,07:04,1,07:05,445.0,07:25,21.0
R036,3,乘客308,乘客308,182,pickup,17.0,07:22,4,07:26,475.0,07:55,33.0
R036,4,乘客1025,乘客1025,1080,dropoff,26.0,07:52,1,07:53,485.0,08:05,13.0
R036,5,乘客994,乘客994,497,pickup,8.0,08:01,1,08:02,495.0,08:15,14.0
R036,6,乘客855,乘客855,288,dropoff,13.0,08:15,1,08:16,500.0,08:20,5.0
R036,7,乘客941,乘客941,405,pickup,6.0,08:22,3,08:25,500.0,08:20,0.0
R036,8,乘客942,乘客942,405,pickup,6.0,08:22,3,08:25,500.0,08:20,0.0
R036,9,乘客856,乘客856,405,pickup,6.0,08:22,3,08:25,510.0,08:30,8.0
R036,10,乘客308,乘客308,222,dropoff,6.0,08:31,3,08:34,520.0,08:40,9.0
R036,11,乘客994,乘客994,387,dropoff,9.0,08:43,2,08:45,525.0,08:45,2.0
R036,12,乘客941,乘客941,387,dropoff,9.0,08:43,2,08:45,530.0,08:50,7.0
R036,13,乘客856,乘客856,346,dropoff,8.0,08:53,1,08:54,555.0,09:15,22.0
R036,14,乘客944,乘客944,380,pickup,8.0,09:02,1,09:03,555.0,09:15,13.0
R036,15,乘客942,乘客942,476,dropoff,11.0,09:14,1,09:15,565.0,09:25,11.0
R036,16,乘客310,乘客310,184,pickup,9.0,09:24,3,09:27,570.0,09:30,6.0
R036,17,乘客311,乘客311,184,pickup,9.0,09:24,3,09:27,580.0,09:40,16.0
R036,17,乘客311,乘客312,184,pickup,9.0,09:24,3,09:27,580.0,09:40,16.0
R036,18,乘客310,乘客310,521,dropoff,8.0,09:35,3,09:38,595.0,09:55,20.0
R036,19,乘客311,乘客311,521,dropoff,8.0,09:35,3,09:38,595.0,09:55,20.0
R036,19,乘客311,乘客312,521,dropoff,8.0,09:35,3,09:38,595.0,09:55,20.0
R036,20,乘客944,乘客944,259,dropoff,8.0,09:46,1,09:47,615.0,10:15,29.0
R037,1,乘客1932,乘客1932,924,pickup,0.0,06:00,4,06:04,400.0,06:40,40.0
R037,2,乘客1349,乘客1349,654,pickup,9.0,06:13,4,06:17,420.0,07:00,47.0
R037,3,乘客1350,乘客1350,655,pickup,4.0,06:21,1,06:22,430.0,07:10,49.0
R037,4,乘客1932,乘客1932,930,dropoff,55.0,07:17,3,07:20,445.0,07:25,8.0
R037,5,乘客1349,乘客1349,947,dropoff,17.0,07:37,3,07:40,470.0,07:50,13.0
R037,6,乘客1182,乘客1182,580,pickup,9.0,07:49,4,07:53,470.0,07:50,1.0
R037,7,乘客1463,乘客1463,698,pickup,9.0,08:02,2,08:04,490.0,08:10,8.0
R037,7,乘客1463,乘客1463跟車,698,pickup,9.0,08:02,2,08:04,490.0,08:10,8.0
R037,8,乘客1350,乘客1350,948,dropoff,11.0,08:15,1,08:16,495.0,08:15,0.0
R037,9,乘客1352,乘客1352,657,pickup,6.0,08:22,1,08:23,500.0,08:20,0.0
R037,10,乘客1182,乘客1182,211,dropoff,8.0,08:31,3,08:34,540.0,09:00,29.0
R037,11,乘客1463,乘客1463,826,dropoff,6.0,08:40,2,08:42,570.0,09:30,50.0
R037,11,乘客1463,乘客1463跟車,826,dropoff,6.0,08:40,2,08:42,570.0,09:30,50.0
R037,12,乘客1354,乘客1354,659,pickup,9.0,08:51,4,08:55,575.0,09:35,44.0
R037,13,乘客1352,乘客1352,210,dropoff,4.0,08:59,4,09:03,590.0,09:50,51.0
R037,14,乘客1354,乘客1354,210,dropoff,4.0,08:59,4,09:03,590.0,09:50,51.0
R038,1,乘客1833,乘客1833,882,pickup,0.0,07:01,1,07:02,425.0,07:05,4.0
R038,2,乘客1833,乘客1833,880,dropoff,29.0,07:31,1,07:32,460.0,07:40,9.0
R038,3,乘客484,乘客484,272,pickup,21.0,07:53,4,07:57,480.0,08:00,7.0
R038,4,乘客486,乘客486,274,pickup,11.0,08:08,5,08:13,505.0,08:25,17.0
R038,4,乘客486,乘客486跟車,274,pickup,11.0,08:08,5,08:13,505.0,08:25,17.0
R038,5,乘客487,乘客487,275,pickup,9.0,08:22,4,08:26,525.0,08:45,23.0
R038,6,乘客1043,乘客1043,514,pickup,6.0,08:32,1,08:33,530.0,08:50,18.0
R038,7,乘客486,乘客486,277,dropoff,8.0,08:41,7,08:48,535.0,08:55,14.0
R038,7,乘客486,乘客486跟車,277,dropoff,8.0,08:41,7,08:48,535.0,08:55,14.0
R038,8,乘客487,乘客487,277,dropoff,8.0,08:41,7,08:48,535.0,08:55,14.0
R038,9,乘客488,乘客488,275,pickup,6.0,08:54,5,08:59,550.0,09:10,16.0
R038,9,乘客488,乘客488跟車,275,pickup,6.0,08:54,5,08:59,550.0,09:10,16.0
R038,10,乘客484,乘客484,191,dropoff,26.0,09:25,3,09:28,580.0,09:40,15.0
R038,11,乘客488,乘客488,276,dropoff,8.0,09:36,4,09:40,595.0,09:55,19.0
R038,11,乘客488,乘客488跟車,276,dropoff,8.0,09:36,4,09:40,595.0,09:55,19.0
R038,12,乘客1043,乘客1043,258,dropoff,13.0,09:53,1,09:54,630.0,10:30,37.0
R039,1,乘客608,乘客608,123,pickup,0.0,07:00,1,07:01,435.0,07:15,15.0
R039,2,乘客623,乘客623,339,pickup,13.0,07:14,1,07:15,445.0,07:25,11.0
R039,3,乘客624,乘客624,340,pickup,9.0,07:24,1,07:25,460.0,07:40,16.0
R039,4,乘客624,乘客624,222,dropoff,11.0,07:36,2,07:38,490.0,08:10,34.0
R039,5,乘客608,乘客608,222,dropoff,11.0,07:36,2,07:38,500.0,08:20,44.0
R039,6,乘客626,乘客626,342,pickup,9.0,07:47,1,07:48,500.0,08:20,33.0
R039,7,乘客627,乘客627,343,pickup,6.0,07:54,1,07:55,510.0,08:30,36.0
R039,8,乘客623,乘客623,221,dropoff,33.0,08:28,3,08:31,535.0,08:55,27.0
R039,9,乘客626,乘客626,221,dropoff,33.0,08:28,3,08:31,535.0,08:55,27.0
R039,10,乘客627,乘客627,221,dropoff,33.0,08:28,3,08:31,535.0,08:55,27.0
R039,11,乘客182,乘客182,121,pickup,11.0,08:42,2,08:44,535.0,08:55,13.0
R039,11,乘客182,乘客183,121,pickup,11.0,08:42,2,08:44,535.0,08:55,13.0
R039,12,乘客184,乘客184,122,pickup,8.0,08:52,5,08:57,550.0,09:10,18.0
R039,12,乘客184,乘客185,122,pickup,8.0,08:52,5,08:57,550.0,09:10,18.0
R039,13,乘客629,乘客629,345,pickup,17.0,09:14,1,09:15,555.0,09:15,1.0
R039,14,乘客182,乘客182,387,dropoff,11.0,09:26,7,09:33,575.0,09:35,9.0
R039,14,乘客182,乘客183,387,dropoff,11.0,09:26,7,09:33,575.0,09:35,9.0
R039,15,乘客184,乘客184,387,dropoff,11.0,09:26,7,09:33,575.0,09:35,9.0
R039,15,乘客184,乘客185,387,dropoff,11.0,09:26,7,09:33,575.0,09:35,9.0
R039,16,乘客629,乘客629,387,dropoff,11.0,09:26,7,09:33,575.0,09:35,9.0
R039,17,乘客1137,乘客1137,558,pickup,13.0,09:46,4,09:50,575.0,09:35,0.0
R039,18,乘客1137,乘客1137,559,dropoff,6.0,09:56,3,09:59,595.0,09:55,0.0
R040,1,乘客1787,乘客1787,854,pickup,0.0,07:10,1,07:11,455.0,07:35,25.0
R040,2,乘客1788,乘客1788,855,pickup,8.0,07:19,4,07:23,470.0,07:50,31.0
R040,3,乘客2055,乘客2055,995,pickup,13.0,07:36,1,07:37,495.0,08:15,39.0
R040,4,乘客2057,乘客2057,997,pickup,17.0,07:54,1,07:55,520.0,08:40,46.0
R040,5,乘客2057,乘客2057,1000,dropoff,9.0,08:04,1,08:05,530.0,08:50,46.0
R040,6,乘客1790,乘客1790,857,pickup,17.0,08:22,4,08:26,530.0,08:50,28.0
R040,7,乘客1788,乘客1788,748,dropoff,13.0,08:39,6,08:45,540.0,09:00,21.0
R040,8,乘客1790,乘客1790,748,dropoff,13.0,08:39,6,08:45,540.0,09:00,21.0
R040,9,乘客1787,乘客1787,784,dropoff,9.0,08:54,1,08:55,560.0,09:20,26.0
R040,10,乘客2055,乘客2055,1001,dropoff,21.0,09:16,1,09:17,565.0,09:25,9.0
R040,11,乘客1791,乘客1791,858,pickup,28.0,09:45,5,09:50,585.0,09:45,0.0
R040,11,乘客1791,乘客1791跟車,858,pickup,28.0,09:45,5,09:50,585.0,09:45,0.0
R040,12,乘客1791,乘客1791,860,dropoff,8.0,09:58,4,10:02,600.0,10:00,2.0
R040,12,乘客1791,乘客1791跟車,860,dropoff,8.0,09:58,4,10:02,600.0,10:00,2.0
R041,1,乘客1484,乘客1484,708,pickup,0.0,06:47,1,06:48,425.0,07:05,18.0
R041,2,乘客1181,乘客1181,579,pickup,22.0,07:10,1,07:11,430.0,07:10,0.0
R041,3,乘客1181,乘客1181,976,dropoff,31.0,07:42,1,07:43,460.0,07:40,0.0
R041,4,乘客1027,乘客1027,122,pickup,17.0,08:00,1,08:01,495.0,08:15,15.0
R041,5,乘客1484,乘客1484,386,dropoff,17.0,08:18,1,08:19,520.0,08:40,22.0
R041,6,乘客1027,乘客1027,975,dropoff,9.0,08:28,1,08:29,535.0,08:55,27.0
R041,7,乘客1118,乘客1118,550,pickup,28.0,08:57,1,08:58,540.0,09:00,3.0
R041,8,乘客1119,乘客1119,551,pickup,15.0,09:13,1,09:14,570.0,09:30,17.0
R041,9,乘客1120,乘客1120,552,pickup,11.0,09:25,1,09:26,585.0,09:45,20.0
R041,10,乘客1121,乘客1121,553,pickup,11.0,09:37,1,09:38,600.0,10:00,23.0
R041,11,乘客1118,乘客1118,850,dropoff,4.0,09:42,4,09:46,615.0,10:15,33.0
R041,12,乘客1119,乘客1119,850,dropoff,4.0,09:42,4,09:46,615.0,10:15,33.0
R041,13,乘客1120,乘客1120,850,dropoff,4.0,09:42,4,09:46,615.0,10:15,33.0
R041,14,乘客1121,乘客1121,850,dropoff,4.0,09:42,4,09:46,615.0,10:15,33.0
R042,1,乘客913,乘客913,461,pickup,0.0,06:51,4,06:55,425.0,07:05,14.0
R042,2,乘客913,乘客913,460,dropoff,19.0,07:14,3,07:17,455.0,07:35,21.0
R042,3,乘客914,乘客914,462,pickup,6.0,07:23,4,07:27,465.0,07:45,22.0
R042,4,乘客1183,乘客1183,581,pickup,11.0,07:38,4,07:42,485.0,08:05,27.0
R042,5,乘客915,乘客915,463,pickup,6.0,07:48,4,07:52,505.0,08:25,37.0
R042,6,乘客914,乘客914,211,dropoff,11.0,08:03,9,08:12,540.0,09:00,57.0
R042,7,乘客1183,乘客1183,211,dropoff,11.0,08:03,9,08:12,540.0,09:00,57.0
R042,8,乘客915,乘客915,211,dropoff,11.0,08:03,9,08:12,540.0,09:00,57.0
R042,9,乘客1016,乘客1016,504,pickup,8.0,08:20,1,08:21,540.0,09:00,40.0
R042,10,乘客1353,乘客1353,658,pickup,11.0,08:32,1,08:33,555.0,09:15,43.0
R042,11,乘客1016,乘客1016,211,dropoff,6.0,08:39,1,08:40,580.0,09:40,61.0
R042,12,乘客918,乘客918,324,pickup,11.0,08:51,1,08:52,585.0,09:45,54.0
R042,13,乘客1353,乘客1353,210,dropoff,15.0,09:07,1,09:08,590.0,09:50,43.0
R042,14,乘客919,乘客919,466,pickup,17.0,09:25,4,09:29,590.0,09:50,25.0
R042,15,乘客918,乘客918,191,dropoff,22.0,09:51,4,09:55,625.0,10:25,34.0
R042,16,乘客919,乘客919,191,dropoff,22.0,09:51,4,09:55,625.0,10:25,34.0
R043,1,乘客1558,乘客1558,750,pickup,0.0,07:03,1,07:04,430.0,07:10,7.0
R043,2,乘客1559,乘客1559,751,pickup,22.0,07:26,1,07:27,450.0,07:30,4.0
R043,3,乘客1558,乘客1558,201,dropoff,13.0,07:40,2,07:42,485.0,08:05,25.0
R043,4,乘客1559,乘客1559,201,dropoff,13.0,07:40,2,07:42,485.0,08:05,25.0
R043,5,乘客1561,乘客1561,753,pickup,8.0,07:50,4,07:54,500.0,08:20,30.0
R043,6,乘客1991,乘客1991,321,pickup,15.0,08:09,6,08:15,515.0,08:35,26.0
R043,6,乘客1991,乘客1991跟車,321,pickup,15.0,08:09,6,08:15,515.0,08:35,26.0
R043,6,乘客1991,乘客1991跟車,321,pickup,15.0,08:09,6,08:15,515.0,08:35,26.0
R043,7,乘客1991,乘客1991,540,dropoff,17.0,08:32,5,08:37,530.0,08:50,18.0
R043,7,乘客1991,乘客1991跟車,540,dropoff,17.0,08:32,5,08:37,530.0,08:50,18.0
R043,7,乘客1991,乘客1991跟車,540,dropoff,17.0,08:32,5,08:37,530.0,08:50,18.0
R043,8,乘客1562,乘客1562,754,pickup,19.0,08:56,1,08:57,535.0,08:55,0.0
R043,9,乘客1561,乘客1561,191,dropoff,6.0,09:03,3,09:06,550.0,09:10,7.0
R043,10,乘客1563,乘客1563,471,pickup,2.0,09:08,4,09:12,560.0,09:20,12.0
R043,11,乘客1562,乘客1562,158,dropoff,13.0,09:25,1,09:26,580.0,09:40,15.0
R043,12,乘客1563,乘客1563,61,dropoff,11.0,09:37,3,09:40,590.0,09:50,13.0
R043,13,乘客1564,乘客1564,755,pickup,6.0,09:46,4,09:50,600.0,10:00,14.0
R043,14,乘客1564,乘客1564,185,dropoff,11.0,10:01,3,10:04,615.0,10:15,14.0
R044,1,乘客178,乘客178,117,pickup,0.0,06:40,5,06:45,400.0,06:40,0.0
R044,1,乘客178,乘客178跟車,117,pickup,0.0,06:40,5,06:45,400.0,06:40,0.0
R044,2,乘客178,乘客178,116,dropoff,22.0,07:07,4,07:11,430.0,07:10,3.0
R044,2,乘客178,乘客178跟車,116,dropoff,22.0,07:07,4,07:11,430.0,07:10,3.0
R044,3,乘客1813,乘客1813,872,pickup,11.0,07:22,4,07:26,450.0,07:30,8.0
R044,4,乘客1813,乘客1813,179,dropoff,17.0,07:43,3,07:46,475.0,07:55,12.0
R044,5,乘客1351,乘客1351,656,pickup,8.0,07:54,4,07:58,480.0,08:00,6.0
R044,6,乘客1462,乘客1462,697,pickup,6.0,08:04,5,08:09,480.0,08:00,0.0
R044,6,乘客1462,乘客1462跟車,697,pickup,6.0,08:04,5,08:09,480.0,08:00,0.0
R044,7,乘客1464,乘客1464,699,pickup,9.0,08:18,5,08:23,500.0,08:20,2.0
R044,7,乘客1464,乘客1464跟車,699,pickup,9.0,08:18,5,08:23,500.0,08:20,2.0
R044,8,乘客1351,乘客1351,477,dropoff,13.0,08:36,3,08:39,515.0,08:35,0.0
R044,9,乘客1462,乘客1462,534,dropoff,13.0,08:52,8,09:00,535.0,08:55,3.0
R044,9,乘客1462,乘客1462跟車,534,dropoff,13.0,08:52,8,09:00,535.0,08:55,3.0
R044,10,乘客1464,乘客1464,534,dropoff,13.0,08:52,8,09:00,535.0,08:55,3.0
R044,10,乘客1464,乘客1464跟車,534,dropoff,13.0,08:52,8,09:00,535.0,08:55,3.0
R044,11,乘客945,乘客945,472,pickup,17.0,09:17,5,09:22,570.0,09:30,13.0
R044,11,乘客945,乘客946,472,pickup,17.0,09:17,5,09:22,570.0,09:30,13.0
R044,12,乘客947,乘客947,473,pickup,4.0,09:26,1,09:27,580.0,09:40,14.0
R044,13,乘客945,乘客945,259,dropoff,6.0,09:33,5,09:38,615.0,10:15,42.0
R044,13,乘客945,乘客946,259,dropoff,6.0,09:33,5,09:38,615.0,10:15,42.0
R044,14,乘客947,乘客947,259,dropoff,6.0,09:33,5,09:38,615.0,10:15,42.0
R045,1,乘客75,乘客75,72,pickup,0.0,06:42,5,06:47,420.0,07:00,18.0
R045,1,乘客75,乘客75跟車,72,pickup,0.0,06:42,5,06:47,420.0,07:00,18.0
R045,2,乘客53,乘客53,55,pickup,11.0,06:58,1,06:59,440.0,07:20,22.0
R045,3,乘客53,乘客53,1011,dropoff,19.0,07:18,1,07:19,485.0,08:05,47.0
R045,4,乘客75,乘客75,31,dropoff,8.0,07:27,4,07:31,510.0,08:30,63.0
R045,4,乘客75,乘客75跟車,31,dropoff,8.0,07:27,4,07:31,510.0,08:30,63.0
R045,5,乘客1835,乘客1835,883,pickup,24.0,07:55,2,07:57,520.0,08:40,45.0
R045,5,乘客1835,乘客1835跟車,883,pickup,24.0,07:55,2,07:57,520.0,08:40,45.0
R045,6,乘客1836,乘客1836,884,pickup,8.0,08:05,5,08:10,530.0,08:50,45.0
R045,6,乘客1836,乘客1836跟車,884,pickup,8.0,08:05,5,08:10,530.0,08:50,45.0
R045,7,乘客1837,乘客1837,885,pickup,6.0,08:16,5,08:21,535.0,08:55,39.0
R045,7,乘客1837,乘客1837跟車,885,pickup,6.0,08:16,5,08:21,535.0,08:55,39.0
R045,8,乘客1453,乘客1453,693,pickup,26.0,08:47,6,08:53,545.0,09:05,18.0
R045,8,乘客1453,乘客1453跟車,693,pickup,26.0,08:47,6,08:53,545.0,09:05,18.0
R045,8,乘客1453,乘客1453跟車,693,pickup,26.0,08:47,6,08:53,545.0,09:05,18.0
R045,9,乘客1835,乘客1835,70,dropoff,26.0,09:19,14,09:33,570.0,09:30,11.0
R045,9,乘客1835,乘客1835跟車,70,dropoff,26.0,09:19,14,09:33,570.0,09:30,11.0
R045,10,乘客1836,乘客1836,70,dropoff,26.0,09:19,14,09:33,570.0,09:30,11.0
R045,10,乘客1836,乘客1836跟車,70,dropoff,26.0,09:19,14,09:33,570.0,09:30,11.0
R045,11,乘客1837,乘客1837,70,dropoff,26.0,09:19,14,09:33,570.0,09:30,11.0
R045,11,乘客1837,乘客1837跟車,70,dropoff,26.0,09:19,14,09:33,570.0,09:30,11.0
R045,12,乘客1453,乘客1453,70,dropoff,26.0,09:19,14,09:33,570.0,09:30,11.0
R045,12,乘客1453,乘客1453跟車,70,dropoff,26.0,09:19,14,09:33,570.0,09:30,11.0
R045,12,乘客1453,乘客1453跟車,70,dropoff,26.0,09:19,14,09:33,570.0,09:30,11.0
R046,1,乘客275,乘客275,161,pickup,0.0,07:00,4,07:04,420.0,07:00,0.0
R046,2,乘客277,乘客277,163,pickup,15.0,07:19,4,07:23,445.0,07:25,6.0
R046,3,乘客277,乘客277,452,dropoff,19.0,07:42,3,07:45,465.0,07:45,3.0
R046,4,乘客275,乘客275,164,dropoff,9.0,07:54,3,07:57,475.0,07:55,1.0
R046,5,乘客278,乘客278,164,pickup,9.0,07:54,1,07:58,475.0,07:55,1.0
R046,6,乘客278,乘客278,359,dropoff,9.0,08:07,1,08:08,485.0,08:05,0.0
R046,7,乘客552,乘客552,306,pickup,9.0,08:17,5,08:22,515.0,08:35,18.0
R046,7,乘客552,乘客552跟車,306,pickup,9.0,08:17,5,08:22,515.0,08:35,18.0
R046,8,乘客676,乘客676,366,pickup,11.0,08:33,1,08:34,515.0,08:35,2.0
R046,9,乘客552,乘客552,160,dropoff,9.0,08:43,5,08:48,535.0,08:55,12.0
R046,9,乘客552,乘客552跟車,160,dropoff,9.0,08:43,5,08:48,535.0,08:55,12.0
R046,10,乘客676,乘客676,160,dropoff,9.0,08:43,5,08:48,535.0,08:55,12.0
R046,11,乘客279,乘客279,165,pickup,24.0,09:12,1,09:13,535.0,08:55,0.0
R046,12,乘客282,乘客282,168,pickup,15.0,09:28,4,09:32,565.0,09:25,0.0
R046,13,乘客279,乘客279,170,dropoff,9.0,09:41,1,09:42,585.0,09:45,4.0
R046,14,乘客282,乘客282,185,dropoff,15.0,09:57,3,10:00,615.0,10:15,18.0
R047,1,乘客1373,乘客1373,667,pickup,0.0,06:54,5,06:59,420.0,07:00,6.0
R047,1,乘客1373,乘客1374,667,pickup,0.0,06:54,5,06:59,420.0,07:00,6.0
R047,2,乘客2024,乘客2024,970,pickup,19.0,07:18,2,07:20,455.0,07:35,17.0
R047,2,乘客2024,乘客2024跟車,970,pickup,19.0,07:18,2,07:20,455.0,07:35,17.0
R047,3,乘客2025,乘客2025,971,pickup,4.0,07:24,1,07:25,460.0,07:40,16.0
R047,4,乘客2026,乘客2026,972,pickup,13.0,07:38,5,07:43,480.0,08:00,22.0
R047,4,乘客2026,乘客2026跟車,972,pickup,13.0,07:38,5,07:43,480.0,08:00,22.0
R047,5,乘客1373,乘客1373,131,dropoff,26.0,08:09,4,08:13,500.0,08:20,11.0
R047,5,乘客1373,乘客1374,131,dropoff,26.0,08:09,4,08:13,500.0,08:20,11.0
R047,6,乘客22,乘客22,37,pickup,11.0,08:24,1,08:25,505.0,08:25,1.0
R047,7,乘客2024,乘客2024,109,dropoff,9.0,08:34,2,08:36,525.0,08:45,11.0
R047,7,乘客2024,乘客2024跟車,109,dropoff,9.0,08:34,2,08:36,525.0,08:45,11.0
R047,8,乘客2025,乘客2025,70,dropoff,2.0,08:38,5,08:43,525.0,08:45,7.0
R047,9,乘客2026,乘客2026,70,dropoff,2.0,08:38,5,08:43,525.0,08:45,7.0
R047,9,乘客2026,乘客2026跟車,70,dropoff,2.0,08:38,5,08:43,525.0,08:45,7.0
R047,10,乘客22,乘客22,115,dropoff,13.0,08:56,1,08:57,535.0,08:55,0.0
R047,11,乘客2027,乘客2027,973,pickup,17.0,09:14,4,09:18,565.0,09:25,11.0
R047,12,乘客2028,乘客2028,974,pickup,13.0,09:31,1,09:32,580.0,09:40,9.0
R047,13,乘客2028,乘客2028,430,dropoff,6.0,09:38,1,09:39,590.0,09:50,12.0
R047,14,乘客2027,乘客2027,41,dropoff,15.0,09:54,3,09:57,605.0,10:05,11.0
R048,1,乘客1917,乘客1917,916,pickup,0.0,06:27,4,06:31,420.0,07:00,33.0
R048,2,乘客21,乘客21,36,pickup,6.0,06:37,1,06:38,460.0,07:40,63.0
R048,3,乘客1917,乘客1917,914,dropoff,29.0,07:07,3,07:10,465.0,07:45,38.0
R048,4,乘客21,乘客21,45,dropoff,24.0,07:34,1,07:35,480.0,08:00,26.0
R048,5,乘客485,乘客485,273,pickup,19.0,07:54,5,07:59,485.0,08:05,11.0
R048,5,乘客485,乘客485跟車,273,pickup,19.0,07:54,5,07:59,485.0,08:05,11.0
R048,6,乘客332,乘客332,193,pickup,9.0,08:08,2,08:10,495.0,08:15,7.0
R048,6,乘客332,乘客332跟車,193,pickup,9.0,08:08,2,08:10,495.0,08:15,7.0
R048,7,乘客592,乘客592,322,pickup,8.0,08:18,5,08:23,525.0,08:45,27.0
R048,7,乘客592,乘客592跟車,322,pickup,8.0,08:18,5,08:23,525.0,08:45,27.0
R048,8,乘客593,乘客593,323,pickup,6.0,08:29,5,08:34,535.0,08:55,26.0
R048,8,乘客593,乘客593跟車,323,pickup,6.0,08:29,5,08:34,535.0,08:55,26.0
R048,9,乘客450,乘客450,255,pickup,9.0,08:43,1,08:44,545.0,09:05,22.0
R048,10,乘客332,乘客332,578,dropoff,15.0,08:59,2,09:01,560.0,09:20,21.0
R048,10,乘客332,乘客332跟車,578,dropoff,15.0,08:59,2,09:01,560.0,09:20,21.0
R048,11,乘客485,乘客485,276,dropoff,6.0,09:07,12,09:19,595.0,09:55,48.0
R048,11,乘客485,乘客485跟車,276,dropoff,6.0,09:07,12,09:19,595.0,09:55,48.0
R048,12,乘客592,乘客592,276,dropoff,6.0,09:07,12,09:19,595.0,09:55,48.0
R048,12,乘客592,乘客592跟車,276,dropoff,6.0,09:07,12,09:19,595.0,09:55,48.0
R048,13,乘客593,乘客593,276,dropoff,6.0,09:07,12,09:19,595.0,09:55,48.0
R048,13,乘客593,乘客593跟車,276,dropoff,6.0,09:07,12,09:19,595.0,09:55,48.0
R048,14,乘客450,乘客450,374,dropoff,9.0,09:28,1,09:29,625.0,10:25,57.0
R049,1,乘客1851,乘客1851,220,pickup,0.0,07:00,4,07:04,420.0,07:00,0.0
R049,2,乘客1851,乘客1851,681,dropoff,36.0,07:40,3,07:43,465.0,07:45,5.0
R049,3,乘客612,乘客612,333,pickup,36.0,08:19,2,08:21,480.0,08:00,0.0
R049,3,乘客612,乘客612跟車,333,pickup,36.0,08:19,2,08:21,480.0,08:00,0.0
R049,4,乘客515,乘客515,290,pickup,11.0,08:32,2,08:34,500.0,08:20,0.0
R049,4,乘客515,乘客515跟車,290,pickup,11.0,08:32,2,08:34,500.0,08:20,0.0
R049,5,乘客612,乘客612,1047,dropoff,19.0,08:53,2,08:55,535.0,08:55,2.0
R049,5,乘客612,乘客612跟車,1047,dropoff,19.0,08:53,2,08:55,535.0,08:55,2.0
R049,6,乘客516,乘客516,291,pickup,11.0,09:06,8,09:14,535.0,08:55,0.0
R049,7,乘客517,乘客517,291,pickup,11.0,09:06,8,09:14,535.0,08:55,0.0
R049,7,乘客517,乘客517跟車,291,pickup,11.0,09:06,8,09:14,535.0,08:55,0.0
R049,8,乘客516,乘客516,909,dropoff,21.0,09:35,3,09:38,580.0,09:40,5.0
R049,9,乘客515,乘客515,276,dropoff,13.0,09:51,6,09:57,595.0,09:55,4.0
R049,9,乘客515,乘客515跟車,276,dropoff,13.0,09:51,6,09:57,595.0,09:55,4.0
R049,10,乘客517,乘客517,276,dropoff,13.0,09:51,6,09:57,595.0,09:55,4.0
R049,10,乘客517,乘客517跟車,276,dropoff,13.0,09:51,6,09:57,595.0,09:55,4.0
R050,1,乘客1430,乘客1430,685,pickup,0.0,06:42,5,06:47,420.0,07:00,18.0
R050,1,乘客1430,乘客1430跟車,685,pickup,0.0,06:42,5,06:47,420.0,07:00,18.0
R050,2,乘客161,乘客161,110,pickup,26.0,07:13,1,07:14,420.0,07:00,0.0
R050,3,乘客1430,乘客1430,59,dropoff,9.0,07:23,4,07:27,460.0,07:40,17.0
R050,3,乘客1430,乘客1430跟車,59,dropoff,9.0,07:23,4,07:27,460.0,07:40,17.0
R050,4,乘客1432,乘客1432,687,pickup,6.0,07:33,2,07:35,490.0,08:10,37.0
R050,4,乘客1432,乘客1432跟車,687,pickup,6.0,07:33,2,07:35,490.0,08:10,37.0
R050,5,乘客1432,乘客1432,33,dropoff,17.0,07:52,2,07:54,510.0,08:30,38.0
R050,5,乘客1432,乘客1432跟車,33,dropoff,17.0,07:52,2,07:54,510.0,08:30,38.0
R050,6,乘客161,乘客161,43,dropoff,22.0,08:16,1,08:17,530.0,08:50,34.0
R050,7,乘客1809,乘客1809,47,pickup,9.0,08:26,4,08:30,540.0,09:00,34.0
R050,8,乘客1433,乘客1433,687,pickup,29.0,08:59,4,09:03,560.0,09:20,21.0
R050,9,乘客1809,乘客1809,915,dropoff,19.0,09:22,3,09:25,580.0,09:40,18.0
R050,10,乘客1433,乘客1433,578,dropoff,15.0,09:40,3,09:43,585.0,09:45,5.0
R051,1,乘客1963,乘客1963,943,pickup,0.0,06:47,1,06:48,420.0,07:00,13.0
R051,2,乘客1964,乘客1964,944,pickup,9.0,06:57,1,06:58,435.0,07:15,18.0
R051,3,乘客1965,乘客1965,945,pickup,19.0,07:17,1,07:18,465.0,07:45,28.0
R051,4,乘客695,乘客695,370,pickup,29.0,07:47,4,07:51,485.0,08:05,18.0
R051,5,乘客695,乘客695,61,dropoff,13.0,08:04,6,08:10,500.0,08:20,16.0
R051,6,乘客1963,乘客1963,61,dropoff,13.0,08:04,6,08:10,510.0,08:30,26.0
R051,7,乘客1964,乘客1964,61,dropoff,13.0,08:04,6,08:10,510.0,08:30,26.0
R051,8,乘客1965,乘客1965,61,dropoff,13.0,08:04,6,08:10,510.0,08:30,26.0
R051,9,乘客1966,乘客1966,946,pickup,11.0,08:21,1,08:22,520.0,08:40,19.0
R051,10,乘客1967,乘客1967,914,pickup,15.0,08:37,2,08:39,530.0,08:50,13.0
R051,10,乘客1967,乘客1967跟車,914,pickup,15.0,08:37,2,08:39,530.0,08:50,13.0
R051,11,乘客925,乘客925,196,pickup,11.0,08:50,5,08:55,530.0,08:50,0.0
R051,11,乘客925,乘客925跟車,196,pickup,11.0,08:50,5,08:55,530.0,08:50,0.0
R051,12,乘客1966,乘客1966,600,dropoff,17.0,09:12,3,09:15,550.0,09:10,0.0
R051,13,乘客1967,乘客1967,600,dropoff,17.0,09:12,3,09:15,550.0,09:10,0.0
R051,13,乘客1967,乘客1967跟車,600,dropoff,17.0,09:12,3,09:15,550.0,09:10,0.0
R051,14,乘客925,乘客925,185,dropoff,17.0,09:32,4,09:36,630.0,10:30,58.0
R051,14,乘客925,乘客925跟車,185,dropoff,17.0,09:32,4,09:36,630.0,10:30,58.0
R052,1,乘客41,乘客41,47,pickup,0.0,06:46,4,06:50,420.0,07:00,14.0
R052,2,乘客42,乘客42,48,pickup,8.0,06:58,1,06:59,430.0,07:10,12.0
R052,3,乘客41,乘客41,901,dropoff,17.0,07:16,3,07:19,460.0,07:40,24.0
R052,4,乘客1431,乘客1431,686,pickup,17.0,07:36,1,07:37,465.0,07:45,9.0
R052,5,乘客43,乘客43,49,pickup,8.0,07:45,4,07:49,480.0,08:00,15.0
R052,6,乘客43,乘客43,133,dropoff,11.0,08:00,4,08:04,510.0,08:30,30.0
R052,7,乘客1431,乘客1431,133,dropoff,11.0,08:00,4,08:04,530.0,08:50,50.0
R052,8,乘客44,乘客44,50,pickup,11.0,08:15,1,08:16,530.0,08:50,35.0
R052,9,乘客1320,乘客1320,645,pickup,8.0,08:24,1,08:25,530.0,08:50,26.0
R052,10,乘客42,乘客42,53,dropoff,11.0,08:36,2,08:38,535.0,08:55,19.0
R052,11,乘客44,乘客44,53,dropoff,11.0,08:36,2,08:38,535.0,08:55,19.0
R052,12,乘客45,乘客45,51,pickup,15.0,08:53,5,08:58,580.0,09:40,47.0
R052,12,乘客45,乘客45跟車,51,pickup,15.0,08:53,5,08:58,580.0,09:40,47.0
R052,13,乘客46,乘客46,52,pickup,15.0,09:13,1,09:14,600.0,10:00,47.0
R052,14,乘客1320,乘客1320,31,dropoff,8.0,09:22,1,09:23,620.0,10:20,58.0
R052,15,乘客45,乘客45,42,dropoff,17.0,09:40,5,09:45,625.0,10:25,45.0
R052,15,乘客45,乘客45跟車,42,dropoff,17.0,09:40,5,09:45,625.0,10:25,45.0
R052,16,乘客46,乘客46,42,dropoff,17.0,09:40,5,09:45,625.0,10:25,45.0
R053,1,乘客212,乘客212,135,pickup,0.0,07:15,4,07:19,435.0,07:15,0.0
R053,2,乘客212,乘客212,1023,dropoff,32.0,07:51,3,07:54,470.0,07:50,0.0
R053,3,乘客64,乘客64,63,pickup,28.0,08:22,4,08:26,470.0,07:50,0.0
R053,4,乘客65,乘客65,64,pickup,9.0,08:35,1,08:36,480.0,08:00,0.0
R053,5,乘客66,乘客66,65,pickup,8.0,08:44,1,08:45,490.0,08:10,0.0
R053,6,乘客67,乘客67,66,pickup,13.0,08:58,1,08:59,530.0,08:50,0.0
R053,7,乘客68,乘客68,67,pickup,9.0,09:08,1,09:09,545.0,09:05,0.0
R053,8,乘客69,乘客69,68,pickup,13.0,09:22,1,09:23,565.0,09:25,3.0
R053,9,乘客70,乘客70,69,pickup,4.0,09:27,1,09:28,570.0,09:30,3.0
R053,10,乘客64,乘客64,32,dropoff,9.0,09:37,5,09:42,590.0,09:50,13.0
R053,11,乘客65,乘客65,32,dropoff,9.0,09:37,5,09:42,590.0,09:50,13.0
R053,12,乘客66,乘客66,32,dropoff,9.0,09:37,5,09:42,590.0,09:50,13.0
R053,13,乘客67,乘客67,31,dropoff,2.0,09:44,1,09:45,590.0,09:50,6.0
R053,14,乘客68,乘客68,32,dropoff,2.0,09:47,3,09:50,590.0,09:50,3.0
R053,15,乘客69,乘客69,32,dropoff,2.0,09:47,3,09:50,590.0,09:50,3.0
R053,16,乘客70,乘客70,32,dropoff,2.0,09:47,3,09:50,590.0,09:50,3.0
R054,1,乘客294,乘客294,174,pickup,0.0,07:14,4,07:18,435.0,07:15,1.0
R054,2,乘客294,乘客294,701,dropoff,13.0,07:31,3,07:34,460.0,07:40,9.0
R054,3,乘客297,乘客297,176,pickup,17.0,07:51,1,07:52,495.0,08:15,24.0
R054,4,乘客298,乘客298,177,pickup,17.0,08:09,5,08:14,510.0,08:30,21.0
R054,4,乘客298,乘客298跟車,177,pickup,17.0,08:09,5,08:14,510.0,08:30,21.0
R054,5,乘客297,乘客297,540,dropoff,6.0,08:20,5,08:25,525.0,08:45,25.0
R054,6,乘客298,乘客298,540,dropoff,6.0,08:20,5,08:25,525.0,08:45,25.0
R054,6,乘客298,乘客298跟車,540,dropoff,6.0,08:20,5,08:25,525.0,08:45,25.0
R054,7,乘客533,乘客533,299,pickup,19.0,08:44,5,08:49,530.0,08:50,6.0
R054,7,乘客533,乘客533跟車,299,pickup,19.0,08:44,5,08:49,530.0,08:50,6.0
R054,8,乘客533,乘客533,394,dropoff,13.0,09:02,4,09:06,550.0,09:10,8.0
R054,8,乘客533,乘客533跟車,394,dropoff,13.0,09:02,4,09:06,550.0,09:10,8.0
R054,9,乘客2043,乘客2043,961,pickup,15.0,09:21,4,09:25,555.0,09:15,0.0
R054,10,乘客2043,乘客2043,201,dropoff,11.0,09:36,3,09:39,575.0,09:35,0.0
R054,11,乘客409,乘客409,232,pickup,24.0,10:03,1,10:04,580.0,09:40,0.0
R054,12,乘客410,乘客410,233,pickup,8.0,10:12,2,10:14,600.0,10:00,0.0
R054,12,乘客410,乘客411,233,pickup,8.0,10:12,2,10:14,600.0,10:00,0.0
R054,13,乘客409,乘客409,237,dropoff,2.0,10:16,3,10:19,610.0,10:10,0.0
R054,14,乘客410,乘客410,237,dropoff,2.0,10:16,3,10:19,610.0,10:10,0.0
R054,14,乘客410,乘客411,237,dropoff,2.0,10:16,3,10:19,610.0,10:10,0.0
R055,1,乘客1011,乘客1011,501,pickup,0.0,07:05,4,07:09,425.0,07:05,0.0
R055,2,乘客1012,乘客1012,502,pickup,17.0,07:26,4,07:30,445.0,07:25,0.0
R055,3,乘客1013,乘客1013,157,pickup,9.0,07:39,7,07:46,470.0,07:50,11.0
R055,3,乘客1013,乘客1014,157,pickup,9.0,07:39,7,07:46,470.0,07:50,11.0
R055,4,乘客1012,乘客1012,139,dropoff,19.0,08:05,9,08:14,500.0,08:20,15.0
R055,5,乘客1013,乘客1013,139,dropoff,19.0,08:05,9,08:14,500.0,08:20,15.0
R055,5,乘客1013,乘客1014,139,dropoff,19.0,08:05,9,08:14,500.0,08:20,15.0
R055,6,乘客224,乘客224,144,pickup,9.0,08:23,1,08:24,500.0,08:20,0.0
R055,7,乘客1015,乘客1015,503,pickup,6.0,08:30,4,08:34,520.0,08:40,10.0
R055,8,乘客1011,乘客1011,211,dropoff,6.0,08:40,6,08:46,530.0,08:50,10.0
R055,9,乘客1015,乘客1015,211,dropoff,6.0,08:40,6,08:46,530.0,08:50,10.0
R055,10,乘客1017,乘客1017,505,pickup,2.0,08:48,7,08:55,550.0,09:10,22.0
R055,10,乘客1017,乘客1018,505,pickup,2.0,08:48,7,08:55,550.0,09:10,22.0
R055,11,乘客224,乘客224,292,dropoff,8.0,09:03,1,09:04,580.0,09:40,37.0
R055,12,乘客1017,乘客1017,211,dropoff,9.0,09:13,6,09:19,580.0,09:40,27.0
R055,12,乘客1017,乘客1018,211,dropoff,9.0,09:13,6,09:19,580.0,09:40,27.0
R056,1,乘客1207,乘客1207,590,pickup,0.0,07:04,2,07:06,435.0,07:15,11.0
R056,1,乘客1207,乘客1207跟車,590,pickup,0.0,07:04,2,07:06,435.0,07:15,11.0
R056,2,乘客1208,乘客1208,353,pickup,17.0,07:23,1,07:24,470.0,07:50,27.0
R056,3,乘客1163,乘客1163,571,pickup,21.0,07:45,1,07:46,470.0,07:50,5.0
R056,4,乘客1207,乘客1207,486,dropoff,15.0,08:01,3,08:04,495.0,08:15,14.0
R056,4,乘客1207,乘客1207跟車,486,dropoff,15.0,08:01,3,08:04,495.0,08:15,14.0
R056,5,乘客1208,乘客1208,486,dropoff,15.0,08:01,3,08:04,495.0,08:15,14.0
R056,6,乘客1080,乘客1080,533,pickup,17.0,08:21,4,08:25,520.0,08:40,19.0
R056,7,乘客1080,乘客1080,853,dropoff,19.0,08:44,3,08:47,545.0,09:05,21.0
R056,8,乘客1242,乘客1242,613,pickup,8.0,08:55,5,09:00,550.0,09:10,15.0
R056,8,乘客1242,乘客1242跟車,613,pickup,8.0,08:55,5,09:00,550.0,09:10,15.0
R056,9,乘客1242,乘客1242,615,dropoff,4.0,09:04,4,09:08,565.0,09:25,21.0
R056,9,乘客1242,乘客1242跟車,615,dropoff,4.0,09:04,4,09:08,565.0,09:25,21.0
R056,10,乘客1163,乘客1163,311,dropoff,2.0,09:10,1,09:11,590.0,09:50,40.0
R056,11,乘客555,乘客555,309,pickup,6.0,09:17,4,09:21,590.0,09:50,33.0
R056,12,乘客1031,乘客1031,511,pickup,6.0,09:27,4,09:31,600.0,10:00,33.0
R056,13,乘客555,乘客555,312,dropoff,9.0,09:40,3,09:43,630.0,10:30,50.0
R056,14,乘客1031,乘客1031,866,dropoff,17.0,10:00,3,10:03,640.0,10:40,40.0
R057,1,乘客2013,乘客2013,262,pickup,0.0,06:42,4,06:46,420.0,07:00,18.0
R057,2,乘客1545,乘客1545,740,pickup,33.0,07:19,4,07:23,480.0,08:00,41.0
R057,3,乘客1546,乘客1546,741,pickup,6.0,07:29,1,07:30,485.0,08:05,36.0
R057,4,乘客1547,乘客1547,742,pickup,6.0,07:36,7,07:43,495.0,08:15,39.0
R057,5,乘客1548,乘客1548,742,pickup,6.0,07:36,7,07:43,495.0,08:15,39.0
R057,6,乘客1549,乘客1549,743,pickup,6.0,07:49,1,07:50,510.0,08:30,41.0
R057,7,乘客1545,乘客1545,785,dropoff,6.0,07:56,3,07:59,515.0,08:35,39.0
R057,8,乘客2013,乘客2013,770,dropoff,22.0,08:21,3,08:24,520.0,08:40,19.0
R057,9,乘客1547,乘客1547,793,dropoff,9.0,08:33,4,08:37,540.0,09:00,27.0
R057,10,乘客1549,乘客1549,793,dropoff,9.0,08:33,4,08:37,540.0,09:00,27.0
R057,11,乘客1550,乘客1550,744,pickup,4.0,08:41,4,08:45,550.0,09:10,29.0
R057,12,乘客1546,乘客1546,764,dropoff,9.0,08:54,1,08:55,570.0,09:30,36.0
R057,13,乘客1551,乘客1551,745,pickup,11.0,09:06,1,09:07,585.0,09:45,39.0
R057,14,乘客1548,乘客1548,726,dropoff,15.0,09:22,7,09:29,610.0,10:10,48.0
R057,15,乘客1550,乘客1550,726,dropoff,15.0,09:22,7,09:29,610.0,10:10,48.0
R057,16,乘客1551,乘客1551,726,dropoff,15.0,09:22,7,09:29,610.0,10:10,48.0
R058,1,乘客1767,乘客1767,841,pickup,0.0,07:20,5,07:25,440.0,07:20,0.0
R058,1,乘客1767,乘客1767跟車,841,pickup,0.0,07:20,5,07:25,440.0,07:20,0.0
R058,2,乘客1768,乘客1768,842,pickup,44.0,08:09,2,08:11,480.0,08:00,0.0
R058,2,乘客1768,乘客1768跟車,842,pickup,44.0,08:09,2,08:11,480.0,08:00,0.0
R058,3,乘客1769,乘客1769,843,pickup,17.0,08:28,2,08:30,505.0,08:25,0.0
R058,3,乘客1769,乘客1769跟車,843,pickup,17.0,08:28,2,08:30,505.0,08:25,0.0
R058,4,乘客1767,乘客1767,314,dropoff,11.0,08:41,8,08:49,525.0,08:45,4.0
R058,4,乘客1767,乘客1767跟車,314,dropoff,11.0,08:41,8,08:49,525.0,08:45,4.0
R058,5,乘客1768,乘客1768,314,dropoff,11.0,08:41,8,08:49,525.0,08:45,4.0
R058,5,乘客1768,乘客1768跟車,314,dropoff,11.0,08:41,8,08:49,525.0,08:45,4.0
R058,6,乘客1769,乘客1769,314,dropoff,11.0,08:41,8,08:49,525.0,08:45,4.0
R058,6,乘客1769,乘客1769跟車,314,dropoff,11.0,08:41,8,08:49,525.0,08:45,4.0
R058,7,乘客1770,乘客1770,844,pickup,57.0,09:46,4,09:50,575.0,09:35,0.0
R058,8,乘客1771,乘客1771,845,pickup,6.0,09:56,4,10:00,585.0,09:45,0.0
R058,9,乘客1770,乘客1770,423,dropoff,6.0,10:06,6,10:12,605.0,10:05,0.0
R058,10,乘客1771,乘客1771,423,dropoff,6.0,10:06,6,10:12,605.0,10:05,0.0
R059,1,乘客1040,乘客1040,181,pickup,0.0,07:02,4,07:06,425.0,07:05,3.0
R059,2,乘客1040,乘客1040,116,dropoff,8.0,07:14,3,07:17,440.0,07:20,6.0
R059,3,乘客1041,乘客1041,513,pickup,13.0,07:30,4,07:34,460.0,07:40,10.0
R059,4,乘客1042,乘客1042,372,pickup,9.0,07:43,4,07:47,480.0,08:00,17.0
R059,5,乘客367,乘客367,215,pickup,15.0,08:02,1,08:03,495.0,08:15,13.0
R059,6,乘客1041,乘客1041,259,dropoff,9.0,08:12,3,08:15,505.0,08:25,13.0
R059,7,乘客1042,乘客1042,851,dropoff,6.0,08:21,3,08:24,515.0,08:35,14.0
R059,8,乘客367,乘客367,700,dropoff,9.0,08:33,1,08:34,535.0,08:55,22.0
R059,9,乘客1044,乘客1044,515,pickup,9.0,08:43,4,08:47,570.0,09:30,47.0
R059,10,乘客1045,乘客1045,516,pickup,29.0,09:16,4,09:20,595.0,09:55,39.0
R059,11,乘客1046,乘客1046,517,pickup,11.0,09:31,1,09:32,605.0,10:05,34.0
R059,12,乘客1047,乘客1047,518,pickup,6.0,09:38,2,09:40,615.0,10:15,37.0
R059,12,乘客1047,乘客1047跟車,518,pickup,6.0,09:38,2,09:40,615.0,10:15,37.0
R059,13,乘客1044,乘客1044,258,dropoff,17.0,09:57,9,10:06,630.0,10:30,33.0
R059,14,乘客1045,乘客1045,258,dropoff,17.0,09:57,9,10:06,630.0,10:30,33.0
R059,15,乘客1046,乘客1046,258,dropoff,17.0,09:57,9,10:06,630.0,10:30,33.0
R059,16,乘客1047,乘客1047,258,dropoff,17.0,09:57,9,10:06,630.0,10:30,33.0
R059,16,乘客1047,乘客1047跟車,258,dropoff,17.0,09:57,9,10:06,630.0,10:30,33.0
R060,1,乘客587,乘客587,318,pickup,0.0,06:52,5,06:57,425.0,07:05,13.0
R060,1,乘客587,乘客587跟車,318,pickup,0.0,06:52,5,06:57,425.0,07:05,13.0
R060,2,乘客386,乘客386,224,pickup,29.0,07:26,4,07:30,470.0,07:50,24.0
R060,3,乘客387,乘客387,225,pickup,6.0,07:36,4,07:40,480.0,08:00,24.0
R060,4,乘客696,乘客696,371,pickup,17.0,07:57,1,07:58,490.0,08:10,13.0
R060,5,乘客386,乘客386,1034,dropoff,8.0,08:06,3,08:09,495.0,08:15,9.0
R060,6,乘客587,乘客587,160,dropoff,11.0,08:20,4,08:24,505.0,08:25,5.0
R060,6,乘客587,乘客587跟車,160,dropoff,11.0,08:20,4,08:24,505.0,08:25,5.0
R060,7,乘客696,乘客696,546,dropoff,2.0,08:26,1,08:27,505.0,08:25,0.0
R060,8,乘客387,乘客387,160,dropoff,2.0,08:29,3,08:32,510.0,08:30,1.0
R060,9,乘客1702,乘客1702,809,pickup,11.0,08:43,1,08:44,515.0,08:35,0.0
R060,10,乘客1702,乘客1702,374,dropoff,6.0,08:50,1,08:51,530.0,08:50,0.0
R060,11,乘客388,乘客388,200,pickup,9.0,09:00,5,09:05,530.0,08:50,0.0
R060,11,乘客388,乘客388跟車,200,pickup,9.0,09:00,5,09:05,530.0,08:50,0.0
R060,12,乘客388,乘客388,540,dropoff,15.0,09:20,4,09:24,560.0,09:20,0.0
R060,12,乘客388,乘客388跟車,540,dropoff,15.0,09:20,4,09:24,560.0,09:20,0.0
R060,13,乘客391,乘客391,194,pickup,4.0,09:28,1,09:29,580.0,09:40,12.0
R060,14,乘客392,乘客392,228,pickup,6.0,09:35,4,09:39,590.0,09:50,15.0
R060,15,乘客391,乘客391,192,dropoff,13.0,09:52,4,09:56,605.0,10:05,13.0
R060,16,乘客392,乘客392,192,dropoff,13.0,09:52,4,09:56,605.0,10:05,13.0
R061,1,乘客1148,乘客1148,562,pickup,0.0,07:20,1,07:21,440.0,07:20,0.0
R061,2,乘客1149,乘客1149,563,pickup,17.0,07:38,5,07:43,460.0,07:40,2.0
R061,2,乘客1149,乘客1149跟車,563,pickup,17.0,07:38,5,07:43,460.0,07:40,2.0
R061,3,乘客1150,乘客1150,564,pickup,9.0,07:52,4,07:56,470.0,07:50,0.0
R061,4,乘客1152,乘客1152,566,pickup,11.0,08:07,5,08:12,505.0,08:25,18.0
R061,4,乘客1152,乘客1152跟車,566,pickup,11.0,08:07,5,08:12,505.0,08:25,18.0
R061,5,乘客1148,乘客1148,814,dropoff,6.0,08:18,1,08:19,515.0,08:35,17.0
R061,6,乘客1149,乘客1149,314,dropoff,21.0,08:40,11,08:51,555.0,09:15,35.0
R061,6,乘客1149,乘客1149跟車,314,dropoff,21.0,08:40,11,08:51,555.0,09:15,35.0
R061,7,乘客1150,乘客1150,314,dropoff,21.0,08:40,11,08:51,555.0,09:15,35.0
R061,8,乘客1152,乘客1152,314,dropoff,21.0,08:40,11,08:51,555.0,09:15,35.0
R061,8,乘客1152,乘客1152跟車,314,dropoff,21.0,08:40,11,08:51,555.0,09:15,35.0
R061,9,乘客805,乘客805,418,pickup,17.0,09:08,5,09:13,555.0,09:15,7.0
R061,9,乘客805,乘客805跟車,418,pickup,17.0,09:08,5,09:13,555.0,09:15,7.0
R061,10,乘客806,乘客806,247,pickup,6.0,09:19,5,09:24,560.0,09:20,1.0
R061,10,乘客806,乘客806跟車,247,pickup,6.0,09:19,5,09:24,560.0,09:20,1.0
R061,11,乘客805,乘客805,314,dropoff,19.0,09:43,8,09:51,590.0,09:50,7.0
R061,11,乘客805,乘客805跟車,314,dropoff,19.0,09:43,8,09:51,590.0,09:50,7.0
R061,12,乘客806,乘客806,314,dropoff,19.0,09:43,8,09:51,590.0,09:50,7.0
R061,12,乘客806,乘客806跟車,314,dropoff,19.0,09:43,8,09:51,590.0,09:50,7.0
R061,13,乘客556,乘客556,310,pickup,8.0,09:59,1,10:00,600.0,10:00,1.0
R061,14,乘客556,乘客556,312,dropoff,9.0,10:09,1,10:10,630.0,10:30,21.0
R062,1,乘客1039,乘客1039,512,pickup,0.0,06:41,4,06:45,410.0,06:50,9.0
R062,2,乘客1039,乘客1039,116,dropoff,13.0,06:58,3,07:01,440.0,07:20,22.0
R062,3,乘客1161,乘客1161,570,pickup,21.0,07:22,4,07:26,460.0,07:40,18.0
R062,4,乘客200,乘客200,126,pickup,11.0,07:37,4,07:41,495.0,08:15,38.0
R062,5,乘客201,乘客201,127,pickup,6.0,07:47,1,07:48,505.0,08:25,38.0
R062,6,乘客202,乘客202,128,pickup,2.0,07:50,2,07:52,510.0,08:30,40.0
R062,6,乘客202,乘客202跟車,128,pickup,2.0,07:50,2,07:52,510.0,08:30,40.0
R062,7,乘客203,乘客203,129,pickup,4.0,07:56,2,07:58,520.0,08:40,44.0
R062,7,乘客203,乘客203跟車,129,pickup,4.0,07:56,2,07:58,520.0,08:40,44.0
R062,8,乘客1161,乘客1161,621,dropoff,17.0,08:15,3,08:18,545.0,09:05,50.0
R062,9,乘客201,乘客201,133,dropoff,17.0,08:35,1,08:36,545.0,09:05,30.0
R062,10,乘客204,乘客204,130,pickup,24.0,09:00,5,09:05,570.0,09:30,30.0
R062,10,乘客204,乘客204跟車,130,pickup,24.0,09:00,5,09:05,570.0,09:30,30.0
R062,11,乘客202,乘客202,132,dropoff,13.0,09:18,2,09:20,585.0,09:45,27.0
R062,11,乘客202,乘客202跟車,132,dropoff,13.0,09:18,2,09:20,585.0,09:45,27.0
R062,12,乘客203,乘客203,131,dropoff,2.0,09:22,2,09:24,585.0,09:45,23.0
R062,12,乘客203,乘客203跟車,131,dropoff,2.0,09:22,2,09:24,585.0,09:45,23.0
R062,13,乘客200,乘客200,90,dropoff,9.0,09:33,3,09:36,595.0,09:55,22.0
R062,14,乘客204,乘客204,102,dropoff,2.0,09:38,4,09:42,600.0,10:00,22.0
R062,14,乘客204,乘客204跟車,102,dropoff,2.0,09:38,4,09:42,600.0,10:00,22.0
R063,1,乘客622,乘客622,338,pickup,0.0,06:35,1,06:36,440.0,07:20,45.0
R063,2,乘客610,乘客610,331,pickup,9.0,06:45,2,06:47,460.0,07:40,55.0
R063,3,乘客609,乘客609,331,pickup,9.0,06:45,2,06:47,460.0,07:40,55.0
R063,4,乘客611,乘客611,332,pickup,9.0,06:56,1,06:57,470.0,07:50,54.0
R063,5,乘客613,乘客613,334,pickup,6.0,07:03,2,07:05,485.0,08:05,62.0
R063,5,乘客613,乘客614,334,pickup,6.0,07:03,2,07:05,485.0,08:05,62.0
R063,6,乘客622,乘客622,222,dropoff,13.0,07:18,2,07:20,490.0,08:10,52.0
R063,7,乘客610,乘客610,222,dropoff,13.0,07:18,2,07:20,500.0,08:20,62.0
R063,8,乘客609,乘客609,221,dropoff,31.0,07:51,4,07:55,505.0,08:25,34.0
R063,9,乘客611,乘客611,221,dropoff,31.0,07:51,4,07:55,505.0,08:25,34.0
R063,10,乘客613,乘客613,221,dropoff,31.0,07:51,4,07:55,505.0,08:25,34.0
R063,10,乘客613,乘客614,221,dropoff,31.0,07:51,4,07:55,505.0,08:25,34.0
R063,11,乘客1028,乘客1028,509,pickup,13.0,08:08,1,08:09,505.0,08:25,17.0
R063,12,乘客943,乘客943,332,pickup,17.0,08:26,1,08:27,515.0,08:35,9.0
R063,13,乘客1028,乘客1028,62,dropoff,6.0,08:33,1,08:34,520.0,08:40,7.0
R063,14,乘客943,乘客943,347,dropoff,8.0,08:42,1,08:43,535.0,08:55,13.0
R063,15,乘客615,乘客615,335,pickup,15.0,08:58,1,08:59,550.0,09:10,12.0
R063,16,乘客309,乘客309,183,pickup,2.0,09:01,4,09:05,555.0,09:15,14.0
R063,17,乘客616,乘客616,336,pickup,8.0,09:13,1,09:14,565.0,09:25,12.0
R063,18,乘客615,乘客615,600,dropoff,9.0,09:23,1,09:24,580.0,09:40,17.0
R063,19,乘客309,乘客309,277,dropoff,4.0,09:28,3,09:31,580.0,09:40,12.0
R063,20,乘客616,乘客616,600,dropoff,4.0,09:35,1,09:36,580.0,09:40,5.0
R064,1,乘客2023,乘客2023,969,pickup,0.0,06:58,5,07:03,430.0,07:10,12.0
R064,1,乘客2023,乘客2023跟車,969,pickup,0.0,06:58,5,07:03,430.0,07:10,12.0
R064,2,乘客331,乘客331,143,pickup,19.0,07:22,1,07:23,465.0,07:45,23.0
R064,3,乘客331,乘客331,180,dropoff,11.0,07:34,1,07:35,480.0,08:00,26.0
R064,4,乘客2023,乘客2023,141,dropoff,6.0,07:41,4,07:45,495.0,08:15,34.0
R064,4,乘客2023,乘客2023跟車,141,dropoff,6.0,07:41,4,07:45,495.0,08:15,34.0
R064,5,乘客1184,乘客1184,582,pickup,17.0,08:02,1,08:03,505.0,08:25,23.0
R064,6,乘客336,乘客336,187,pickup,15.0,08:18,1,08:19,525.0,08:45,27.0
R064,7,乘客1184,乘客1184,211,dropoff,13.0,08:32,1,08:33,540.0,09:00,28.0
R064,8,乘客336,乘客336,158,dropoff,19.0,08:52,1,08:53,545.0,09:05,13.0
R064,9,乘客339,乘客339,197,pickup,13.0,09:06,4,09:10,580.0,09:40,34.0
R064,10,乘客340,乘客340,198,pickup,2.0,09:12,4,09:16,585.0,09:45,33.0
R064,11,乘客341,乘客341,199,pickup,4.0,09:20,1,09:21,590.0,09:50,30.0
R064,12,乘客342,乘客342,200,pickup,9.0,09:30,2,09:32,600.0,10:00,30.0
R064,12,乘客342,乘客342跟車,200,pickup,9.0,09:30,2,09:32,600.0,10:00,30.0
R064,13,乘客339,乘客339,327,dropoff,11.0,09:43,6,09:49,615.0,10:15,32.0
R064,14,乘客341,乘客341,327,dropoff,11.0,09:43,6,09:49,615.0,10:15,32.0
R064,15,乘客342,乘客342,327,dropoff,11.0,09:43,6,09:49,615.0,10:15,32.0
R064,15,乘客342,乘客342跟車,327,dropoff,11.0,09:43,6,09:49,615.0,10:15,32.0
R064,16,乘客340,乘客340,577,dropoff,9.0,09:58,3,10:01,635.0,10:35,37.0
R065,1,乘客959,乘客959,478,pickup,0.0,07:01,4,07:05,430.0,07:10,9.0
R065,2,乘客960,乘客960,479,pickup,6.0,07:11,5,07:16,440.0,07:20,9.0
R065,2,乘客960,乘客960跟車,479,pickup,6.0,07:11,5,07:16,440.0,07:20,9.0
R065,3,乘客961,乘客961,480,pickup,6.0,07:22,2,07:24,445.0,07:25,3.0
R065,3,乘客961,乘客961跟車,480,pickup,6.0,07:22,2,07:24,445.0,07:25,3.0
R065,4,乘客962,乘客962,481,pickup,11.0,07:35,1,07:36,455.0,07:35,0.0
R065,5,乘客694,乘客694,369,pickup,17.0,07:53,1,07:54,465.0,07:45,0.0
R065,6,乘客959,乘客959,160,dropoff,11.0,08:05,7,08:12,500.0,08:20,15.0
R065,7,乘客960,乘客960,160,dropoff,11.0,08:05,7,08:12,500.0,08:20,15.0
R065,7,乘客960,乘客960跟車,160,dropoff,11.0,08:05,7,08:12,500.0,08:20,15.0
R065,8,乘客961,乘客961,1076,dropoff,2.0,08:14,2,08:16,500.0,08:20,6.0
R065,8,乘客961,乘客961跟車,1076,dropoff,2.0,08:14,2,08:16,500.0,08:20,6.0
R065,9,乘客962,乘客962,160,dropoff,2.0,08:18,2,08:20,500.0,08:20,2.0
R065,10,乘客694,乘客694,160,dropoff,2.0,08:18,2,08:20,505.0,08:25,7.0
R065,11,乘客333,乘客333,194,pickup,19.0,08:39,1,08:40,505.0,08:25,0.0
R065,12,乘客964,乘客964,483,pickup,9.0,08:49,1,08:50,540.0,09:00,11.0
R065,13,乘客965,乘客965,484,pickup,13.0,09:03,1,09:04,555.0,09:15,12.0
R065,14,乘客333,乘客333,577,dropoff,8.0,09:12,1,09:13,560.0,09:20,8.0
R065,15,乘客964,乘客964,191,dropoff,11.0,09:24,2,09:26,565.0,09:25,1.0
R065,16,乘客965,乘客965,191,dropoff,11.0,09:24,2,09:26,565.0,09:25,1.0
R065,17,乘客1261,乘客1261,619,pickup,13.0,09:39,1,09:40,565.0,09:25,0.0
R065,18,乘客1261,乘客1261,621,dropoff,13.0,09:53,1,09:54,595.0,09:55,2.0
R066,1,乘客1088,乘客1088,535,pickup,0.0,06:55,1,06:56,415.0,06:55,0.0
R066,2,乘客1089,乘客1089,536,pickup,19.0,07:15,4,07:19,435.0,07:15,0.0
R066,3,乘客1088,乘客1088,348,dropoff,22.0,07:41,1,07:42,480.0,08:00,19.0
R066,4,乘客1164,乘客1164,572,pickup,19.0,08:01,1,08:02,480.0,08:00,0.0
R066,5,乘客1090,乘客1090,537,pickup,8.0,08:10,6,08:16,500.0,08:20,10.0
R066,5,乘客1090,乘客1090跟車,537,pickup,8.0,08:10,6,08:16,500.0,08:20,10.0
R066,5,乘客1090,乘客1090跟車,537,pickup,8.0,08:10,6,08:16,500.0,08:20,10.0
R066,6,乘客1089,乘客1089,212,dropoff,9.0,08:25,3,08:28,520.0,08:40,15.0
R066,7,乘客1091,乘客1091,538,pickup,4.0,08:32,4,08:36,530.0,08:50,18.0
R066,8,乘客1092,乘客1092,539,pickup,13.0,08:49,5,08:54,540.0,09:00,11.0
R066,8,乘客1092,乘客1092跟車,539,pickup,13.0,08:49,5,08:54,540.0,09:00,11.0
R066,9,乘客1090,乘客1090,540,dropoff,19.0,09:13,12,09:25,570.0,09:30,17.0
R066,9,乘客1090,乘客1090跟車,540,dropoff,19.0,09:13,12,09:25,570.0,09:30,17.0
R066,9,乘客1090,乘客1090跟車,540,dropoff,19.0,09:13,12,09:25,570.0,09:30,17.0
R066,10,乘客1091,乘客1091,540,dropoff,19.0,09:13,12,09:25,570.0,09:30,17.0
R066,11,乘客1092,乘客1092,540,dropoff,19.0,09:13,12,09:25,570.0,09:30,17.0
R066,11,乘客1092,乘客1092跟車,540,dropoff,19.0,09:13,12,09:25,570.0,09:30,17.0
R066,12,乘客390,乘客390,227,pickup,6.0,09:31,1,09:32,575.0,09:35,4.0
R066,13,乘客1164,乘客1164,311,dropoff,4.0,09:36,1,09:37,590.0,09:50,14.0
R066,14,乘客390,乘客390,158,dropoff,17.0,09:54,1,09:55,610.0,10:10,16.0
R067,1,乘客1933,乘客1933,925,pickup,0.0,07:23,5,07:28,465.0,07:45,22.0
R067,1,乘客1933,乘客1933跟車,925,pickup,0.0,07:23,5,07:28,465.0,07:45,22.0
R067,2,乘客1934,乘客1934,926,pickup,24.0,07:52,6,07:58,500.0,08:20,28.0
R067,2,乘客1934,乘客1934跟車,926,pickup,24.0,07:52,6,07:58,500.0,08:20,28.0
R067,2,乘客1934,乘客1934跟車,926,pickup,24.0,07:52,6,07:58,500.0,08:20,28.0
R067,3,乘客1935,乘客1935,927,pickup,24.0,08:22,1,08:23,520.0,08:40,18.0
R067,4,乘客1933,乘客1933,276,dropoff,6.0,08:29,9,08:38,535.0,08:55,26.0
R067,4,乘客1933,乘客1933跟車,276,dropoff,6.0,08:29,9,08:38,535.0,08:55,26.0
R067,5,乘客1934,乘客1934,276,dropoff,6.0,08:29,9,08:38,535.0,08:55,26.0
R067,5,乘客1934,乘客1934跟車,276,dropoff,6.0,08:29,9,08:38,535.0,08:55,26.0
R067,5,乘客1934,乘客1934跟車,276,dropoff,6.0,08:29,9,08:38,535.0,08:55,26.0
R067,6,乘客1935,乘客1935,359,dropoff,6.0,08:44,1,08:45,545.0,09:05,21.0
R067,7,乘客1936,乘客1936,928,pickup,2.0,08:47,2,08:49,550.0,09:10,23.0
R067,8,乘客1937,乘客1937,928,pickup,2.0,08:47,2,08:49,550.0,09:10,23.0
R067,9,乘客553,乘客553,307,pickup,11.0,09:00,1,09:01,555.0,09:15,15.0
R067,10,乘客890,乘客890,448,pickup,6.0,09:07,1,09:08,560.0,09:20,13.0
R067,11,乘客1936,乘客1936,1136,dropoff,17.0,09:25,1,09:26,570.0,09:30,5.0
R067,12,乘客1937,乘客1937,1137,dropoff,8.0,09:34,1,09:35,570.0,09:30,0.0
R067,13,乘客1106,乘客1106,155,pickup,9.0,09:44,4,09:48,600.0,10:00,16.0
R067,14,乘客1106,乘客1106,157,dropoff,6.0,09:54,4,09:58,610.0,10:10,16.0
R067,15,乘客890,乘客890,157,dropoff,6.0,09:54,4,09:58,620.0,10:20,26.0
R067,16,乘客553,乘客553,312,dropoff,21.0,10:19,1,10:20,630.0,10:30,11.0
R068,1,乘客365,乘客365,213,pickup,0.0,07:08,4,07:12,435.0,07:15,7.0
R068,2,乘客365,乘客365,293,dropoff,17.0,07:29,3,07:32,460.0,07:40,11.0
R068,3,乘客366,乘客366,214,pickup,9.0,07:41,1,07:42,470.0,07:50,9.0
R068,4,乘客366,乘客366,278,dropoff,6.0,07:48,1,07:49,480.0,08:00,12.0
R068,5,乘客1799,乘客1799,862,pickup,19.0,08:08,1,08:09,480.0,08:00,0.0
R068,6,乘客368,乘客368,216,pickup,15.0,08:24,1,08:25,505.0,08:25,1.0
R068,7,乘客368,乘客368,259,dropoff,9.0,08:34,1,08:35,515.0,08:35,1.0
R068,8,乘客369,乘客369,217,pickup,2.0,08:37,1,08:38,515.0,08:35,0.0
R068,9,乘客1799,乘客1799,547,dropoff,6.0,08:44,1,08:45,520.0,08:40,0.0
R068,10,乘客371,乘客371,219,pickup,9.0,08:54,3,08:57,570.0,09:30,36.0
R068,10,乘客371,乘客372,219,pickup,9.0,08:54,3,08:57,570.0,09:30,36.0
R068,10,乘客371,乘客372跟車,219,pickup,9.0,08:54,3,08:57,570.0,09:30,36.0
R068,11,乘客369,乘客369,346,dropoff,13.0,09:10,4,09:14,590.0,09:50,40.0
R068,12,乘客371,乘客371,346,dropoff,13.0,09:10,4,09:14,590.0,09:50,40.0
R068,12,乘客371,乘客372,346,dropoff,13.0,09:10,4,09:14,590.0,09:50,40.0
R068,12,乘客371,乘客372跟車,346,dropoff,13.0,09:10,4,09:14,590.0,09:50,40.0
R068,13,乘客948,乘客948,474,pickup,11.0,09:25,1,09:26,590.0,09:50,25.0
R068,14,乘客949,乘客949,475,pickup,8.0,09:34,7,09:41,600.0,10:00,26.0
R068,14,乘客949,乘客950,475,pickup,8.0,09:34,7,09:41,600.0,10:00,26.0
R068,15,乘客948,乘客948,259,dropoff,9.0,09:50,7,09:57,615.0,10:15,25.0
R068,16,乘客949,乘客949,259,dropoff,9.0,09:50,7,09:57,615.0,10:15,25.0
R068,16,乘客949,乘客950,259,dropoff,9.0,09:50,7,09:57,615.0,10:15,25.0
R069,1,乘客1945,乘客1945,931,pickup,0.0,07:10,4,07:14,430.0,07:10,0.0
R069,2,乘客1945,乘客1945,61,dropoff,34.0,07:48,3,07:51,470.0,07:50,2.0
R069,3,乘客1061,乘客1061,523,pickup,22.0,08:13,1,08:14,495.0,08:15,2.0
R069,4,乘客1061,乘客1061,649,dropoff,9.0,08:23,1,08:24,530.0,08:50,27.0
R069,5,乘客1947,乘客1947,933,pickup,32.0,08:56,1,08:57,530.0,08:50,0.0
R069,6,乘客1948,乘客1948,934,pickup,9.0,09:06,2,09:08,540.0,09:00,0.0
R069,6,乘客1948,乘客1948跟車,934,pickup,9.0,09:06,2,09:08,540.0,09:00,0.0
R069,7,乘客1950,乘客1950,936,pickup,6.0,09:14,4,09:18,550.0,09:10,0.0
R069,8,乘客1949,乘客1949,935,pickup,2.0,09:20,1,09:21,550.0,09:10,0.0
R069,9,乘客1951,乘客1951,937,pickup,8.0,09:29,1,09:30,565.0,09:25,0.0
R069,10,乘客1950,乘客1950,125,dropoff,2.0,09:32,3,09:35,580.0,09:40,8.0
R069,11,乘客1947,乘客1947,77,dropoff,24.0,09:59,5,10:04,610.0,10:10,11.0
R069,12,乘客1948,乘客1948,77,dropoff,24.0,09:59,5,10:04,610.0,10:10,11.0
R069,12,乘客1948,乘客1948跟車,77,dropoff,24.0,09:59,5,10:04,610.0,10:10,11.0
R069,13,乘客1949,乘客1949,77,dropoff,24.0,09:59,5,10:04,610.0,10:10,11.0
R069,14,乘客1951,乘客1951,77,dropoff,24.0,09:59,5,10:04,610.0,10:10,11.0
R070,1,乘客465,乘客465,260,pickup,0.0,06:57,1,06:58,420.0,07:00,3.0
R070,2,乘客467,乘客467,262,pickup,13.0,07:11,4,07:15,470.0,07:50,39.0
R070,3,乘客468,乘客468,263,pickup,8.0,07:23,5,07:28,485.0,08:05,42.0
R070,3,乘客468,乘客469,263,pickup,8.0,07:23,5,07:28,485.0,08:05,42.0
R070,4,乘客471,乘客471,265,pickup,15.0,07:43,1,07:44,515.0,08:35,52.0
R070,5,乘客465,乘客465,236,dropoff,17.0,08:01,2,08:03,535.0,08:55,54.0
R070,6,乘客471,乘客471,236,dropoff,17.0,08:01,2,08:03,535.0,08:55,54.0
R070,7,乘客467,乘客467,235,dropoff,4.0,08:07,3,08:10,545.0,09:05,58.0
R070,8,乘客468,乘客468,270,dropoff,8.0,08:18,4,08:22,555.0,09:15,57.0
R070,8,乘客468,乘客469,270,dropoff,8.0,08:18,4,08:22,555.0,09:15,57.0
R070,9,乘客472,乘客472,266,pickup,17.0,08:39,1,08:40,575.0,09:35,56.0
R070,10,乘客472,乘客472,234,dropoff,8.0,08:48,1,08:49,580.0,09:40,52.0
R070,11,乘客473,乘客473,262,pickup,0.0,08:49,8,08:57,580.0,09:40,51.0
R070,11,乘客473,乘客474,262,pickup,0.0,08:49,8,08:57,580.0,09:40,51.0
R070,11,乘客473,乘客475,262,pickup,0.0,08:49,8,08:57,580.0,09:40,51.0
R070,12,乘客476,乘客476,267,pickup,28.0,09:25,4,09:29,615.0,10:15,50.0
R070,13,乘客473,乘客473,423,dropoff,11.0,09:40,10,09:50,630.0,10:30,50.0
R070,13,乘客473,乘客474,423,dropoff,11.0,09:40,10,09:50,630.0,10:30,50.0
R070,13,乘客473,乘客475,423,dropoff,11.0,09:40,10,09:50,630.0,10:30,50.0
R070,14,乘客476,乘客476,423,dropoff,11.0,09:40,10,09:50,630.0,10:30,50.0
R071,1,乘客1618,乘客1618,774,pickup,0.0,06:51,1,06:52,420.0,07:00,9.0
R071,2,乘客1618,乘客1618,1115,dropoff,4.0,06:56,1,06:57,425.0,07:05,9.0
R071,3,乘客1620,乘客1620,776,pickup,17.0,07:14,4,07:18,460.0,07:40,26.0
R071,4,乘客1580,乘客1580,757,pickup,9.0,07:27,1,07:28,465.0,07:45,18.0
R071,5,乘客1621,乘客1621,777,pickup,8.0,07:36,4,07:40,470.0,07:50,14.0
R071,6,乘客1622,乘客1622,778,pickup,4.0,07:44,1,07:45,475.0,07:55,11.0
R071,7,乘客1623,乘客1623,779,pickup,6.0,07:51,1,07:52,480.0,08:00,9.0
R071,8,乘客1624,乘客1624,780,pickup,4.0,07:56,1,07:57,490.0,08:10,14.0
R071,9,乘客1625,乘客1625,781,pickup,6.0,08:03,4,08:07,515.0,08:35,32.0
R071,10,乘客1580,乘客1580,727,dropoff,24.0,08:31,13,08:44,530.0,08:50,19.0
R071,11,乘客1620,乘客1620,727,dropoff,24.0,08:31,13,08:44,550.0,09:10,39.0
R071,12,乘客1621,乘客1621,727,dropoff,24.0,08:31,13,08:44,550.0,09:10,39.0
R071,13,乘客1622,乘客1622,727,dropoff,24.0,08:31,13,08:44,550.0,09:10,39.0
R071,14,乘客1623,乘客1623,727,dropoff,24.0,08:31,13,08:44,550.0,09:10,39.0
R071,15,乘客1624,乘客1624,727,dropoff,24.0,08:31,13,08:44,550.0,09:10,39.0
R071,16,乘客1625,乘客1625,727,dropoff,24.0,08:31,13,08:44,550.0,09:10,39.0
R071,17,乘客1626,乘客1626,782,pickup,8.0,08:52,4,08:56,570.0,09:30,38.0
R071,18,乘客1627,乘客1627,783,pickup,2.0,08:58,1,08:59,575.0,09:35,37.0
R071,19,乘客1627,乘客1627,725,dropoff,15.0,09:14,1,09:15,590.0,09:50,36.0
R071,20,乘客1626,乘客1626,728,dropoff,17.0,09:32,3,09:35,605.0,10:05,33.0
R072,1,乘客883,乘客883,442,pickup,0.0,06:57,4,07:01,420.0,07:00,3.0
R072,2,乘客884,乘客884,443,pickup,4.0,07:05,2,07:07,425.0,07:05,0.0
R072,2,乘客884,乘客885,443,pickup,4.0,07:05,2,07:07,425.0,07:05,0.0
R072,3,乘客886,乘客886,444,pickup,17.0,07:24,1,07:25,450.0,07:30,6.0
R072,4,乘客883,乘客883,160,dropoff,13.0,07:38,5,07:43,485.0,08:05,27.0
R072,5,乘客884,乘客884,160,dropoff,13.0,07:38,5,07:43,485.0,08:05,27.0
R072,5,乘客884,乘客885,160,dropoff,13.0,07:38,5,07:43,485.0,08:05,27.0
R072,6,乘客886,乘客886,61,dropoff,2.0,07:45,1,07:46,490.0,08:10,25.0
R072,7,乘客319,乘客319,186,pickup,11.0,07:57,2,07:59,490.0,08:10,13.0
R072,7,乘客319,乘客320,186,pickup,11.0,07:57,2,07:59,490.0,08:10,13.0
R072,8,乘客321,乘客321,187,pickup,15.0,08:14,1,08:15,505.0,08:25,11.0
R072,9,乘客322,乘客322,188,pickup,6.0,08:21,1,08:22,525.0,08:45,24.0
R072,10,乘客323,乘客323,189,pickup,4.0,08:26,4,08:30,530.0,08:50,24.0
R072,11,乘客319,乘客319,584,dropoff,9.0,08:39,7,08:46,540.0,09:00,21.0
R072,11,乘客319,乘客320,584,dropoff,9.0,08:39,7,08:46,540.0,09:00,21.0
R072,12,乘客321,乘客321,584,dropoff,9.0,08:39,7,08:46,540.0,09:00,21.0
R072,13,乘客322,乘客322,584,dropoff,9.0,08:39,7,08:46,540.0,09:00,21.0
R072,14,乘客323,乘客323,584,dropoff,9.0,08:39,7,08:46,540.0,09:00,21.0
R072,15,乘客926,乘客926,190,pickup,4.0,08:50,6,08:56,540.0,09:00,10.0
R072,15,乘客926,乘客926跟車,190,pickup,4.0,08:50,6,08:56,540.0,09:00,10.0
R072,16,乘客324,乘客324,190,pickup,4.0,08:50,6,08:56,545.0,09:05,15.0
R072,17,乘客927,乘客927,467,pickup,9.0,09:05,4,09:09,555.0,09:15,10.0
R072,18,乘客324,乘客324,374,dropoff,13.0,09:22,1,09:23,565.0,09:25,3.0
R072,19,乘客926,乘客926,185,dropoff,9.0,09:32,7,09:39,630.0,10:30,58.0
R072,19,乘客926,乘客926跟車,185,dropoff,9.0,09:32,7,09:39,630.0,10:30,58.0
R072,20,乘客927,乘客927,185,dropoff,9.0,09:32,7,09:39,630.0,10:30,58.0
R073,1,乘客1359,乘客1359,377,pickup,0.0,06:31,5,06:36,420.0,07:00,29.0
R073,1,乘客1359,乘客1359跟車,377,pickup,0.0,06:31,5,06:36,420.0,07:00,29.0
R073,2,乘客1360,乘客1360,662,pickup,19.0,06:55,4,06:59,445.0,07:25,30.0
R073,3,乘客1361,乘客1361,663,pickup,9.0,07:08,4,07:12,455.0,07:35,27.0
R073,4,乘客1362,乘客1362,664,pickup,19.0,07:31,2,07:33,490.0,08:10,39.0
R073,4,乘客1362,乘客1362跟車,664,pickup,19.0,07:31,2,07:33,490.0,08:10,39.0
R073,5,乘客55,乘客55,57,pickup,4.0,07:37,1,07:38,510.0,08:30,53.0
R073,6,乘客1359,乘客1359,90,dropoff,15.0,07:53,10,08:03,515.0,08:35,42.0
R073,6,乘客1359,乘客1359跟車,90,dropoff,15.0,07:53,10,08:03,515.0,08:35,42.0
R073,7,乘客1360,乘客1360,90,dropoff,15.0,07:53,10,08:03,515.0,08:35,42.0
R073,8,乘客1361,乘客1361,90,dropoff,15.0,07:53,10,08:03,515.0,08:35,42.0
R073,9,乘客1362,乘客1362,77,dropoff,11.0,08:14,2,08:16,550.0,09:10,56.0
R073,9,乘客1362,乘客1362跟車,77,dropoff,11.0,08:14,2,08:16,550.0,09:10,56.0
R073,10,乘客1363,乘客1363,77,pickup,11.0,08:14,1,08:17,550.0,09:10,56.0
R073,11,乘客1364,乘客1364,78,pickup,2.0,08:19,1,08:20,550.0,09:10,51.0
R073,12,乘客55,乘客55,58,dropoff,32.0,08:52,1,08:53,555.0,09:15,23.0
R073,13,乘客24,乘客24,39,pickup,6.0,08:59,1,09:00,585.0,09:45,46.0
R073,14,乘客25,乘客25,40,pickup,6.0,09:06,1,09:07,600.0,10:00,54.0
R073,15,乘客1363,乘客1363,58,dropoff,4.0,09:11,1,09:12,610.0,10:10,59.0
R073,16,乘客24,乘客24,34,dropoff,9.0,09:21,2,09:23,615.0,10:15,54.0
R073,17,乘客25,乘客25,34,dropoff,9.0,09:21,2,09:23,615.0,10:15,54.0
R073,18,乘客1364,乘客1364,53,dropoff,11.0,09:34,1,09:35,620.0,10:20,46.0
R074,1,乘客869,乘客869,437,pickup,0.0,06:55,1,06:56,440.0,07:20,25.0
R074,2,乘客903,乘客903,454,pickup,9.0,07:05,5,07:10,475.0,07:55,50.0
R074,2,乘客903,乘客903跟車,454,pickup,9.0,07:05,5,07:10,475.0,07:55,50.0
R074,3,乘客904,乘客904,182,pickup,9.0,07:19,5,07:24,495.0,08:15,56.0
R074,3,乘客904,乘客904跟車,182,pickup,9.0,07:19,5,07:24,495.0,08:15,56.0
R074,4,乘客905,乘客905,455,pickup,8.0,07:32,4,07:36,505.0,08:25,53.0
R074,5,乘客903,乘客903,314,dropoff,11.0,07:47,11,07:58,520.0,08:40,53.0
R074,5,乘客903,乘客903跟車,314,dropoff,11.0,07:47,11,07:58,520.0,08:40,53.0
R074,6,乘客904,乘客904,314,dropoff,11.0,07:47,11,07:58,520.0,08:40,53.0
R074,6,乘客904,乘客904跟車,314,dropoff,11.0,07:47,11,07:58,520.0,08:40,53.0
R074,7,乘客905,乘客905,314,dropoff,11.0,07:47,11,07:58,520.0,08:40,53.0
R074,8,乘客869,乘客869,236,dropoff,34.0,08:32,1,08:33,525.0,08:45,13.0
R074,9,乘客804,乘客804,417,pickup,28.0,09:01,5,09:06,535.0,08:55,0.0
R074,9,乘客804,乘客804跟車,417,pickup,28.0,09:01,5,09:06,535.0,08:55,0.0
R074,10,乘客807,乘客807,419,pickup,11.0,09:17,5,09:22,575.0,09:35,18.0
R074,10,乘客807,乘客807跟車,419,pickup,11.0,09:17,5,09:22,575.0,09:35,18.0
R074,11,乘客804,乘客804,314,dropoff,21.0,09:43,8,09:51,590.0,09:50,7.0
R074,11,乘客804,乘客804跟車,314,dropoff,21.0,09:43,8,09:51,590.0,09:50,7.0
R074,12,乘客807,乘客807,314,dropoff,21.0,09:43,8,09:51,590.0,09:50,7.0
R074,12,乘客807,乘客807跟車,314,dropoff,21.0,09:43,8,09:51,590.0,09:50,7.0
R075,1,乘客1450,乘客1450,690,pickup,0.0,06:55,1,06:56,435.0,07:15,20.0
R075,2,乘客1451,乘客1451,691,pickup,9.0,07:05,1,07:06,465.0,07:45,40.0
R075,3,乘客1452,乘客1452,692,pickup,9.0,07:15,2,07:17,475.0,07:55,40.0
R075,3,乘客1452,乘客1452跟車,692,pickup,9.0,07:15,2,07:17,475.0,07:55,40.0
R075,4,乘客1116,乘客1116,548,pickup,9.0,07:26,4,07:30,490.0,08:10,44.0
R075,5,乘客1116,乘客1116,975,dropoff,17.0,07:47,3,07:50,505.0,08:25,38.0
R075,6,乘客1450,乘客1450,138,dropoff,33.0,08:23,2,08:25,520.0,08:40,17.0
R075,7,乘客1451,乘客1451,138,dropoff,33.0,08:23,2,08:25,520.0,08:40,17.0
R075,8,乘客1452,乘客1452,132,dropoff,0.0,08:25,2,08:27,520.0,08:40,15.0
R075,8,乘客1452,乘客1452跟車,132,dropoff,0.0,08:25,2,08:27,520.0,08:40,15.0
R075,9,乘客83,乘客83,77,pickup,6.0,08:33,1,08:34,540.0,09:00,27.0
R075,10,乘客1300,乘客1300,641,pickup,9.0,08:43,6,08:49,545.0,09:05,22.0
R075,10,乘客1300,乘客1300跟車,641,pickup,9.0,08:43,6,08:49,545.0,09:05,22.0
R075,10,乘客1300,乘客1300跟車,641,pickup,9.0,08:43,6,08:49,545.0,09:05,22.0
R075,11,乘客1824,乘客1824,878,pickup,8.0,08:57,5,09:02,560.0,09:20,23.0
R075,11,乘客1824,乘客1824跟車,878,pickup,8.0,08:57,5,09:02,560.0,09:20,23.0
R075,12,乘客1300,乘客1300,41,dropoff,15.0,09:17,5,09:22,570.0,09:30,13.0
R075,12,乘客1300,乘客1300跟車,41,dropoff,15.0,09:17,5,09:22,570.0,09:30,13.0
R075,12,乘客1300,乘客1300跟車,41,dropoff,15.0,09:17,5,09:22,570.0,09:30,13.0
R075,13,乘客1824,乘客1824,70,dropoff,11.0,09:33,4,09:37,580.0,09:40,7.0
R075,13,乘客1824,乘客1824跟車,70,dropoff,11.0,09:33,4,09:37,580.0,09:40,7.0
R075,14,乘客83,乘客83,31,dropoff,17.0,09:54,1,09:55,590.0,09:50,0.0
R076,1,乘客1918,乘客1918,917,pickup,0.0,07:20,1,07:21,440.0,07:20,0.0
R076,2,乘客54,乘客54,56,pickup,2.0,07:23,5,07:28,450.0,07:30,7.0
R076,2,乘客54,乘客54跟車,56,pickup,2.0,07:23,5,07:28,450.0,07:30,7.0
R076,3,乘客54,乘客54,35,dropoff,9.0,07:37,4,07:41,465.0,07:45,8.0
R076,3,乘客54,乘客54跟車,35,dropoff,9.0,07:37,4,07:41,465.0,07:45,8.0
R076,4,乘客669,乘客669,362,pickup,29.0,08:10,4,08:14,465.0,07:45,0.0
R076,5,乘客670,乘客670,207,pickup,4.0,08:18,1,08:19,470.0,07:50,0.0
R076,6,乘客1918,乘客1918,139,dropoff,11.0,08:30,1,08:31,510.0,08:30,0.0
R076,7,乘客669,乘客669,160,dropoff,21.0,08:52,4,08:56,535.0,08:55,3.0
R076,8,乘客670,乘客670,160,dropoff,21.0,08:52,4,08:56,535.0,08:55,3.0
R076,9,乘客1919,乘客1919,918,pickup,13.0,09:09,1,09:10,555.0,09:15,6.0
R076,10,乘客1920,乘客1920,919,pickup,11.0,09:21,1,09:22,565.0,09:25,4.0
R076,11,乘客1921,乘客1921,920,pickup,6.0,09:28,1,09:29,575.0,09:35,7.0
R076,12,乘客1922,乘客1922,921,pickup,4.0,09:33,2,09:35,585.0,09:45,12.0
R076,12,乘客1922,乘客1923,921,pickup,4.0,09:33,2,09:35,585.0,09:45,12.0
R076,13,乘客1924,乘客1924,922,pickup,9.0,09:44,1,09:45,595.0,09:55,11.0
R076,14,乘客1919,乘客1919,258,dropoff,6.0,09:51,5,09:56,605.0,10:05,14.0
R076,15,乘客1920,乘客1920,258,dropoff,6.0,09:51,5,09:56,605.0,10:05,14.0
R076,16,乘客1921,乘客1921,258,dropoff,6.0,09:51,5,09:56,605.0,10:05,14.0
R076,17,乘客1922,乘客1922,258,dropoff,6.0,09:51,5,09:56,605.0,10:05,14.0
R076,17,乘客1922,乘客1923,258,dropoff,6.0,09:51,5,09:56,605.0,10:05,14.0
R076,18,乘客1924,乘客1924,258,dropoff,6.0,09:51,5,09:56,605.0,10:05,14.0
R077,1,乘客1074,乘客1074,528,pickup,0.0,06:48,1,06:49,420.0,07:00,12.0
R077,2,乘客1075,乘客1075,529,pickup,8.0,06:57,4,07:01,435.0,07:15,18.0
R077,3,乘客1076,乘客1076,530,pickup,4.0,07:05,4,07:09,440.0,07:20,15.0
R077,4,乘客1077,乘客1077,531,pickup,11.0,07:20,5,07:25,465.0,07:45,25.0
R077,4,乘客1077,乘客1077跟車,531,pickup,11.0,07:20,5,07:25,465.0,07:45,25.0
R077,5,乘客1078,乘客1078,532,pickup,8.0,07:33,5,07:38,475.0,07:55,22.0
R077,5,乘客1078,乘客1078跟車,532,pickup,8.0,07:33,5,07:38,475.0,07:55,22.0
R077,6,乘客1074,乘客1074,160,dropoff,19.0,07:57,15,08:12,495.0,08:15,18.0
R077,7,乘客1075,乘客1075,160,dropoff,19.0,07:57,15,08:12,495.0,08:15,18.0
R077,8,乘客1076,乘客1076,160,dropoff,19.0,07:57,15,08:12,495.0,08:15,18.0
R077,9,乘客1077,乘客1077,160,dropoff,19.0,07:57,15,08:12,495.0,08:15,18.0
R077,9,乘客1077,乘客1077跟車,160,dropoff,19.0,07:57,15,08:12,495.0,08:15,18.0
R077,10,乘客1078,乘客1078,160,dropoff,19.0,07:57,15,08:12,495.0,08:15,18.0
R077,10,乘客1078,乘客1078跟車,160,dropoff,19.0,07:57,15,08:12,495.0,08:15,18.0
R077,11,乘客1079,乘客1079,181,pickup,11.0,08:23,1,08:24,510.0,08:30,7.0
R077,12,乘客1703,乘客1703,810,pickup,4.0,08:28,4,08:32,520.0,08:40,12.0
R077,13,乘客1703,乘客1703,374,dropoff,6.0,08:38,3,08:41,530.0,08:50,12.0
R077,14,乘客337,乘客337,196,pickup,11.0,08:52,2,08:54,530.0,08:50,0.0
R077,14,乘客337,乘客338,196,pickup,11.0,08:52,2,08:54,530.0,08:50,0.0
R077,15,乘客1079,乘客1079,139,dropoff,15.0,09:09,1,09:10,540.0,09:00,0.0
R077,16,乘客337,乘客337,191,dropoff,24.0,09:34,2,09:36,610.0,10:10,36.0
R077,16,乘客337,乘客338,191,dropoff,24.0,09:34,2,09:36,610.0,10:10,36.0
R078,1,乘客1279,乘客1279,630,pickup,0.0,06:58,1,06:59,420.0,07:00,2.0
R078,2,乘客1280,乘客1280,631,pickup,4.0,07:03,1,07:04,425.0,07:05,2.0
R078,3,乘客1281,乘客1281,632,pickup,6.0,07:10,5,07:15,435.0,07:15,5.0
R078,3,乘客1281,乘客1281跟車,632,pickup,6.0,07:10,5,07:15,435.0,07:15,5.0
R078,4,乘客1903,乘客1903,910,pickup,6.0,07:21,5,07:26,440.0,07:20,0.0
R078,4,乘客1903,乘客1903跟車,910,pickup,6.0,07:21,5,07:26,440.0,07:20,0.0
R078,5,乘客1282,乘客1282,291,pickup,8.0,07:34,1,07:35,445.0,07:25,0.0
R078,6,乘客1284,乘客1284,633,pickup,8.0,07:43,1,07:44,465.0,07:45,2.0
R078,7,乘客1903,乘客1903,131,dropoff,28.0,08:12,4,08:16,505.0,08:25,13.0
R078,7,乘客1903,乘客1903跟車,131,dropoff,28.0,08:12,4,08:16,505.0,08:25,13.0
R078,8,乘客1279,乘客1279,138,dropoff,2.0,08:18,2,08:20,510.0,08:30,12.0
R078,9,乘客1280,乘客1280,138,dropoff,2.0,08:18,2,08:20,510.0,08:30,12.0
R078,10,乘客1281,乘客1281,131,dropoff,2.0,08:22,4,08:26,510.0,08:30,8.0
R078,10,乘客1281,乘客1281跟車,131,dropoff,2.0,08:22,4,08:26,510.0,08:30,8.0
R078,11,乘客1282,乘客1282,138,dropoff,2.0,08:28,2,08:30,510.0,08:30,2.0
R078,12,乘客1284,乘客1284,138,dropoff,2.0,08:28,2,08:30,510.0,08:30,2.0
R078,13,乘客1285,乘客1285,634,pickup,8.0,08:38,1,08:39,525.0,08:45,7.0
R078,14,乘客1286,乘客1286,635,pickup,21.0,09:00,1,09:01,550.0,09:10,10.0
R078,15,乘客1285,乘客1285,31,dropoff,17.0,09:18,2,09:20,575.0,09:35,17.0
R078,16,乘客1286,乘客1286,31,dropoff,17.0,09:18,2,09:20,575.0,09:35,17.0
R078,17,乘客124,乘客124,26,pickup,17.0,09:37,5,09:42,580.0,09:40,3.0
R078,17,乘客124,乘客125,26,pickup,17.0,09:37,5,09:42,580.0,09:40,3.0
R078,18,乘客124,乘客124,42,dropoff,13.0,09:55,4,09:59,595.0,09:55,0.0
R078,18,乘客124,乘客125,42,dropoff,13.0,09:55,4,09:59,595.0,09:55,0.0
R079,1,乘客1159,乘客1159,568,pickup,0.0,06:37,1,06:38,405.0,06:45,8.0
R079,2,乘客1159,乘客1159,485,dropoff,28.0,07:06,1,07:07,425.0,07:05,0.0
R079,3,乘客1160,乘客1160,569,pickup,19.0,07:26,4,07:30,450.0,07:30,4.0
R079,4,乘客1162,乘客1162,570,pickup,4.0,07:34,1,07:35,460.0,07:40,6.0
R079,5,乘客1165,乘客1165,573,pickup,13.0,07:48,1,07:49,490.0,08:10,22.0
R079,6,乘客1160,乘客1160,164,dropoff,8.0,07:57,4,08:01,500.0,08:20,23.0
R079,7,乘客1165,乘客1165,164,dropoff,8.0,07:57,4,08:01,500.0,08:20,23.0
R079,8,乘客1166,乘客1166,164,pickup,8.0,07:57,1,08:02,500.0,08:20,23.0
R079,9,乘客1162,乘客1162,359,dropoff,9.0,08:11,1,08:12,515.0,08:35,24.0
R079,10,乘客1166,乘客1166,578,dropoff,9.0,08:21,1,08:22,525.0,08:45,24.0
R079,11,乘客1167,乘客1167,574,pickup,13.0,08:35,1,08:36,540.0,09:00,25.0
R079,12,乘客1168,乘客1168,575,pickup,11.0,08:47,2,08:49,560.0,09:20,33.0
R079,12,乘客1168,乘客1168跟車,575,pickup,11.0,08:47,2,08:49,560.0,09:20,33.0
R079,13,乘客1169,乘客1169,576,pickup,8.0,08:57,1,08:58,570.0,09:30,33.0
R079,14,乘客1029,乘客1029,156,pickup,6.0,09:04,1,09:05,570.0,09:30,26.0
R079,15,乘客1167,乘客1167,311,dropoff,17.0,09:22,4,09:26,590.0,09:50,28.0
R079,16,乘客1168,乘客1168,311,dropoff,17.0,09:22,4,09:26,590.0,09:50,28.0
R079,16,乘客1168,乘客1168跟車,311,dropoff,17.0,09:22,4,09:26,590.0,09:50,28.0
R079,17,乘客1169,乘客1169,311,dropoff,17.0,09:22,4,09:26,590.0,09:50,28.0
R079,18,乘客1029,乘客1029,170,dropoff,9.0,09:35,1,09:36,615.0,10:15,40.0
R080,1,乘客1832,乘客1832,881,pickup,0.0,07:00,4,07:04,420.0,07:00,0.0
R080,2,乘客1832,乘客1832,1125,dropoff,44.0,07:48,3,07:51,480.0,08:00,12.0
R080,3,乘客1226,乘客1226,602,pickup,31.0,08:22,5,08:27,505.0,08:25,3.0
R080,3,乘客1226,乘客1226跟車,602,pickup,31.0,08:22,5,08:27,505.0,08:25,3.0
R080,4,乘客1227,乘客1227,603,pickup,17.0,08:44,2,08:46,530.0,08:50,6.0
R080,4,乘客1227,乘客1227跟車,603,pickup,17.0,08:44,2,08:46,530.0,08:50,6.0
R080,5,乘客1227,乘客1227,607,dropoff,11.0,08:57,2,08:59,545.0,09:05,8.0
R080,5,乘客1227,乘客1227跟車,607,dropoff,11.0,08:57,2,08:59,545.0,09:05,8.0
R080,6,乘客1228,乘客1228,604,pickup,2.0,09:01,4,09:05,545.0,09:05,4.0
R080,7,乘客1229,乘客1229,605,pickup,17.0,09:22,9,09:31,570.0,09:30,8.0
R080,7,乘客1229,乘客1229跟車,605,pickup,17.0,09:22,9,09:31,570.0,09:30,8.0
R080,7,乘客1229,乘客1230,605,pickup,17.0,09:22,9,09:31,570.0,09:30,8.0
R080,7,乘客1229,乘客1230跟車,605,pickup,17.0,09:22,9,09:31,570.0,09:30,8.0
R080,8,乘客1226,乘客1226,276,dropoff,13.0,09:44,15,09:59,600.0,10:00,16.0
R080,8,乘客1226,乘客1226跟車,276,dropoff,13.0,09:44,15,09:59,600.0,10:00,16.0
R080,9,乘客1228,乘客1228,276,dropoff,13.0,09:44,15,09:59,600.0,10:00,16.0
R080,10,乘客1229,乘客1229,276,dropoff,13.0,09:44,15,09:59,600.0,10:00,16.0
R080,10,乘客1229,乘客1229跟車,276,dropoff,13.0,09:44,15,09:59,600.0,10:00,16.0
R080,10,乘客1229,乘客1230,276,dropoff,13.0,09:44,15,09:59,600.0,10:00,16.0
R080,10,乘客1229,乘客1230跟車,276,dropoff,13.0,09:44,15,09:59,600.0,10:00,16.0
R081,1,乘客1503,乘客1503,718,pickup,0.0,07:35,8,07:43,455.0,07:35,0.0
R081,1,乘客1503,乘客1504,718,pickup,0.0,07:35,8,07:43,455.0,07:35,0.0
R081,1,乘客1503,乘客1504跟車,718,pickup,0.0,07:35,8,07:43,455.0,07:35,0.0
R081,2,乘客1505,乘客1505,719,pickup,13.0,07:56,4,08:00,490.0,08:10,14.0
R081,3,乘客1503,乘客1503,717,dropoff,15.0,08:15,10,08:25,510.0,08:30,15.0
R081,3,乘客1503,乘客1504,717,dropoff,15.0,08:15,10,08:25,510.0,08:30,15.0
R081,3,乘客1503,乘客1504跟車,717,dropoff,15.0,08:15,10,08:25,510.0,08:30,15.0
R081,4,乘客1505,乘客1505,717,dropoff,15.0,08:15,10,08:25,510.0,08:30,15.0
R081,5,乘客1506,乘客1506,720,pickup,11.0,08:36,1,08:37,540.0,09:00,24.0
R081,6,乘客1507,乘客1507,721,pickup,17.0,08:54,1,08:55,555.0,09:15,21.0
R081,7,乘客1508,乘客1508,722,pickup,9.0,09:04,2,09:06,570.0,09:30,26.0
R081,7,乘客1508,乘客1508跟車,722,pickup,9.0,09:04,2,09:06,570.0,09:30,26.0
R081,8,乘客1509,乘客1509,723,pickup,15.0,09:21,1,09:22,595.0,09:55,34.0
R081,9,乘客1510,乘客1510,724,pickup,6.0,09:28,4,09:32,600.0,10:00,32.0
R081,10,乘客1506,乘客1506,268,dropoff,24.0,09:56,8,10:04,625.0,10:25,29.0
R081,11,乘客1507,乘客1507,268,dropoff,24.0,09:56,8,10:04,625.0,10:25,29.0
R081,12,乘客1508,乘客1508,268,dropoff,24.0,09:56,8,10:04,625.0,10:25,29.0
R081,12,乘客1508,乘客1508跟車,268,dropoff,24.0,09:56,8,10:04,625.0,10:25,29.0
R081,13,乘客1509,乘客1509,268,dropoff,24.0,09:56,8,10:04,625.0,10:25,29.0
R081,14,乘客1510,乘客1510,268,dropoff,24.0,09:56,8,10:04,625.0,10:25,29.0
R082,1,乘客1730,乘客1730,827,pickup,0.0,07:30,4,07:34,450.0,07:30,0.0
R082,2,乘客1731,乘客1731,828,pickup,6.0,07:40,1,07:41,460.0,07:40,0.0
R082,3,乘客2014,乘客2014,965,pickup,13.0,07:54,1,07:55,465.0,07:45,0.0
R082,4,乘客2015,乘客2015,966,pickup,13.0,08:08,4,08:12,485.0,08:05,0.0
R082,5,乘客1732,乘客1732,829,pickup,19.0,08:31,4,08:35,495.0,08:15,0.0
R082,6,乘客2014,乘客2014,773,dropoff,6.0,08:41,1,08:42,525.0,08:45,4.0
R082,7,乘客1730,乘客1730,727,dropoff,11.0,08:53,7,09:00,535.0,08:55,2.0
R082,8,乘客1731,乘客1731,727,dropoff,11.0,08:53,7,09:00,535.0,08:55,2.0
R082,9,乘客1732,乘客1732,727,dropoff,11.0,08:53,7,09:00,535.0,08:55,2.0
R082,10,乘客2015,乘客2015,726,dropoff,11.0,09:11,3,09:14,550.0,09:10,0.0
R082,11,乘客2017,乘客2017,968,pickup,9.0,09:23,1,09:24,560.0,09:20,0.0
R082,12,乘客2017,乘客2017,793,dropoff,8.0,09:32,1,09:33,570.0,09:30,0.0
R082,13,乘客1737,乘客1737,744,pickup,4.0,09:37,1,09:38,585.0,09:45,8.0
R082,14,乘客1738,乘客1738,832,pickup,11.0,09:49,5,09:54,600.0,10:00,11.0
R082,14,乘客1738,乘客1738跟車,832,pickup,11.0,09:49,5,09:54,600.0,10:00,11.0
R082,15,乘客1738,乘客1738,807,dropoff,6.0,10:00,4,10:04,615.0,10:15,15.0
R082,15,乘客1738,乘客1738跟車,807,dropoff,6.0,10:00,4,10:04,615.0,10:15,15.0
R082,16,乘客1737,乘客1737,770,dropoff,2.0,10:06,1,10:07,630.0,10:30,24.0
R083,1,乘客421,乘客421,238,pickup,0.0,06:58,1,06:59,420.0,07:00,2.0
R083,2,乘客421,乘客421,316,dropoff,19.0,07:18,1,07:19,440.0,07:20,2.0
R083,3,乘客1560,乘客1560,752,pickup,9.0,07:28,4,07:32,460.0,07:40,12.0
R083,4,乘客1560,乘客1560,421,dropoff,9.0,07:41,3,07:44,475.0,07:55,14.0
R083,5,乘客424,乘客424,241,pickup,15.0,07:59,5,08:04,480.0,08:00,1.0
R083,5,乘客424,乘客424跟車,241,pickup,15.0,07:59,5,08:04,480.0,08:00,1.0
R083,6,乘客425,乘客425,242,pickup,6.0,08:10,1,08:11,490.0,08:10,0.0
R083,7,乘客426,乘客426,243,pickup,4.0,08:15,1,08:16,495.0,08:15,0.0
R083,8,乘客427,乘客427,244,pickup,6.0,08:22,1,08:23,505.0,08:25,3.0
R083,9,乘客1271,乘客1271,625,pickup,4.0,08:27,1,08:28,505.0,08:25,0.0
R083,10,乘客1272,乘客1272,626,pickup,4.0,08:32,1,08:33,510.0,08:30,0.0
R083,11,乘客424,乘客424,420,dropoff,17.0,08:50,7,08:57,550.0,09:10,20.0
R083,11,乘客424,乘客424跟車,420,dropoff,17.0,08:50,7,08:57,550.0,09:10,20.0
R083,12,乘客425,乘客425,420,dropoff,17.0,08:50,7,08:57,550.0,09:10,20.0
R083,13,乘客426,乘客426,420,dropoff,17.0,08:50,7,08:57,550.0,09:10,20.0
R083,14,乘客427,乘客427,420,dropoff,17.0,08:50,7,08:57,550.0,09:10,20.0
R083,15,乘客1271,乘客1271,201,dropoff,2.0,08:59,2,09:01,555.0,09:15,16.0
R083,16,乘客1272,乘客1272,201,dropoff,2.0,08:59,2,09:01,555.0,09:15,16.0
R083,17,乘客431,乘客431,247,pickup,13.0,09:14,1,09:15,575.0,09:35,21.0
R083,18,乘客2008,乘客2008,963,pickup,4.0,09:19,4,09:23,595.0,09:55,36.0
R083,19,乘客431,乘客431,394,dropoff,9.0,09:32,1,09:33,605.0,10:05,33.0
R083,20,乘客2008,乘客2008,756,dropoff,8.0,09:41,3,09:44,610.0,10:10,29.0
R084,1,乘客1986,乘客1986,953,pickup,0.0,06:37,1,06:38,410.0,06:50,13.0
R084,2,乘客1986,乘客1986,957,dropoff,53.0,07:31,1,07:32,450.0,07:30,0.0
R084,3,乘客1987,乘客1987,954,pickup,9.0,07:41,3,07:44,460.0,07:40,0.0
R084,3,乘客1987,乘客1987跟車,954,pickup,9.0,07:41,3,07:44,460.0,07:40,0.0
R084,3,乘客1987,乘客1987跟車,954,pickup,9.0,07:41,3,07:44,460.0,07:40,0.0
R084,4,乘客1990,乘客1990,956,pickup,22.0,08:06,8,08:14,500.0,08:20,14.0
R084,5,乘客1989,乘客1989,956,pickup,22.0,08:06,8,08:14,500.0,08:20,14.0
R084,5,乘客1989,乘客1989跟車,956,pickup,22.0,08:06,8,08:14,500.0,08:20,14.0
R084,6,乘客1992,乘客1992,321,pickup,15.0,08:29,4,08:33,515.0,08:35,6.0
R084,7,乘客1990,乘客1990,178,dropoff,21.0,08:54,6,09:00,540.0,09:00,6.0
R084,8,乘客1992,乘客1992,178,dropoff,21.0,08:54,6,09:00,540.0,09:00,6.0
R084,9,乘客1987,乘客1987,276,dropoff,13.0,09:13,7,09:20,570.0,09:30,17.0
R084,9,乘客1987,乘客1987跟車,276,dropoff,13.0,09:13,7,09:20,570.0,09:30,17.0
R084,9,乘客1987,乘客1987跟車,276,dropoff,13.0,09:13,7,09:20,570.0,09:30,17.0
R084,10,乘客1989,乘客1989,276,dropoff,13.0,09:13,7,09:20,570.0,09:30,17.0
R084,10,乘客1989,乘客1989跟車,276,dropoff,13.0,09:13,7,09:20,570.0,09:30,17.0
R085,1,乘客854,乘客854,432,pickup,0.0,06:54,4,06:58,420.0,07:00,6.0
R085,2,乘客307,乘客307,181,pickup,13.0,07:11,1,07:12,455.0,07:35,24.0
R085,3,乘客854,乘客854,289,dropoff,28.0,07:40,3,07:43,480.0,08:00,20.0
R085,4,乘客307,乘客307,248,dropoff,11.0,07:54,1,07:55,500.0,08:20,26.0
R085,5,乘客857,乘客857,405,pickup,6.0,08:01,7,08:08,510.0,08:30,29.0
R085,5,乘客857,乘客858,405,pickup,6.0,08:01,7,08:08,510.0,08:30,29.0
R085,5,乘客857,乘客859,405,pickup,6.0,08:01,7,08:08,510.0,08:30,29.0
R085,5,乘客857,乘客860,405,pickup,6.0,08:01,7,08:08,510.0,08:30,29.0
R085,6,乘客861,乘客861,434,pickup,9.0,08:17,4,08:21,525.0,08:45,28.0
R085,7,乘客862,乘客862,435,pickup,15.0,08:36,4,08:40,535.0,08:55,19.0
R085,8,乘客857,乘客857,386,dropoff,11.0,08:51,12,09:03,545.0,09:05,14.0
R085,8,乘客857,乘客858,386,dropoff,11.0,08:51,12,09:03,545.0,09:05,14.0
R085,8,乘客857,乘客859,386,dropoff,11.0,08:51,12,09:03,545.0,09:05,14.0
R085,8,乘客857,乘客860,386,dropoff,11.0,08:51,12,09:03,545.0,09:05,14.0
R085,9,乘客861,乘客861,386,dropoff,11.0,08:51,12,09:03,545.0,09:05,14.0
R085,10,乘客862,乘客862,386,dropoff,11.0,08:51,12,09:03,545.0,09:05,14.0
R085,11,乘客1136,乘客1136,557,pickup,13.0,09:16,4,09:20,560.0,09:20,4.0
R085,12,乘客1136,乘客1136,559,dropoff,17.0,09:37,3,09:40,595.0,09:55,18.0
R086,1,乘客1619,乘客1619,775,pickup,0.0,07:17,1,07:18,450.0,07:30,13.0
R086,2,乘客1601,乘客1601,770,pickup,15.0,07:33,5,07:38,480.0,08:00,27.0
R086,2,乘客1601,乘客1602,770,pickup,15.0,07:33,5,07:38,480.0,08:00,27.0
R086,3,乘客1733,乘客1733,830,pickup,8.0,07:46,3,07:49,510.0,08:30,44.0
R086,3,乘客1733,乘客1734,830,pickup,8.0,07:46,3,07:49,510.0,08:30,44.0
R086,3,乘客1733,乘客1735,830,pickup,8.0,07:46,3,07:49,510.0,08:30,44.0
R086,4,乘客1601,乘客1601,748,dropoff,11.0,08:00,4,08:04,525.0,08:45,45.0
R086,4,乘客1601,乘客1602,748,dropoff,11.0,08:00,4,08:04,525.0,08:45,45.0
R086,5,乘客1733,乘客1733,727,dropoff,8.0,08:12,4,08:16,535.0,08:55,43.0
R086,5,乘客1733,乘客1734,727,dropoff,8.0,08:12,4,08:16,535.0,08:55,43.0
R086,5,乘客1733,乘客1735,727,dropoff,8.0,08:12,4,08:16,535.0,08:55,43.0
R086,6,乘客1619,乘客1619,727,dropoff,8.0,08:12,4,08:16,550.0,09:10,58.0
R086,7,乘客785,乘客785,411,pickup,11.0,08:27,5,08:32,565.0,09:25,58.0
R086,7,乘客785,乘客785跟車,411,pickup,11.0,08:27,5,08:32,565.0,09:25,58.0
R086,8,乘客1605,乘客1605,772,pickup,17.0,08:49,6,08:55,570.0,09:30,41.0
R086,8,乘客1605,乘客1605跟車,772,pickup,17.0,08:49,6,08:55,570.0,09:30,41.0
R086,8,乘客1605,乘客1605跟車,772,pickup,17.0,08:49,6,08:55,570.0,09:30,41.0
R086,9,乘客785,乘客785,717,dropoff,6.0,09:01,4,09:05,590.0,09:50,49.0
R086,9,乘客785,乘客785跟車,717,dropoff,6.0,09:01,4,09:05,590.0,09:50,49.0
R086,10,乘客1605,乘客1605,1113,dropoff,15.0,09:20,5,09:25,590.0,09:50,30.0
R086,10,乘客1605,乘客1605跟車,1113,dropoff,15.0,09:20,5,09:25,590.0,09:50,30.0
R086,10,乘客1605,乘客1605跟車,1113,dropoff,15.0,09:20,5,09:25,590.0,09:50,30.0
R086,11,乘客787,乘客787,412,pickup,11.0,09:36,2,09:38,600.0,10:00,24.0
R086,11,乘客787,乘客788,412,pickup,11.0,09:36,2,09:38,600.0,10:00,24.0
R086,12,乘客787,乘客787,746,dropoff,29.0,10:07,2,10:09,635.0,10:35,28.0
R086,12,乘客787,乘客788,746,dropoff,29.0,10:07,2,10:09,635.0,10:35,28.0
R087,1,乘客1774,乘客1774,846,pickup,0.0,06:46,5,06:51,420.0,07:00,14.0
R087,1,乘客1774,乘客1774跟車,846,pickup,0.0,06:46,5,06:51,420.0,07:00,14.0
R087,2,乘客1775,乘客1775,847,pickup,36.0,07:27,2,07:29,460.0,07:40,13.0
R087,2,乘客1775,乘客1775跟車,847,pickup,36.0,07:27,2,07:29,460.0,07:40,13.0
R087,3,乘客1776,乘客1776,563,pickup,15.0,07:44,5,07:49,480.0,08:00,16.0
R087,3,乘客1776,乘客1776跟車,563,pickup,15.0,07:44,5,07:49,480.0,08:00,16.0
R087,4,乘客1777,乘客1777,848,pickup,2.0,07:51,5,07:56,485.0,08:05,14.0
R087,4,乘客1777,乘客1777跟車,848,pickup,2.0,07:51,5,07:56,485.0,08:05,14.0
R087,5,乘客1151,乘客1151,565,pickup,9.0,08:05,2,08:07,495.0,08:15,10.0
R087,5,乘客1151,乘客1151跟車,565,pickup,9.0,08:05,2,08:07,495.0,08:15,10.0
R087,6,乘客803,乘客803,416,pickup,9.0,08:16,5,08:21,525.0,08:45,29.0
R087,6,乘客803,乘客803跟車,416,pickup,9.0,08:16,5,08:21,525.0,08:45,29.0
R087,7,乘客1774,乘客1774,534,dropoff,17.0,08:38,10,08:48,530.0,08:50,12.0
R087,7,乘客1774,乘客1774跟車,534,dropoff,17.0,08:38,10,08:48,530.0,08:50,12.0
R087,8,乘客1775,乘客1775,534,dropoff,17.0,08:38,10,08:48,530.0,08:50,12.0
R087,8,乘客1775,乘客1775跟車,534,dropoff,17.0,08:38,10,08:48,530.0,08:50,12.0
R087,9,乘客1776,乘客1776,534,dropoff,17.0,08:38,10,08:48,530.0,08:50,12.0
R087,9,乘客1776,乘客1776跟車,534,dropoff,17.0,08:38,10,08:48,530.0,08:50,12.0
R087,10,乘客1777,乘客1777,1120,dropoff,2.0,08:50,4,08:54,530.0,08:50,0.0
R087,10,乘客1777,乘客1777跟車,1120,dropoff,2.0,08:50,4,08:54,530.0,08:50,0.0
R087,11,乘客1151,乘客1151,314,dropoff,9.0,09:03,2,09:05,555.0,09:15,12.0
R087,11,乘客1151,乘客1151跟車,314,dropoff,9.0,09:03,2,09:05,555.0,09:15,12.0
R087,12,乘客370,乘客370,218,pickup,8.0,09:13,1,09:14,565.0,09:25,12.0
R087,13,乘客803,乘客803,314,dropoff,4.0,09:18,4,09:22,590.0,09:50,32.0
R087,13,乘客803,乘客803跟車,314,dropoff,4.0,09:18,4,09:22,590.0,09:50,32.0
R087,14,乘客370,乘客370,386,dropoff,17.0,09:39,1,09:40,600.0,10:00,21.0
R088,1,乘客276,乘客276,162,pickup,0.0,07:05,1,07:06,435.0,07:15,10.0
R088,2,乘客887,乘客887,445,pickup,6.0,07:12,4,07:16,465.0,07:45,33.0
R088,3,乘客887,乘客887,453,dropoff,6.0,07:22,3,07:25,475.0,07:55,33.0
R088,4,乘客276,乘客276,359,dropoff,15.0,07:40,1,07:41,485.0,08:05,25.0
R088,5,乘客1258,乘客1258,617,pickup,17.0,07:58,5,08:03,485.0,08:05,7.0
R088,5,乘客1258,乘客1258跟車,617,pickup,17.0,07:58,5,08:03,485.0,08:05,7.0
R088,6,乘客1259,乘客1259,572,pickup,24.0,08:27,6,08:33,520.0,08:40,13.0
R088,6,乘客1259,乘客1259跟車,572,pickup,24.0,08:27,6,08:33,520.0,08:40,13.0
R088,6,乘客1259,乘客1259跟車,572,pickup,24.0,08:27,6,08:33,520.0,08:40,13.0
R088,7,乘客1260,乘客1260,618,pickup,4.0,08:37,5,08:42,530.0,08:50,13.0
R088,7,乘客1260,乘客1260跟車,618,pickup,4.0,08:37,5,08:42,530.0,08:50,13.0
R088,8,乘客1258,乘客1258,276,dropoff,13.0,08:55,13,09:08,545.0,09:05,10.0
R088,8,乘客1258,乘客1258跟車,276,dropoff,13.0,08:55,13,09:08,545.0,09:05,10.0
R088,9,乘客1259,乘客1259,276,dropoff,13.0,08:55,13,09:08,545.0,09:05,10.0
R088,9,乘客1259,乘客1259跟車,276,dropoff,13.0,08:55,13,09:08,545.0,09:05,10.0
R088,9,乘客1259,乘客1259跟車,276,dropoff,13.0,08:55,13,09:08,545.0,09:05,10.0
R088,10,乘客1260,乘客1260,276,dropoff,13.0,08:55,13,09:08,545.0,09:05,10.0
R088,10,乘客1260,乘客1260跟車,276,dropoff,13.0,08:55,13,09:08,545.0,09:05,10.0
R088,11,乘客1262,乘客1262,620,pickup,19.0,09:27,1,09:28,580.0,09:40,13.0
R088,12,乘客1231,乘客1231,606,pickup,15.0,09:43,5,09:48,585.0,09:45,2.0
R088,12,乘客1231,乘客1231跟車,606,pickup,15.0,09:43,5,09:48,585.0,09:45,2.0
R088,13,乘客1262,乘客1262,621,dropoff,6.0,09:54,1,09:55,595.0,09:55,1.0
R088,14,乘客1231,乘客1231,276,dropoff,9.0,10:04,4,10:08,600.0,10:00,0.0
R088,14,乘客1231,乘客1231跟車,276,dropoff,9.0,10:04,4,10:08,600.0,10:00,0.0
R089,1,乘客137,乘客137,97,pickup,0.0,06:51,1,06:52,425.0,07:05,14.0
R089,2,乘客138,乘客138,98,pickup,9.0,07:01,1,07:02,440.0,07:20,19.0
R089,3,乘客139,乘客139,99,pickup,6.0,07:08,5,07:13,450.0,07:30,22.0
R089,3,乘客139,乘客139跟車,99,pickup,6.0,07:08,5,07:13,450.0,07:30,22.0
R089,4,乘客140,乘客140,100,pickup,6.0,07:19,6,07:25,460.0,07:40,21.0
R089,4,乘客140,乘客140跟車,100,pickup,6.0,07:19,6,07:25,460.0,07:40,21.0
R089,4,乘客140,乘客140跟車,100,pickup,6.0,07:19,6,07:25,460.0,07:40,21.0
R089,5,乘客137,乘客137,77,dropoff,31.0,07:56,1,07:57,510.0,08:30,34.0
R089,6,乘客138,乘客138,138,dropoff,4.0,08:01,1,08:02,520.0,08:40,39.0
R089,7,乘客139,乘客139,132,dropoff,0.0,08:02,4,08:06,520.0,08:40,38.0
R089,7,乘客139,乘客139跟車,132,dropoff,0.0,08:02,4,08:06,520.0,08:40,38.0
R089,8,乘客140,乘客140,138,dropoff,0.0,08:06,5,08:11,520.0,08:40,34.0
R089,8,乘客140,乘客140跟車,138,dropoff,0.0,08:06,5,08:11,520.0,08:40,34.0
R089,8,乘客140,乘客140跟車,138,dropoff,0.0,08:06,5,08:11,520.0,08:40,34.0
R089,9,乘客1821,乘客1821,875,pickup,17.0,08:28,5,08:33,530.0,08:50,22.0
R089,9,乘客1821,乘客1821跟車,875,pickup,17.0,08:28,5,08:33,530.0,08:50,22.0
R089,10,乘客141,乘客141,101,pickup,24.0,08:57,5,09:02,540.0,09:00,3.0
R089,10,乘客141,乘客141跟車,101,pickup,24.0,08:57,5,09:02,540.0,09:00,3.0
R089,11,乘客141,乘客141,70,dropoff,15.0,09:17,8,09:25,555.0,09:15,0.0
R089,11,乘客141,乘客141跟車,70,dropoff,15.0,09:17,8,09:25,555.0,09:15,0.0
R089,12,乘客1821,乘客1821,70,dropoff,15.0,09:17,8,09:25,580.0,09:40,23.0
R089,12,乘客1821,乘客1821跟車,70,dropoff,15.0,09:17,8,09:25,580.0,09:40,23.0
R090,1,乘客1098,乘客1098,336,pickup,0.0,07:00,5,07:05,420.0,07:00,0.0
R090,1,乘客1098,乘客1098跟車,336,pickup,0.0,07:00,5,07:05,420.0,07:00,0.0
R090,2,乘客1099,乘客1099,541,pickup,8.0,07:13,1,07:14,430.0,07:10,0.0
R090,3,乘客1100,乘客1100,542,pickup,8.0,07:22,1,07:23,435.0,07:15,0.0
R090,4,乘客1101,乘客1101,543,pickup,22.0,07:45,1,07:46,475.0,07:55,10.0
R090,5,乘客1102,乘客1102,156,pickup,15.0,08:01,1,08:02,492.0,08:12,11.0
R090,6,乘客1098,乘客1098,160,dropoff,9.0,08:11,8,08:19,505.0,08:25,14.0
R090,6,乘客1098,乘客1098跟車,160,dropoff,9.0,08:11,8,08:19,505.0,08:25,14.0
R090,7,乘客1099,乘客1099,160,dropoff,9.0,08:11,8,08:19,505.0,08:25,14.0
R090,8,乘客1100,乘客1100,160,dropoff,9.0,08:11,8,08:19,505.0,08:25,14.0
R090,9,乘客1101,乘客1101,160,dropoff,9.0,08:11,8,08:19,505.0,08:25,14.0
R090,10,乘客1102,乘客1102,160,dropoff,9.0,08:11,8,08:19,505.0,08:25,14.0
R090,11,乘客334,乘客334,194,pickup,19.0,08:38,1,08:39,505.0,08:25,0.0
R090,12,乘客353,乘客353,207,pickup,6.0,08:45,5,08:50,505.0,08:25,0.0
R090,12,乘客353,乘客353跟車,207,pickup,6.0,08:45,5,08:50,505.0,08:25,0.0
R090,13,乘客335,乘客335,195,pickup,6.0,08:56,4,09:00,515.0,08:35,0.0
R090,14,乘客334,乘客334,578,dropoff,11.0,09:11,4,09:15,560.0,09:20,9.0
R090,15,乘客335,乘客335,578,dropoff,11.0,09:11,4,09:15,560.0,09:20,9.0
R090,16,乘客353,乘客353,276,dropoff,6.0,09:21,4,09:25,570.0,09:30,9.0
R090,16,乘客353,乘客353跟車,276,dropoff,6.0,09:21,4,09:25,570.0,09:30,9.0
R090,17,乘客1104,乘客1104,545,pickup,8.0,09:33,1,09:34,575.0,09:35,2.0
R090,18,乘客1105,乘客1105,471,pickup,9.0,09:43,4,09:47,585.0,09:45,2.0
R090,19,乘客1104,乘客1104,157,dropoff,9.0,09:56,1,09:57,610.0,10:10,14.0
R090,20,乘客1105,乘客1105,867,dropoff,2.0,09:59,3,10:02,610.0,10:10,11.0
R091,1,乘客441,乘客441,127,pickup,0.0,07:01,1,07:02,430.0,07:10,9.0
R091,2,乘客642,乘客642,349,pickup,13.0,07:15,1,07:16,465.0,07:45,30.0
R091,3,乘客643,乘客643,350,pickup,4.0,07:20,5,07:25,495.0,08:15,55.0
R091,3,乘客643,乘客644,350,pickup,4.0,07:20,5,07:25,495.0,08:15,55.0
R091,4,乘客645,乘客645,351,pickup,4.0,07:29,4,07:33,500.0,08:20,51.0
R091,5,乘客642,乘客642,160,dropoff,11.0,07:44,8,07:52,515.0,08:35,51.0
R091,6,乘客643,乘客643,160,dropoff,11.0,07:44,8,07:52,515.0,08:35,51.0
R091,6,乘客643,乘客644,160,dropoff,11.0,07:44,8,07:52,515.0,08:35,51.0
R091,7,乘客645,乘客645,160,dropoff,11.0,07:44,8,07:52,515.0,08:35,51.0
R091,8,乘客441,乘客441,374,dropoff,9.0,08:01,1,08:02,535.0,08:55,54.0
R091,9,乘客646,乘客646,352,pickup,2.0,08:04,1,08:05,535.0,08:55,51.0
R091,10,乘客389,乘客389,226,pickup,9.0,08:14,3,08:17,540.0,09:00,46.0
R091,10,乘客389,乘客389跟車,226,pickup,9.0,08:14,3,08:17,540.0,09:00,46.0
R091,10,乘客389,乘客389跟車,226,pickup,9.0,08:14,3,08:17,540.0,09:00,46.0
R091,11,乘客646,乘客646,519,dropoff,15.0,08:32,1,08:33,550.0,09:10,38.0
R091,12,乘客389,乘客389,540,dropoff,6.0,08:39,3,08:42,560.0,09:20,41.0
R091,12,乘客389,乘客389跟車,540,dropoff,6.0,08:39,3,08:42,560.0,09:20,41.0
R091,12,乘客389,乘客389跟車,540,dropoff,6.0,08:39,3,08:42,560.0,09:20,41.0
R091,13,乘客648,乘客648,354,pickup,8.0,08:50,4,08:54,575.0,09:35,45.0
R091,14,乘客649,乘客649,355,pickup,6.0,09:00,4,09:04,580.0,09:40,40.0
R091,15,乘客650,乘客650,356,pickup,8.0,09:12,1,09:13,585.0,09:45,33.0
R091,16,乘客651,乘客651,357,pickup,13.0,09:26,5,09:31,600.0,10:00,34.0
R091,17,乘客652,乘客652,357,pickup,13.0,09:26,5,09:31,600.0,10:00,34.0
R091,18,乘客649,乘客649,327,dropoff,8.0,09:39,3,09:42,610.0,10:10,31.0
R091,19,乘客648,乘客648,191,dropoff,2.0,09:44,4,09:48,615.0,10:15,31.0
R091,20,乘客651,乘客651,191,dropoff,2.0,09:44,4,09:48,615.0,10:15,31.0
R091,21,乘客650,乘客650,157,dropoff,9.0,09:57,4,10:01,630.0,10:30,33.0
R091,22,乘客652,乘客652,157,dropoff,9.0,09:57,4,10:01,630.0,10:30,33.0
R092,1,乘客1870,乘客1870,893,pickup,0.0,06:57,1,06:58,420.0,07:00,3.0
R092,2,乘客1871,乘客1871,894,pickup,11.0,07:09,5,07:14,430.0,07:10,1.0
R092,2,乘客1871,乘客1871跟車,894,pickup,11.0,07:09,5,07:14,430.0,07:10,1.0
R092,3,乘客1872,乘客1872,895,pickup,6.0,07:20,1,07:21,440.0,07:20,0.0
R092,4,乘客1873,乘客1873,896,pickup,6.0,07:27,1,07:28,450.0,07:30,3.0
R092,5,乘客1874,乘客1874,222,pickup,11.0,07:39,1,07:40,460.0,07:40,1.0
R092,6,乘客1870,乘客1870,138,dropoff,32.0,08:12,1,08:13,510.0,08:30,18.0
R092,7,乘客1871,乘客1871,132,dropoff,0.0,08:13,4,08:17,510.0,08:30,17.0
R092,7,乘客1871,乘客1871跟車,132,dropoff,0.0,08:13,4,08:17,510.0,08:30,17.0
R092,8,乘客1872,乘客1872,138,dropoff,0.0,08:17,1,08:18,510.0,08:30,13.0
R092,9,乘客1873,乘客1873,132,dropoff,0.0,08:18,1,08:19,510.0,08:30,12.0
R092,10,乘客1874,乘客1874,138,dropoff,0.0,08:19,1,08:20,510.0,08:30,11.0
R092,11,乘客1876,乘客1876,898,pickup,11.0,08:31,5,08:36,525.0,08:45,14.0
R092,11,乘客1876,乘客1877,898,pickup,11.0,08:31,5,08:36,525.0,08:45,14.0
R092,12,乘客1823,乘客1823,877,pickup,11.0,08:47,5,08:52,550.0,09:10,23.0
R092,12,乘客1823,乘客1823跟車,877,pickup,11.0,08:47,5,08:52,550.0,09:10,23.0
R092,13,乘客1876,乘客1876,44,dropoff,2.0,08:54,4,08:58,565.0,09:25,31.0
R092,13,乘客1876,乘客1877,44,dropoff,2.0,08:54,4,08:58,565.0,09:25,31.0
R092,14,乘客1878,乘客1878,93,pickup,6.0,09:04,5,09:09,570.0,09:30,26.0
R092,14,乘客1878,乘客1878跟車,93,pickup,6.0,09:04,5,09:09,570.0,09:30,26.0
R092,15,乘客1823,乘客1823,70,dropoff,13.0,09:22,4,09:26,580.0,09:40,18.0
R092,15,乘客1823,乘客1823跟車,70,dropoff,13.0,09:22,4,09:26,580.0,09:40,18.0
R092,16,乘客1878,乘客1878,148,dropoff,28.0,09:54,4,09:58,610.0,10:10,16.0
R092,16,乘客1878,乘客1878跟車,148,dropoff,28.0,09:54,4,09:58,610.0,10:10,16.0
R093,1,乘客1316,乘客1316,644,pickup,0.0,06:51,1,06:52,420.0,07:00,9.0
R093,2,乘客1316,乘客1316,375,dropoff,22.0,07:14,1,07:15,465.0,07:45,31.0
R093,3,乘客1319,乘客1319,126,pickup,11.0,07:26,5,07:31,475.0,07:55,29.0
R093,4,乘客1318,乘客1318,126,pickup,11.0,07:26,5,07:31,475.0,07:55,29.0
R093,5,乘客1946,乘客1946,932,pickup,17.0,07:48,5,07:53,475.0,07:55,7.0
R093,5,乘客1946,乘客1946跟車,932,pickup,17.0,07:48,5,07:53,475.0,07:55,7.0
R093,6,乘客1319,乘客1319,681,dropoff,17.0,08:10,3,08:13,500.0,08:20,10.0
R093,7,乘客1318,乘客1318,1100,dropoff,2.0,08:15,1,08:16,505.0,08:25,10.0
R093,8,乘客1946,乘客1946,661,dropoff,8.0,08:24,4,08:28,510.0,08:30,6.0
R093,8,乘客1946,乘客1946跟車,661,dropoff,8.0,08:24,4,08:28,510.0,08:30,6.0
R093,9,乘客1337,乘客1337,653,pickup,15.0,08:43,1,08:44,520.0,08:40,0.0
R093,10,乘客1338,乘客1338,137,pickup,9.0,08:53,4,08:57,535.0,08:55,2.0
R093,11,乘客1321,乘客1321,646,pickup,9.0,09:06,1,09:07,540.0,09:00,0.0
R093,12,乘客1337,乘客1337,115,dropoff,11.0,09:18,4,09:22,570.0,09:30,12.0
R093,13,乘客1338,乘客1338,115,dropoff,11.0,09:18,4,09:22,570.0,09:30,12.0
R093,14,乘客1322,乘客1322,647,pickup,9.0,09:31,4,09:35,595.0,09:55,24.0
R093,14,乘客1322,乘客1323,647,pickup,9.0,09:31,4,09:35,595.0,09:55,24.0
R093,14,乘客1322,乘客1325,647,pickup,9.0,09:31,4,09:35,595.0,09:55,24.0
R093,14,乘客1322,乘客1326,647,pickup,9.0,09:31,4,09:35,595.0,09:55,24.0
R093,15,乘客1324,乘客1324,648,pickup,2.0,09:37,1,09:38,595.0,09:55,18.0
R093,16,乘客1321,乘客1321,31,dropoff,4.0,09:42,5,09:47,620.0,10:20,38.0
R093,17,乘客1322,乘客1322,31,dropoff,4.0,09:42,5,09:47,620.0,10:20,38.0
R093,17,乘客1322,乘客1323,31,dropoff,4.0,09:42,5,09:47,620.0,10:20,38.0
R093,17,乘客1322,乘客1325,31,dropoff,4.0,09:42,5,09:47,620.0,10:20,38.0
R093,17,乘客1322,乘客1326,31,dropoff,4.0,09:42,5,09:47,620.0,10:20,38.0
R093,18,乘客1324,乘客1324,31,dropoff,4.0,09:42,5,09:47,620.0,10:20,38.0
R094,1,乘客1635,乘客1635,786,pickup,0.0,06:59,1,07:00,425.0,07:05,6.0
R094,2,乘客1636,乘客1636,787,pickup,8.0,07:08,3,07:11,435.0,07:15,7.0
R094,2,乘客1636,乘客1637,787,pickup,8.0,07:08,3,07:11,435.0,07:15,7.0
R094,2,乘客1636,乘客1638,787,pickup,8.0,07:08,3,07:11,435.0,07:15,7.0
R094,3,乘客1639,乘客1639,788,pickup,17.0,07:28,1,07:29,450.0,07:30,2.0
R094,4,乘客1640,乘客1640,789,pickup,9.0,07:38,6,07:44,470.0,07:50,12.0
R094,4,乘客1640,乘客1641,789,pickup,9.0,07:38,6,07:44,470.0,07:50,12.0
R094,4,乘客1640,乘客1641跟車,789,pickup,9.0,07:38,6,07:44,470.0,07:50,12.0
R094,5,乘客1635,乘客1635,337,dropoff,13.0,07:57,8,08:05,495.0,08:15,18.0
R094,6,乘客1636,乘客1636,337,dropoff,13.0,07:57,8,08:05,495.0,08:15,18.0
R094,6,乘客1636,乘客1637,337,dropoff,13.0,07:57,8,08:05,495.0,08:15,18.0
R094,6,乘客1636,乘客1638,337,dropoff,13.0,07:57,8,08:05,495.0,08:15,18.0
R094,7,乘客1639,乘客1639,337,dropoff,13.0,07:57,8,08:05,495.0,08:15,18.0
R094,8,乘客1640,乘客1640,337,dropoff,13.0,07:57,8,08:05,495.0,08:15,18.0
R094,8,乘客1640,乘客1641,337,dropoff,13.0,07:57,8,08:05,495.0,08:15,18.0
R094,8,乘客1640,乘客1641跟車,337,dropoff,13.0,07:57,8,08:05,495.0,08:15,18.0
R094,9,乘客1642,乘客1642,333,pickup,11.0,08:16,4,08:20,505.0,08:25,9.0
R094,10,乘客1135,乘客1135,556,pickup,9.0,08:29,1,08:30,520.0,08:40,11.0
R094,11,乘客1643,乘客1643,790,pickup,9.0,08:39,4,08:43,520.0,08:40,1.0
R094,12,乘客1135,乘客1135,387,dropoff,6.0,08:49,1,08:50,535.0,08:55,6.0
R094,13,乘客1642,乘客1642,803,dropoff,11.0,09:01,3,09:04,540.0,09:00,0.0
R094,14,乘客1643,乘客1643,717,dropoff,32.0,09:36,3,09:39,600.0,10:00,24.0
R095,1,乘客1521,乘客1521,729,pickup,0.0,07:15,4,07:19,435.0,07:15,0.0
R095,2,乘客1522,乘客1522,730,pickup,24.0,07:43,1,07:44,465.0,07:45,2.0
R095,3,乘客1523,乘客1523,731,pickup,11.0,07:55,4,07:59,475.0,07:55,0.0
R095,4,乘客1524,乘客1524,732,pickup,6.0,08:05,3,08:08,490.0,08:10,5.0
R095,4,乘客1524,乘客1524跟車,732,pickup,6.0,08:05,3,08:08,490.0,08:10,5.0
R095,4,乘客1524,乘客1525,732,pickup,6.0,08:05,3,08:08,490.0,08:10,5.0
R095,5,乘客1526,乘客1526,733,pickup,4.0,08:12,1,08:13,495.0,08:15,3.0
R095,6,乘客1521,乘客1521,727,dropoff,11.0,08:24,11,08:35,525.0,08:45,21.0
R095,7,乘客1522,乘客1522,727,dropoff,11.0,08:24,11,08:35,525.0,08:45,21.0
R095,8,乘客1523,乘客1523,727,dropoff,11.0,08:24,11,08:35,525.0,08:45,21.0
R095,9,乘客1524,乘客1524,727,dropoff,11.0,08:24,11,08:35,525.0,08:45,21.0
R095,9,乘客1524,乘客1524跟車,727,dropoff,11.0,08:24,11,08:35,525.0,08:45,21.0
R095,9,乘客1524,乘客1525,727,dropoff,11.0,08:24,11,08:35,525.0,08:45,21.0
R095,10,乘客1526,乘客1526,727,dropoff,11.0,08:24,11,08:35,525.0,08:45,21.0
R095,11,乘客1736,乘客1736,831,pickup,8.0,08:43,1,08:44,525.0,08:45,2.0
R095,12,乘客1736,乘客1736,727,dropoff,8.0,08:52,1,08:53,535.0,08:55,3.0
R095,13,乘客1527,乘客1527,734,pickup,4.0,08:57,1,08:58,545.0,09:05,8.0
R095,14,乘客1690,乘客1690,806,pickup,8.0,09:06,4,09:10,555.0,09:15,9.0
R095,15,乘客1528,乘客1528,735,pickup,6.0,09:16,5,09:21,565.0,09:25,9.0
R095,15,乘客1528,乘客1529,735,pickup,6.0,09:16,5,09:21,565.0,09:25,9.0
R095,16,乘客1690,乘客1690,737,dropoff,8.0,09:29,3,09:32,580.0,09:40,11.0
R095,17,乘客1530,乘客1530,736,pickup,6.0,09:38,1,09:39,590.0,09:50,12.0
R095,18,乘客1527,乘客1527,764,dropoff,8.0,09:47,6,09:53,620.0,10:20,33.0
R095,19,乘客1528,乘客1528,764,dropoff,8.0,09:47,6,09:53,620.0,10:20,33.0
R095,19,乘客1528,乘客1529,764,dropoff,8.0,09:47,6,09:53,620.0,10:20,33.0
R095,20,乘客1530,乘客1530,764,dropoff,8.0,09:47,6,09:53,620.0,10:20,33.0
R096,1,乘客1954,乘客1954,938,pickup,0.0,06:59,1,07:00,420.0,07:00,1.0
R096,2,乘客1955,乘客1955,939,pickup,44.0,07:44,5,07:49,460.0,07:40,0.0
R096,2,乘客1955,乘客1955跟車,939,pickup,44.0,07:44,5,07:49,460.0,07:40,0.0
R096,3,乘客1956,乘客1956,940,pickup,6.0,07:55,2,07:57,470.0,07:50,0.0
R096,3,乘客1956,乘客1956跟車,940,pickup,6.0,07:55,2,07:57,470.0,07:50,0.0
R096,4,乘客1954,乘客1954,138,dropoff,21.0,08:18,1,08:19,525.0,08:45,27.0
R096,5,乘客1955,乘客1955,132,dropoff,0.0,08:19,4,08:23,525.0,08:45,26.0
R096,5,乘客1955,乘客1955跟車,132,dropoff,0.0,08:19,4,08:23,525.0,08:45,26.0
R096,6,乘客1956,乘客1956,131,dropoff,2.0,08:25,2,08:27,525.0,08:45,20.0
R096,6,乘客1956,乘客1956跟車,131,dropoff,2.0,08:25,2,08:27,525.0,08:45,20.0
R096,7,乘客1957,乘客1957,941,pickup,15.0,08:42,9,08:51,540.0,09:00,18.0
R096,7,乘客1957,乘客1957跟車,941,pickup,15.0,08:42,9,08:51,540.0,09:00,18.0
R096,7,乘客1957,乘客1958,941,pickup,15.0,08:42,9,08:51,540.0,09:00,18.0
R096,7,乘客1957,乘客1958跟車,941,pickup,15.0,08:42,9,08:51,540.0,09:00,18.0
R096,8,乘客1959,乘客1959,942,pickup,17.0,09:08,5,09:13,565.0,09:25,17.0
R096,8,乘客1959,乘客1959跟車,942,pickup,17.0,09:08,5,09:13,565.0,09:25,17.0
R096,9,乘客1957,乘客1957,59,dropoff,26.0,09:39,12,09:51,590.0,09:50,11.0
R096,9,乘客1957,乘客1957跟車,59,dropoff,26.0,09:39,12,09:51,590.0,09:50,11.0
R096,9,乘客1957,乘客1958,59,dropoff,26.0,09:39,12,09:51,590.0,09:50,11.0
R096,9,乘客1957,乘客1958跟車,59,dropoff,26.0,09:39,12,09:51,590.0,09:50,11.0
R096,10,乘客1959,乘客1959,59,dropoff,26.0,09:39,12,09:51,590.0,09:50,11.0
R096,10,乘客1959,乘客1959跟車,59,dropoff,26.0,09:39,12,09:51,590.0,09:50,11.0
R097,1,乘客1,乘客1,22,pickup,0.0,07:00,1,07:01,420.0,07:00,0.0
R097,2,乘客2,乘客2,23,pickup,8.0,07:09,4,07:13,425.0,07:05,0.0
R097,3,乘客3,乘客3,24,pickup,13.0,07:26,1,07:27,445.0,07:25,0.0
R097,4,乘客2,乘客2,1005,dropoff,9.0,07:36,3,07:39,455.0,07:35,0.0
R097,5,乘客5,乘客5,26,pickup,22.0,08:01,2,08:03,490.0,08:10,9.0
R097,5,乘客5,乘客6,26,pickup,22.0,08:01,2,08:03,490.0,08:10,9.0
R097,6,乘客7,乘客7,27,pickup,4.0,08:07,1,08:08,505.0,08:25,18.0
R097,7,乘客1,乘客1,688,dropoff,6.0,08:14,1,08:15,525.0,08:45,31.0
R097,8,乘客3,乘客3,43,dropoff,2.0,08:17,2,08:19,525.0,08:45,28.0
R097,9,乘客7,乘客7,43,dropoff,2.0,08:17,2,08:19,525.0,08:45,28.0
R097,10,乘客8,乘客8,28,pickup,2.0,08:21,5,08:26,530.0,08:50,29.0
R097,11,乘客9,乘客9,28,pickup,2.0,08:21,5,08:26,530.0,08:50,29.0
R097,12,乘客10,乘客10,29,pickup,4.0,08:30,1,08:31,540.0,09:00,30.0
R097,13,乘客11,乘客11,30,pickup,11.0,08:42,5,08:47,550.0,09:10,28.0
R097,13,乘客11,乘客12,30,pickup,11.0,08:42,5,08:47,550.0,09:10,28.0
R097,14,乘客5,乘客5,42,dropoff,6.0,08:53,10,09:03,565.0,09:25,32.0
R097,14,乘客5,乘客6,42,dropoff,6.0,08:53,10,09:03,565.0,09:25,32.0
R097,15,乘客8,乘客8,42,dropoff,6.0,08:53,10,09:03,565.0,09:25,32.0
R097,16,乘客10,乘客10,42,dropoff,6.0,08:53,10,09:03,565.0,09:25,32.0
R097,17,乘客11,乘客11,42,dropoff,6.0,08:53,10,09:03,565.0,09:25,32.0
R097,17,乘客11,乘客12,42,dropoff,6.0,08:53,10,09:03,565.0,09:25,32.0
R097,18,乘客9,乘客9,95,dropoff,17.0,09:20,1,09:21,625.0,10:25,65.0
R098,1,乘客114,乘客114,91,pickup,0.0,06:46,4,06:50,420.0,07:00,14.0
R098,2,乘客114,乘客114,42,dropoff,17.0,07:07,3,07:10,435.0,07:15,8.0
R098,3,乘客115,乘客115,92,pickup,13.0,07:23,4,07:27,450.0,07:30,7.0
R098,4,乘客117,乘客117,93,pickup,13.0,07:40,7,07:47,495.0,08:15,35.0
R098,5,乘客116,乘客116,93,pickup,13.0,07:40,7,07:47,495.0,08:15,35.0
R098,6,乘客117,乘客117,96,dropoff,17.0,08:04,3,08:07,515.0,08:35,31.0
R098,7,乘客115,乘客115,90,dropoff,2.0,08:09,6,08:15,525.0,08:45,36.0
R098,8,乘客116,乘客116,90,dropoff,2.0,08:09,6,08:15,525.0,08:45,36.0
R098,9,乘客121,乘客121,77,pickup,11.0,08:26,1,08:27,550.0,09:10,44.0
R098,10,乘客118,乘客118,78,pickup,2.0,08:29,4,08:33,550.0,09:10,41.0
R098,10,乘客118,乘客119,78,pickup,2.0,08:29,4,08:33,550.0,09:10,41.0
R098,10,乘客118,乘客120,78,pickup,2.0,08:29,4,08:33,550.0,09:10,41.0
R098,10,乘客118,乘客122,78,pickup,2.0,08:29,4,08:33,550.0,09:10,41.0
R098,11,乘客123,乘客123,94,pickup,8.0,08:41,1,08:42,560.0,09:20,39.0
R098,12,乘客1454,乘客1454,694,pickup,9.0,08:51,1,08:52,585.0,09:45,54.0
R098,13,乘客121,乘客121,42,dropoff,15.0,09:07,5,09:12,595.0,09:55,48.0
R098,14,乘客118,乘客118,42,dropoff,15.0,09:07,5,09:12,595.0,09:55,48.0
R098,14,乘客118,乘客119,42,dropoff,15.0,09:07,5,09:12,595.0,09:55,48.0
R098,14,乘客118,乘客120,42,dropoff,15.0,09:07,5,09:12,595.0,09:55,48.0
R098,14,乘客118,乘客122,42,dropoff,15.0,09:07,5,09:12,595.0,09:55,48.0
R098,15,乘客123,乘客123,42,dropoff,15.0,09:07,5,09:12,595.0,09:55,48.0
R098,16,乘客1454,乘客1454,61,dropoff,34.0,09:46,1,09:47,620.0,10:20,34.0
R099,1,乘客440,乘客440,250,pickup,0.0,06:56,1,06:57,425.0,07:05,9.0
R099,2,乘客444,乘客444,252,pickup,11.0,07:08,1,07:09,455.0,07:35,27.0
R099,3,乘客445,乘客445,253,pickup,8.0,07:17,1,07:18,465.0,07:45,28.0
R099,4,乘客963,乘客963,482,pickup,13.0,07:31,5,07:36,470.0,07:50,19.0
R099,4,乘客963,乘客963跟車,482,pickup,13.0,07:31,5,07:36,470.0,07:50,19.0
R099,5,乘客440,乘客440,160,dropoff,21.0,07:57,7,08:04,490.0,08:10,13.0
R099,6,乘客444,乘客444,160,dropoff,21.0,07:57,7,08:04,490.0,08:10,13.0
R099,7,乘客445,乘客445,160,dropoff,21.0,07:57,7,08:04,490.0,08:10,13.0
R099,8,乘客963,乘客963,160,dropoff,21.0,07:57,7,08:04,500.0,08:20,23.0
R099,8,乘客963,乘客963跟車,160,dropoff,21.0,07:57,7,08:04,500.0,08:20,23.0
R099,9,乘客446,乘客446,156,pickup,9.0,08:13,2,08:15,505.0,08:25,12.0
R099,9,乘客446,乘客447,156,pickup,9.0,08:13,2,08:15,505.0,08:25,12.0
R099,10,乘客448,乘客448,254,pickup,11.0,08:26,2,08:28,525.0,08:45,19.0
R099,10,乘客448,乘客449,254,pickup,11.0,08:26,2,08:28,525.0,08:45,19.0
R099,11,乘客446,乘客446,374,dropoff,6.0,08:34,4,08:38,535.0,08:55,21.0
R099,11,乘客446,乘客447,374,dropoff,6.0,08:34,4,08:38,535.0,08:55,21.0
R099,12,乘客448,乘客448,374,dropoff,6.0,08:34,4,08:38,535.0,08:55,21.0
R099,12,乘客448,乘客449,374,dropoff,6.0,08:34,4,08:38,535.0,08:55,21.0
R099,13,乘客1210,乘客1210,592,pickup,17.0,08:55,5,09:00,555.0,09:15,20.0
R099,13,乘客1210,乘客1210跟車,592,pickup,17.0,08:55,5,09:00,555.0,09:15,20.0
R099,14,乘客1210,乘客1210,276,dropoff,17.0,09:17,4,09:21,575.0,09:35,18.0
R099,14,乘客1210,乘客1210跟車,276,dropoff,17.0,09:17,4,09:21,575.0,09:35,18.0
R099,15,乘客451,乘客451,256,pickup,13.0,09:34,1,09:35,575.0,09:35,1.0
R099,16,乘客452,乘客452,257,pickup,9.0,09:44,1,09:45,590.0,09:50,6.0
R099,17,乘客451,乘客451,374,dropoff,9.0,09:54,2,09:56,625.0,10:25,31.0
R099,18,乘客452,乘客452,374,dropoff,9.0,09:54,2,09:56,625.0,10:25,31.0
R100,1,乘客1544,乘客1544,739,pickup,0.0,07:25,1,07:26,445.0,07:25,0.0
R100,2,乘客1544,乘客1544,717,dropoff,17.0,07:43,1,07:44,465.0,07:45,2.0
R100,3,乘客1581,乘客1581,758,pickup,6.0,07:50,5,07:55,475.0,07:55,5.0
R100,3,乘客1581,乘客1581跟車,758,pickup,6.0,07:50,5,07:55,475.0,07:55,5.0
R100,4,乘客1583,乘客1583,760,pickup,17.0,08:12,11,08:23,505.0,08:25,13.0
R100,4,乘客1583,乘客1584,760,pickup,17.0,08:12,11,08:23,505.0,08:25,13.0
R100,4,乘客1583,乘客1584跟車,760,pickup,17.0,08:12,11,08:23,505.0,08:25,13.0
R100,4,乘客1583,乘客1585,760,pickup,17.0,08:12,11,08:23,505.0,08:25,13.0
R100,5,乘客1581,乘客1581,727,dropoff,15.0,08:38,14,08:52,530.0,08:50,12.0
R100,5,乘客1581,乘客1581跟車,727,dropoff,15.0,08:38,14,08:52,530.0,08:50,12.0
R100,6,乘客1583,乘客1583,727,dropoff,15.0,08:38,14,08:52,530.0,08:50,12.0
R100,6,乘客1583,乘客1584,727,dropoff,15.0,08:38,14,08:52,530.0,08:50,12.0
R100,6,乘客1583,乘客1584跟車,727,dropoff,15.0,08:38,14,08:52,530.0,08:50,12.0
R100,6,乘客1583,乘客1585,727,dropoff,15.0,08:38,14,08:52,530.0,08:50,12.0
R100,7,乘客1586,乘客1586,761,pickup,13.0,09:05,4,09:09,545.0,09:05,0.0
R100,8,乘客1587,乘客1587,762,pickup,13.0,09:22,4,09:26,565.0,09:25,3.0
R100,9,乘客1588,乘客1588,763,pickup,4.0,09:30,5,09:35,575.0,09:35,5.0
R100,9,乘客1588,乘客1588跟車,763,pickup,4.0,09:30,5,09:35,575.0,09:35,5.0
R100,10,乘客1586,乘客1586,784,dropoff,6.0,09:41,3,09:44,585.0,09:45,4.0
R100,11,乘客1587,乘客1587,423,dropoff,19.0,10:03,3,10:06,605.0,10:05,2.0
R100,12,乘客1588,乘客1588,766,dropoff,9.0,10:15,4,10:19,620.0,10:20,5.0
R100,12,乘客1588,乘客1588跟車,766,dropoff,9.0,10:15,4,10:19,620.0,10:20,5.0
R101,1,乘客1297,乘客1297,638,pickup,0.0,06:26,4,06:30,410.0,06:50,24.0
R101,2,乘客1904,乘客1904,911,pickup,24.0,06:54,4,06:58,450.0,07:30,36.0
R101,3,乘客1905,乘客1905,912,pickup,15.0,07:13,7,07:20,460.0,07:40,27.0
R101,3,乘客1905,乘客1905跟車,912,pickup,15.0,07:13,7,07:20,460.0,07:40,27.0
R101,4,乘客1906,乘客1906,912,pickup,15.0,07:13,7,07:20,460.0,07:40,27.0
R101,4,乘客1906,乘客1906跟車,912,pickup,15.0,07:13,7,07:20,460.0,07:40,27.0
R101,5,乘客1297,乘客1297,90,dropoff,24.0,07:44,3,07:47,465.0,07:45,1.0
R101,6,乘客1904,乘客1904,1133,dropoff,2.0,07:49,3,07:52,495.0,08:15,26.0
R101,7,乘客1905,乘客1905,90,dropoff,2.0,07:54,4,07:58,495.0,08:15,21.0
R101,7,乘客1905,乘客1905跟車,90,dropoff,2.0,07:54,4,07:58,495.0,08:15,21.0
R101,8,乘客1906,乘客1906,132,dropoff,9.0,08:07,2,08:09,505.0,08:25,18.0
R101,8,乘客1906,乘客1906跟車,132,dropoff,9.0,08:07,2,08:09,505.0,08:25,18.0
R101,9,乘客1299,乘客1299,640,pickup,17.0,08:26,6,08:32,530.0,08:50,24.0
R101,9,乘客1299,乘客1299跟車,640,pickup,17.0,08:26,6,08:32,530.0,08:50,24.0
R101,9,乘客1299,乘客1299跟車,640,pickup,17.0,08:26,6,08:32,530.0,08:50,24.0
R101,10,乘客1486,乘客1486,710,pickup,19.0,08:51,1,08:52,555.0,09:15,24.0
R101,11,乘客1299,乘客1299,41,dropoff,2.0,08:54,5,08:59,570.0,09:30,36.0
R101,11,乘客1299,乘客1299跟車,41,dropoff,2.0,08:54,5,08:59,570.0,09:30,36.0
R101,11,乘客1299,乘客1299跟車,41,dropoff,2.0,08:54,5,08:59,570.0,09:30,36.0
R101,12,乘客1486,乘客1486,44,dropoff,21.0,09:20,1,09:21,570.0,09:30,10.0
R102,1,乘客76,乘客76,73,pickup,0.0,07:10,4,07:14,430.0,07:10,0.0
R102,2,乘客77,乘客77,74,pickup,11.0,07:25,3,07:28,445.0,07:25,0.0
R102,3,乘客78,乘客78,74,pickup,11.0,07:25,3,07:28,445.0,07:25,0.0
R102,3,乘客78,乘客78跟車,74,pickup,11.0,07:25,3,07:28,445.0,07:25,0.0
R102,4,乘客79,乘客79,75,pickup,9.0,07:37,2,07:39,465.0,07:45,8.0
R102,4,乘客79,乘客80,75,pickup,9.0,07:37,2,07:39,465.0,07:45,8.0
R102,5,乘客4,乘客4,25,pickup,9.0,07:48,1,07:49,470.0,07:50,2.0
R102,6,乘客81,乘客81,52,pickup,4.0,07:53,1,07:54,475.0,07:55,2.0
R102,7,乘客82,乘客82,76,pickup,2.0,07:56,1,07:57,480.0,08:00,4.0
R102,8,乘客77,乘客77,31,dropoff,6.0,08:03,3,08:06,510.0,08:30,27.0
R102,9,乘客79,乘客79,31,dropoff,6.0,08:03,3,08:06,510.0,08:30,27.0
R102,9,乘客79,乘客80,31,dropoff,6.0,08:03,3,08:06,510.0,08:30,27.0
R102,10,乘客4,乘客4,80,dropoff,19.0,08:25,1,08:26,535.0,08:55,30.0
R102,11,乘客76,乘客76,77,dropoff,9.0,08:35,5,08:40,540.0,09:00,25.0
R102,12,乘客78,乘客78,77,dropoff,9.0,08:35,5,08:40,540.0,09:00,25.0
R102,12,乘客78,乘客78跟車,77,dropoff,9.0,08:35,5,08:40,540.0,09:00,25.0
R102,13,乘客82,乘客82,1014,dropoff,2.0,08:42,1,08:43,540.0,09:00,18.0
R102,14,乘客84,乘客84,78,pickup,2.0,08:45,1,08:46,540.0,09:00,15.0
R102,15,乘客85,乘客85,79,pickup,8.0,08:54,1,08:55,550.0,09:10,16.0
R102,16,乘客81,乘客81,44,dropoff,13.0,09:08,3,09:11,565.0,09:25,17.0
R102,17,乘客84,乘客84,44,dropoff,13.0,09:08,3,09:11,565.0,09:25,17.0
R102,18,乘客85,乘客85,44,dropoff,13.0,09:08,3,09:11,565.0,09:25,17.0
R102,19,乘客1895,乘客1895,907,pickup,8.0,09:19,4,09:23,565.0,09:25,6.0
R102,20,乘客1895,乘客1895,131,dropoff,15.0,09:38,3,09:41,590.0,09:50,12.0
R103,1,乘客349,乘客349,204,pickup,0.0,07:15,5,07:20,435.0,07:15,0.0
R103,1,乘客349,乘客349跟車,204,pickup,0.0,07:15,5,07:20,435.0,07:15,0.0
R103,2,乘客350,乘客350,205,pickup,17.0,07:37,1,07:38,455.0,07:35,0.0
R103,3,乘客351,乘客351,143,pickup,15.0,07:53,2,07:55,470.0,07:50,0.0
R103,3,乘客351,乘客351跟車,143,pickup,15.0,07:53,2,07:55,470.0,07:50,0.0
R103,4,乘客350,乘客350,279,dropoff,4.0,07:59,1,08:00,480.0,08:00,1.0
R103,5,乘客352,乘客352,206,pickup,2.0,08:02,5,08:07,485.0,08:05,3.0
R103,5,乘客352,乘客352跟車,206,pickup,2.0,08:02,5,08:07,485.0,08:05,3.0
R103,6,乘客349,乘客349,280,dropoff,2.0,08:09,4,08:13,490.0,08:10,1.0
R103,6,乘客349,乘客349跟車,280,dropoff,2.0,08:09,4,08:13,490.0,08:10,1.0
R103,7,乘客1240,乘客1240,611,pickup,4.0,08:17,2,08:19,500.0,08:20,3.0
R103,7,乘客1240,乘客1240跟車,611,pickup,4.0,08:17,2,08:19,500.0,08:20,3.0
R103,8,乘客1240,乘客1240,314,dropoff,15.0,08:34,2,08:36,520.0,08:40,6.0
R103,8,乘客1240,乘客1240跟車,314,dropoff,15.0,08:34,2,08:36,520.0,08:40,6.0
R103,9,乘客355,乘客355,209,pickup,17.0,08:53,5,08:58,545.0,09:05,12.0
R103,9,乘客355,乘客355跟車,209,pickup,17.0,08:53,5,08:58,545.0,09:05,12.0
R103,10,乘客351,乘客351,276,dropoff,17.0,09:15,10,09:25,570.0,09:30,15.0
R103,10,乘客351,乘客351跟車,276,dropoff,17.0,09:15,10,09:25,570.0,09:30,15.0
R103,11,乘客352,乘客352,276,dropoff,17.0,09:15,10,09:25,570.0,09:30,15.0
R103,11,乘客352,乘客352跟車,276,dropoff,17.0,09:15,10,09:25,570.0,09:30,15.0
R103,12,乘客355,乘客355,276,dropoff,17.0,09:15,10,09:25,570.0,09:30,15.0
R103,12,乘客355,乘客355跟車,276,dropoff,17.0,09:15,10,09:25,570.0,09:30,15.0
R103,13,乘客284,乘客284,170,pickup,21.0,09:46,4,09:50,585.0,09:45,0.0
R103,14,乘客284,乘客284,191,dropoff,22.0,10:12,3,10:15,640.0,10:40,28.0
R104,1,乘客1398,乘客1398,675,pickup,0.0,07:03,5,07:08,435.0,07:15,12.0
R104,1,乘客1398,乘客1398跟車,675,pickup,0.0,07:03,5,07:08,435.0,07:15,12.0
R104,2,乘客1399,乘客1399,676,pickup,6.0,07:14,2,07:16,445.0,07:25,11.0
R104,2,乘客1399,乘客1399跟車,676,pickup,6.0,07:14,2,07:16,445.0,07:25,11.0
R104,3,乘客1400,乘客1400,677,pickup,9.0,07:25,7,07:32,455.0,07:35,10.0
R104,3,乘客1400,乘客1400跟車,677,pickup,9.0,07:25,7,07:32,455.0,07:35,10.0
R104,4,乘客1401,乘客1401,677,pickup,9.0,07:25,7,07:32,455.0,07:35,10.0
R104,4,乘客1401,乘客1401跟車,677,pickup,9.0,07:25,7,07:32,455.0,07:35,10.0
R104,5,乘客1336,乘客1336,652,pickup,17.0,07:49,1,07:50,480.0,08:00,11.0
R104,6,乘客1398,乘客1398,131,dropoff,29.0,08:19,8,08:27,510.0,08:30,11.0
R104,6,乘客1398,乘客1398跟車,131,dropoff,29.0,08:19,8,08:27,510.0,08:30,11.0
R104,7,乘客1399,乘客1399,131,dropoff,29.0,08:19,8,08:27,510.0,08:30,11.0
R104,7,乘客1399,乘客1399跟車,131,dropoff,29.0,08:19,8,08:27,510.0,08:30,11.0
R104,8,乘客1400,乘客1400,131,dropoff,29.0,08:19,8,08:27,510.0,08:30,11.0
R104,8,乘客1400,乘客1400跟車,131,dropoff,29.0,08:19,8,08:27,510.0,08:30,11.0
R104,9,乘客1401,乘客1401,132,dropoff,2.0,08:29,4,08:33,510.0,08:30,1.0
R104,9,乘客1401,乘客1401跟車,132,dropoff,2.0,08:29,4,08:33,510.0,08:30,1.0
R104,10,乘客1825,乘客1825,879,pickup,8.0,08:41,5,08:46,560.0,09:20,39.0
R104,10,乘客1825,乘客1825跟車,879,pickup,8.0,08:41,5,08:46,560.0,09:20,39.0
R104,11,乘客1336,乘客1336,115,dropoff,17.0,09:03,1,09:04,570.0,09:30,27.0
R104,12,乘客1825,乘客1825,70,dropoff,15.0,09:19,4,09:23,580.0,09:40,21.0
R104,12,乘客1825,乘客1825跟車,70,dropoff,15.0,09:19,4,09:23,580.0,09:40,21.0
R104,13,乘客907,乘客907,457,pickup,17.0,09:40,5,09:45,590.0,09:50,10.0
R104,13,乘客907,乘客907跟車,457,pickup,17.0,09:40,5,09:45,590.0,09:50,10.0
R104,14,乘客907,乘客907,458,dropoff,15.0,10:00,4,10:04,615.0,10:15,15.0
R104,14,乘客907,乘客907跟車,458,dropoff,15.0,10:00,4,10:04,615.0,10:15,15.0
R105,1,乘客667,乘客667,360,pickup,0.0,07:19,1,07:20,445.0,07:25,6.0
R105,2,乘客385,乘客385,223,pickup,8.0,07:28,7,07:35,455.0,07:35,7.0
R105,3,乘客384,乘客384,223,pickup,8.0,07:28,7,07:35,455.0,07:35,7.0
R105,4,乘客668,乘客668,361,pickup,6.0,07:41,4,07:45,455.0,07:35,0.0
R105,5,乘客671,乘客671,363,pickup,13.0,07:58,2,08:00,485.0,08:05,7.0
R105,5,乘客671,乘客671跟車,363,pickup,13.0,07:58,2,08:00,485.0,08:05,7.0
R105,6,乘客672,乘客672,364,pickup,8.0,08:08,1,08:09,495.0,08:15,7.0
R105,7,乘客673,乘客673,365,pickup,8.0,08:17,3,08:20,505.0,08:25,8.0
R105,7,乘客673,乘客674,365,pickup,8.0,08:17,3,08:20,505.0,08:25,8.0
R105,7,乘客673,乘客675,365,pickup,8.0,08:17,3,08:20,505.0,08:25,8.0
R105,8,乘客385,乘客385,546,dropoff,11.0,08:31,3,08:34,510.0,08:30,0.0
R105,9,乘客384,乘客384,61,dropoff,2.0,08:36,3,08:39,515.0,08:35,0.0
R105,10,乘客667,乘客667,160,dropoff,2.0,08:41,8,08:49,535.0,08:55,14.0
R105,11,乘客668,乘客668,160,dropoff,2.0,08:41,8,08:49,535.0,08:55,14.0
R105,12,乘客671,乘客671,160,dropoff,2.0,08:41,8,08:49,535.0,08:55,14.0
R105,12,乘客671,乘客671跟車,160,dropoff,2.0,08:41,8,08:49,535.0,08:55,14.0
R105,13,乘客672,乘客672,160,dropoff,2.0,08:41,8,08:49,535.0,08:55,14.0
R105,14,乘客673,乘客673,160,dropoff,2.0,08:41,8,08:49,535.0,08:55,14.0
R105,14,乘客673,乘客674,160,dropoff,2.0,08:41,8,08:49,535.0,08:55,14.0
R105,14,乘客673,乘客675,160,dropoff,2.0,08:41,8,08:49,535.0,08:55,14.0
R105,15,乘客677,乘客677,367,pickup,9.0,08:58,5,09:03,560.0,09:20,22.0
R105,15,乘客677,乘客677跟車,367,pickup,9.0,08:58,5,09:03,560.0,09:20,22.0
R105,16,乘客677,乘客677,276,dropoff,11.0,09:14,4,09:18,590.0,09:50,36.0
R105,16,乘客677,乘客677跟車,276,dropoff,11.0,09:14,4,09:18,590.0,09:50,36.0
R105,17,乘客109,乘客109,89,pickup,28.0,09:46,4,09:50,600.0,10:00,14.0
R105,18,乘客109,乘客109,133,dropoff,17.0,10:07,3,10:10,620.0,10:20,13.0
R106,1,乘客466,乘客466,261,pickup,0.0,07:20,1,07:21,445.0,07:25,5.0
R106,2,乘客1653,乘客1653,794,pickup,15.0,07:36,5,07:41,460.0,07:40,4.0
R106,2,乘客1653,乘客1654,794,pickup,15.0,07:36,5,07:41,460.0,07:40,4.0
R106,3,乘客1655,乘客1655,795,pickup,6.0,07:47,2,07:49,470.0,07:50,3.0
R106,3,乘客1655,乘客1656,795,pickup,6.0,07:47,2,07:49,470.0,07:50,3.0
R106,4,乘客470,乘客470,264,pickup,8.0,07:57,1,07:58,505.0,08:25,28.0
R106,5,乘客1658,乘客1658,797,pickup,21.0,08:19,1,08:20,505.0,08:25,6.0
R106,6,乘客1659,乘客1659,798,pickup,6.0,08:26,1,08:27,510.0,08:30,4.0
R106,7,乘客466,乘客466,236,dropoff,8.0,08:35,2,08:37,535.0,08:55,20.0
R106,8,乘客470,乘客470,236,dropoff,8.0,08:35,2,08:37,535.0,08:55,20.0
R106,9,乘客1661,乘客1661,800,pickup,6.0,08:43,2,08:45,540.0,09:00,17.0
R106,9,乘客1661,乘客1662,800,pickup,6.0,08:43,2,08:45,540.0,09:00,17.0
R106,10,乘客1663,乘客1663,233,pickup,8.0,08:53,4,08:57,550.0,09:10,17.0
R106,11,乘客1653,乘客1653,201,dropoff,22.0,09:19,11,09:30,580.0,09:40,21.0
R106,11,乘客1653,乘客1654,201,dropoff,22.0,09:19,11,09:30,580.0,09:40,21.0
R106,12,乘客1655,乘客1655,201,dropoff,22.0,09:19,11,09:30,580.0,09:40,21.0
R106,12,乘客1655,乘客1656,201,dropoff,22.0,09:19,11,09:30,580.0,09:40,21.0
R106,13,乘客1658,乘客1658,201,dropoff,22.0,09:19,11,09:30,580.0,09:40,21.0
R106,14,乘客1659,乘客1659,201,dropoff,22.0,09:19,11,09:30,580.0,09:40,21.0
R106,15,乘客1661,乘客1661,201,dropoff,22.0,09:19,11,09:30,580.0,09:40,21.0
R106,15,乘客1661,乘客1662,201,dropoff,22.0,09:19,11,09:30,580.0,09:40,21.0
R106,16,乘客1663,乘客1663,201,dropoff,22.0,09:19,11,09:30,580.0,09:40,21.0
R106,17,乘客863,乘客863,436,pickup,13.0,09:43,5,09:48,585.0,09:45,2.0
R106,17,乘客863,乘客863跟車,436,pickup,13.0,09:43,5,09:48,585.0,09:45,2.0
R106,18,乘客863,乘客863,393,dropoff,15.0,10:03,4,10:07,605.0,10:05,2.0
R106,18,乘客863,乘客863跟車,393,dropoff,15.0,10:03,4,10:07,605.0,10:05,2.0
R107,1,乘客987,乘客987,492,pickup,0.0,07:00,4,07:04,420.0,07:00,0.0
R107,2,乘客987,乘客987,172,dropoff,17.0,07:21,3,07:24,445.0,07:25,4.0
R107,3,乘客988,乘客988,493,pickup,28.0,07:52,1,07:53,470.0,07:50,0.0
R107,4,乘客989,乘客989,494,pickup,6.0,07:59,2,08:01,475.0,07:55,0.0
R107,4,乘客989,乘客990,494,pickup,6.0,07:59,2,08:01,475.0,07:55,0.0
R107,5,乘客991,乘客991,495,pickup,6.0,08:07,2,08:09,485.0,08:05,0.0
R107,5,乘客991,乘客992,495,pickup,6.0,08:07,2,08:09,485.0,08:05,0.0
R107,6,乘客993,乘客993,496,pickup,6.0,08:15,1,08:16,490.0,08:10,0.0
R107,7,乘客988,乘客988,387,dropoff,15.0,08:31,5,08:36,525.0,08:45,14.0
R107,8,乘客989,乘客989,387,dropoff,15.0,08:31,5,08:36,525.0,08:45,14.0
R107,8,乘客989,乘客990,387,dropoff,15.0,08:31,5,08:36,525.0,08:45,14.0
R107,9,乘客991,乘客991,387,dropoff,15.0,08:31,5,08:36,525.0,08:45,14.0
R107,9,乘客991,乘客992,387,dropoff,15.0,08:31,5,08:36,525.0,08:45,14.0
R107,10,乘客993,乘客993,387,dropoff,15.0,08:31,5,08:36,525.0,08:45,14.0
R107,11,乘客995,乘客995,498,pickup,13.0,08:49,4,08:53,540.0,09:00,11.0
R107,12,乘客996,乘客996,499,pickup,17.0,09:10,4,09:14,560.0,09:20,10.0
R107,13,乘客997,乘客997,500,pickup,6.0,09:20,1,09:21,570.0,09:30,10.0
R107,14,乘客998,乘客998,331,pickup,9.0,09:30,2,09:32,585.0,09:45,15.0
R107,14,乘客998,乘客999,331,pickup,9.0,09:30,2,09:32,585.0,09:45,15.0
R107,15,乘客995,乘客995,387,dropoff,6.0,09:38,6,09:44,605.0,10:05,27.0
R107,16,乘客997,乘客997,387,dropoff,6.0,09:38,6,09:44,605.0,10:05,27.0
R107,17,乘客998,乘客998,387,dropoff,6.0,09:38,6,09:44,605.0,10:05,27.0
R107,17,乘客998,乘客999,387,dropoff,6.0,09:38,6,09:44,605.0,10:05,27.0
R107,18,乘客996,乘客996,346,dropoff,8.0,09:52,3,09:55,620.0,10:20,28.0
R108,1,乘客1888,乘客1888,902,pickup,0.0,06:55,2,06:57,420.0,07:00,5.0
R108,1,乘客1888,乘客1888跟車,902,pickup,0.0,06:55,2,06:57,420.0,07:00,5.0
R108,2,乘客1889,乘客1889,903,pickup,15.0,07:12,5,07:17,440.0,07:20,8.0
R108,2,乘客1889,乘客1889跟車,903,pickup,15.0,07:12,5,07:17,440.0,07:20,8.0
R108,3,乘客1890,乘客1890,563,pickup,6.0,07:23,1,07:24,460.0,07:40,17.0
R108,4,乘客1891,乘客1891,904,pickup,17.0,07:41,1,07:42,475.0,07:55,14.0
R108,5,乘客1892,乘客1892,849,pickup,11.0,07:53,2,07:55,480.0,08:00,7.0
R108,5,乘客1892,乘客1892跟車,849,pickup,11.0,07:53,2,07:55,480.0,08:00,7.0
R108,6,乘客1893,乘客1893,905,pickup,4.0,07:59,1,08:00,485.0,08:05,6.0
R108,7,乘客1888,乘客1888,138,dropoff,34.0,08:34,2,08:36,525.0,08:45,11.0
R108,7,乘客1888,乘客1888跟車,138,dropoff,34.0,08:34,2,08:36,525.0,08:45,11.0
R108,8,乘客1889,乘客1889,131,dropoff,2.0,08:38,4,08:42,525.0,08:45,7.0
R108,8,乘客1889,乘客1889跟車,131,dropoff,2.0,08:38,4,08:42,525.0,08:45,7.0
R108,9,乘客1890,乘客1890,138,dropoff,2.0,08:44,4,08:48,525.0,08:45,1.0
R108,10,乘客1891,乘客1891,138,dropoff,2.0,08:44,4,08:48,525.0,08:45,1.0
R108,11,乘客1892,乘客1892,138,dropoff,2.0,08:44,4,08:48,525.0,08:45,1.0
R108,11,乘客1892,乘客1892跟車,138,dropoff,2.0,08:44,4,08:48,525.0,08:45,1.0
R108,12,乘客1893,乘客1893,90,dropoff,9.0,08:57,1,08:58,540.0,09:00,3.0
R108,13,乘客1894,乘客1894,906,pickup,15.0,09:13,4,09:17,555.0,09:15,2.0
R108,14,乘客1896,乘客1896,908,pickup,9.0,09:26,5,09:31,575.0,09:35,9.0
R108,14,乘客1896,乘客1896跟車,908,pickup,9.0,09:26,5,09:31,575.0,09:35,9.0
R108,15,乘客1894,乘客1894,132,dropoff,9.0,09:40,3,09:43,590.0,09:50,10.0
R108,16,乘客1896,乘客1896,131,dropoff,2.0,09:45,4,09:49,590.0,09:50,5.0
R108,16,乘客1896,乘客1896跟車,131,dropoff,2.0,09:45,4,09:49,590.0,09:50,5.0
R109,1,乘客1748,乘客1748,833,pickup,0.0,06:56,2,06:58,420.0,07:00,4.0
R109,1,乘客1748,乘客1748跟車,833,pickup,0.0,06:56,2,06:58,420.0,07:00,4.0
R109,2,乘客1751,乘客1751,837,pickup,15.0,07:13,4,07:17,455.0,07:35,22.0
R109,3,乘客498,乘客498,281,pickup,26.0,07:43,1,07:44,485.0,08:05,22.0
R109,4,乘客1748,乘客1748,236,dropoff,6.0,07:50,5,07:55,495.0,08:15,25.0
R109,4,乘客1748,乘客1748跟車,236,dropoff,6.0,07:50,5,07:55,495.0,08:15,25.0
R109,5,乘客1751,乘客1751,236,dropoff,6.0,07:50,5,07:55,495.0,08:15,25.0
R109,6,乘客499,乘客499,282,pickup,8.0,08:03,1,08:04,495.0,08:15,12.0
R109,7,乘客498,乘客498,269,dropoff,19.0,08:23,1,08:24,515.0,08:35,12.0
R109,8,乘客499,乘客499,268,dropoff,11.0,08:35,1,08:36,525.0,08:45,10.0
R109,9,乘客500,乘客500,263,pickup,9.0,08:45,10,08:55,545.0,09:05,20.0
R109,9,乘客500,乘客501,263,pickup,9.0,08:45,10,08:55,545.0,09:05,20.0
R109,9,乘客500,乘客502,263,pickup,9.0,08:45,10,08:55,545.0,09:05,20.0
R109,10,乘客504,乘客504,283,pickup,9.0,09:04,4,09:08,570.0,09:30,26.0
R109,11,乘客500,乘客500,271,dropoff,8.0,09:16,12,09:28,585.0,09:45,29.0
R109,11,乘客500,乘客501,271,dropoff,8.0,09:16,12,09:28,585.0,09:45,29.0
R109,11,乘客500,乘客502,271,dropoff,8.0,09:16,12,09:28,585.0,09:45,29.0
R109,12,乘客504,乘客504,271,dropoff,8.0,09:16,12,09:28,585.0,09:45,29.0
R109,13,乘客505,乘客505,284,pickup,6.0,09:34,1,09:35,600.0,10:00,26.0
R109,14,乘客506,乘客506,285,pickup,8.0,09:43,1,09:44,605.0,10:05,22.0
R109,15,乘客507,乘客507,286,pickup,2.0,09:46,1,09:47,610.0,10:10,24.0
R109,16,乘客505,乘客505,234,dropoff,6.0,09:53,3,09:56,630.0,10:30,37.0
R109,17,乘客506,乘客506,234,dropoff,6.0,09:53,3,09:56,630.0,10:30,37.0
R109,18,乘客507,乘客507,234,dropoff,6.0,09:53,3,09:56,630.0,10:30,37.0
R110,1,乘客975,乘客975,488,pickup,0.0,07:10,8,07:18,430.0,07:10,0.0
R110,2,乘客976,乘客976,488,pickup,0.0,07:10,8,07:18,430.0,07:10,0.0
R110,2,乘客976,乘客976跟車,488,pickup,0.0,07:10,8,07:18,430.0,07:10,0.0
R110,3,乘客977,乘客977,489,pickup,4.0,07:22,1,07:23,440.0,07:20,0.0
R110,4,乘客978,乘客978,490,pickup,6.0,07:29,1,07:30,445.0,07:25,0.0
R110,5,乘客975,乘客975,160,dropoff,17.0,07:47,5,07:52,470.0,07:50,3.0
R110,6,乘客977,乘客977,160,dropoff,17.0,07:47,5,07:52,470.0,07:50,3.0
R110,7,乘客978,乘客978,160,dropoff,17.0,07:47,5,07:52,470.0,07:50,3.0
R110,8,乘客979,乘客979,491,pickup,9.0,08:01,5,08:06,485.0,08:05,4.0
R110,8,乘客979,乘客979跟車,491,pickup,9.0,08:01,5,08:06,485.0,08:05,4.0
R110,9,乘客980,乘客980,467,pickup,15.0,08:21,5,08:26,520.0,08:40,19.0
R110,9,乘客980,乘客980跟車,467,pickup,15.0,08:21,5,08:26,520.0,08:40,19.0
R110,10,乘客976,乘客976,178,dropoff,13.0,08:39,12,08:51,535.0,08:55,16.0
R110,10,乘客976,乘客976跟車,178,dropoff,13.0,08:39,12,08:51,535.0,08:55,16.0
R110,11,乘客979,乘客979,178,dropoff,13.0,08:39,12,08:51,535.0,08:55,16.0
R110,11,乘客979,乘客979跟車,178,dropoff,13.0,08:39,12,08:51,535.0,08:55,16.0
R110,12,乘客980,乘客980,178,dropoff,13.0,08:39,12,08:51,535.0,08:55,16.0
R110,12,乘客980,乘客980跟車,178,dropoff,13.0,08:39,12,08:51,535.0,08:55,16.0
R110,13,乘客281,乘客281,167,pickup,19.0,09:10,4,09:14,560.0,09:20,10.0
R110,14,乘客678,乘客678,368,pickup,11.0,09:25,5,09:30,575.0,09:35,10.0
R110,14,乘客678,乘客678跟車,368,pickup,11.0,09:25,5,09:30,575.0,09:35,10.0
R110,15,乘客678,乘客678,276,dropoff,9.0,09:39,4,09:43,590.0,09:50,11.0
R110,15,乘客678,乘客678跟車,276,dropoff,9.0,09:39,4,09:43,590.0,09:50,11.0
R110,16,乘客281,乘客281,185,dropoff,15.0,09:58,3,10:01,615.0,10:15,17.0
R111,1,乘客739,乘客739,388,pickup,0.0,07:08,1,07:09,445.0,07:25,17.0
R111,2,乘客745,乘客745,392,pickup,19.0,07:28,1,07:29,485.0,08:05,37.0
R111,3,乘客747,乘客747,243,pickup,6.0,07:35,1,07:36,495.0,08:15,40.0
R111,4,乘客748,乘客748,241,pickup,6.0,07:42,1,07:43,500.0,08:20,38.0
R111,5,乘客835,乘客835,426,pickup,8.0,07:51,1,07:52,500.0,08:20,29.0
R111,6,乘客739,乘客739,304,dropoff,11.0,08:03,4,08:07,510.0,08:30,27.0
R111,7,乘客745,乘客745,304,dropoff,11.0,08:03,4,08:07,510.0,08:30,27.0
R111,8,乘客747,乘客747,304,dropoff,11.0,08:03,4,08:07,510.0,08:30,27.0
R111,9,乘客748,乘客748,304,dropoff,11.0,08:03,4,08:07,510.0,08:30,27.0
R111,10,乘客836,乘客836,241,pickup,8.0,08:15,5,08:20,510.0,08:30,15.0
R111,10,乘客836,乘客836跟車,241,pickup,8.0,08:15,5,08:20,510.0,08:30,15.0
R111,11,乘客837,乘客837,427,pickup,2.0,08:22,5,08:27,515.0,08:35,13.0
R111,11,乘客837,乘客837跟車,427,pickup,2.0,08:22,5,08:27,515.0,08:35,13.0
R111,12,乘客835,乘客835,202,dropoff,17.0,08:44,1,08:45,530.0,08:50,6.0
R111,13,乘客838,乘客838,428,pickup,8.0,08:53,5,08:58,535.0,08:55,2.0
R111,13,乘客838,乘客838跟車,428,pickup,8.0,08:53,5,08:58,535.0,08:55,2.0
R111,14,乘客839,乘客839,414,pickup,8.0,09:06,6,09:12,545.0,09:05,0.0
R111,14,乘客839,乘客839跟車,414,pickup,8.0,09:06,6,09:12,545.0,09:05,0.0
R111,14,乘客839,乘客839跟車,414,pickup,8.0,09:06,6,09:12,545.0,09:05,0.0
R111,15,乘客836,乘客836,276,dropoff,28.0,09:40,17,09:57,610.0,10:10,30.0
R111,15,乘客836,乘客836跟車,276,dropoff,28.0,09:40,17,09:57,610.0,10:10,30.0
R111,16,乘客837,乘客837,276,dropoff,28.0,09:40,17,09:57,610.0,10:10,30.0
R111,16,乘客837,乘客837跟車,276,dropoff,28.0,09:40,17,09:57,610.0,10:10,30.0
R111,17,乘客838,乘客838,276,dropoff,28.0,09:40,17,09:57,610.0,10:10,30.0
R111,17,乘客838,乘客838跟車,276,dropoff,28.0,09:40,17,09:57,610.0,10:10,30.0
R111,18,乘客839,乘客839,276,dropoff,28.0,09:40,17,09:57,610.0,10:10,30.0
R111,18,乘客839,乘客839跟車,276,dropoff,28.0,09:40,17,09:57,610.0,10:10,30.0
R111,18,乘客839,乘客839跟車,276,dropoff,28.0,09:40,17,09:57,610.0,10:10,30.0
R112,1,乘客716,乘客716,377,pickup,0.0,06:48,5,06:53,420.0,07:00,12.0
R112,1,乘客716,乘客716跟車,377,pickup,0.0,06:48,5,06:53,420.0,07:00,12.0
R112,2,乘客718,乘客718,379,pickup,21.0,07:14,1,07:15,455.0,07:35,21.0
R112,3,乘客718,乘客718,554,dropoff,6.0,07:21,1,07:22,470.0,07:50,29.0
R112,4,乘客719,乘客719,380,pickup,8.0,07:30,1,07:31,485.0,08:05,35.0
R112,5,乘客720,乘客720,381,pickup,2.0,07:33,3,07:36,495.0,08:15,42.0
R112,5,乘客720,乘客720跟車,381,pickup,2.0,07:33,3,07:36,495.0,08:15,42.0
R112,5,乘客720,乘客721,381,pickup,2.0,07:33,3,07:36,495.0,08:15,42.0
R112,6,乘客722,乘客722,382,pickup,2.0,07:38,1,07:39,500.0,08:20,42.0
R112,7,乘客723,乘客723,383,pickup,6.0,07:45,1,07:46,505.0,08:25,40.0
R112,8,乘客1117,乘客1117,549,pickup,9.0,07:55,4,07:59,510.0,08:30,35.0
R112,9,乘客719,乘客719,386,dropoff,6.0,08:05,2,08:07,515.0,08:35,30.0
R112,10,乘客723,乘客723,386,dropoff,6.0,08:05,2,08:07,515.0,08:35,30.0
R112,11,乘客724,乘客724,384,pickup,4.0,08:11,1,08:12,520.0,08:40,29.0
R112,12,乘客725,乘客725,385,pickup,2.0,08:14,5,08:19,525.0,08:45,31.0
R112,12,乘客725,乘客725跟車,385,pickup,2.0,08:14,5,08:19,525.0,08:45,31.0
R112,13,乘客716,乘客716,337,dropoff,11.0,08:30,8,08:38,540.0,09:00,30.0
R112,13,乘客716,乘客716跟車,337,dropoff,11.0,08:30,8,08:38,540.0,09:00,30.0
R112,14,乘客720,乘客720,337,dropoff,11.0,08:30,8,08:38,540.0,09:00,30.0
R112,14,乘客720,乘客720跟車,337,dropoff,11.0,08:30,8,08:38,540.0,09:00,30.0
R112,14,乘客720,乘客721,337,dropoff,11.0,08:30,8,08:38,540.0,09:00,30.0
R112,15,乘客722,乘客722,337,dropoff,11.0,08:30,8,08:38,540.0,09:00,30.0
R112,16,乘客724,乘客724,337,dropoff,11.0,08:30,8,08:38,540.0,09:00,30.0
R112,17,乘客1117,乘客1117,328,dropoff,29.0,09:07,3,09:10,555.0,09:15,8.0
R112,18,乘客725,乘客725,276,dropoff,17.0,09:27,4,09:31,580.0,09:40,13.0
R112,18,乘客725,乘客725跟車,276,dropoff,17.0,09:27,4,09:31,580.0,09:40,13.0
R113,1,乘客99,乘客99,82,pickup,0.0,07:00,9,07:09,420.0,07:00,0.0
R113,1,乘客99,乘客99跟車,82,pickup,0.0,07:00,9,07:09,420.0,07:00,0.0
R113,1,乘客99,乘客100,82,pickup,0.0,07:00,9,07:09,420.0,07:00,0.0
R113,1,乘客99,乘客100跟車,82,pickup,0.0,07:00,9,07:09,420.0,07:00,0.0
R113,2,乘客101,乘客101,83,pickup,24.0,07:33,2,07:35,460.0,07:40,7.0
R113,2,乘客101,乘客101跟車,83,pickup,24.0,07:33,2,07:35,460.0,07:40,7.0
R113,3,乘客99,乘客99,90,dropoff,17.0,07:52,10,08:02,485.0,08:05,13.0
R113,3,乘客99,乘客99跟車,90,dropoff,17.0,07:52,10,08:02,485.0,08:05,13.0
R113,3,乘客99,乘客100,90,dropoff,17.0,07:52,10,08:02,485.0,08:05,13.0
R113,3,乘客99,乘客100跟車,90,dropoff,17.0,07:52,10,08:02,485.0,08:05,13.0
R113,4,乘客101,乘客101,90,dropoff,17.0,07:52,10,08:02,485.0,08:05,13.0
R113,4,乘客101,乘客101跟車,90,dropoff,17.0,07:52,10,08:02,485.0,08:05,13.0
R113,5,乘客103,乘客103,26,pickup,19.0,08:21,4,08:25,505.0,08:25,4.0
R113,6,乘客105,乘客105,85,pickup,17.0,08:42,6,08:48,525.0,08:45,3.0
R113,6,乘客105,乘客105跟車,85,pickup,17.0,08:42,6,08:48,525.0,08:45,3.0
R113,7,乘客104,乘客104,85,pickup,17.0,08:42,6,08:48,525.0,08:45,3.0
R113,8,乘客106,乘客106,86,pickup,8.0,08:56,1,08:57,540.0,09:00,4.0
R113,9,乘客107,乘客107,87,pickup,2.0,08:59,4,09:03,545.0,09:05,6.0
R113,10,乘客108,乘客108,88,pickup,13.0,09:16,1,09:17,570.0,09:30,14.0
R113,11,乘客105,乘客105,430,dropoff,6.0,09:23,2,09:25,580.0,09:40,17.0
R113,11,乘客105,乘客105跟車,430,dropoff,6.0,09:23,2,09:25,580.0,09:40,17.0
R113,12,乘客1487,乘客1487,711,pickup,4.0,09:29,1,09:30,600.0,10:00,31.0
R113,13,乘客103,乘客103,133,dropoff,17.0,09:47,12,09:59,620.0,10:20,33.0
R113,14,乘客104,乘客104,133,dropoff,17.0,09:47,12,09:59,620.0,10:20,33.0
R113,15,乘客106,乘客106,133,dropoff,17.0,09:47,12,09:59,620.0,10:20,33.0
R113,16,乘客107,乘客107,133,dropoff,17.0,09:47,12,09:59,620.0,10:20,33.0
R113,17,乘客108,乘客108,133,dropoff,17.0,09:47,12,09:59,620.0,10:20,33.0
R113,18,乘客1487,乘客1487,133,dropoff,17.0,09:47,12,09:59,620.0,10:20,33.0
R114,1,乘客150,乘客150,104,pickup,0.0,06:56,5,07:01,420.0,07:00,4.0
R114,1,乘客150,乘客150跟車,104,pickup,0.0,06:56,5,07:01,420.0,07:00,4.0
R114,2,乘客151,乘客151,105,pickup,8.0,07:09,1,07:10,430.0,07:10,1.0
R114,3,乘客152,乘客152,106,pickup,17.0,07:27,1,07:28,450.0,07:30,3.0
R114,4,乘客153,乘客153,107,pickup,9.0,07:37,5,07:42,470.0,07:50,13.0
R114,4,乘客153,乘客153跟車,107,pickup,9.0,07:37,5,07:42,470.0,07:50,13.0
R114,5,乘客154,乘客154,108,pickup,8.0,07:50,8,07:58,480.0,08:00,10.0
R114,6,乘客155,乘客155,108,pickup,8.0,07:50,8,07:58,480.0,08:00,10.0
R114,6,乘客155,乘客155跟車,108,pickup,8.0,07:50,8,07:58,480.0,08:00,10.0
R114,7,乘客1834,乘客1834,106,pickup,11.0,08:09,3,08:12,500.0,08:20,11.0
R114,7,乘客1834,乘客1834跟車,106,pickup,11.0,08:09,3,08:12,500.0,08:20,11.0
R114,7,乘客1834,乘客1834跟車,106,pickup,11.0,08:09,3,08:12,500.0,08:20,11.0
R114,8,乘客150,乘客150,70,dropoff,28.0,08:40,4,08:44,530.0,08:50,10.0
R114,8,乘客150,乘客150跟車,70,dropoff,28.0,08:40,4,08:44,530.0,08:50,10.0
R114,9,乘客151,乘客151,109,dropoff,2.0,08:46,6,08:52,530.0,08:50,4.0
R114,10,乘客152,乘客152,109,dropoff,2.0,08:46,6,08:52,530.0,08:50,4.0
R114,11,乘客153,乘客153,109,dropoff,2.0,08:46,6,08:52,530.0,08:50,4.0
R114,11,乘客153,乘客153跟車,109,dropoff,2.0,08:46,6,08:52,530.0,08:50,4.0
R114,12,乘客154,乘客154,70,dropoff,2.0,08:54,3,08:57,530.0,08:50,0.0
R114,13,乘客155,乘客155,109,dropoff,2.0,08:59,4,09:03,530.0,08:50,0.0
R114,13,乘客155,乘客155跟車,109,dropoff,2.0,08:59,4,09:03,530.0,08:50,0.0
R114,14,乘客1822,乘客1822,876,pickup,11.0,09:14,5,09:19,540.0,09:00,0.0
R114,14,乘客1822,乘客1822跟車,876,pickup,11.0,09:14,5,09:19,540.0,09:00,0.0
R114,15,乘客1834,乘客1834,70,dropoff,11.0,09:30,7,09:37,570.0,09:30,0.0
R114,15,乘客1834,乘客1834跟車,70,dropoff,11.0,09:30,7,09:37,570.0,09:30,0.0
R114,15,乘客1834,乘客1834跟車,70,dropoff,11.0,09:30,7,09:37,570.0,09:30,0.0
R114,16,乘客1822,乘客1822,70,dropoff,11.0,09:30,7,09:37,580.0,09:40,10.0
R114,16,乘客1822,乘客1822跟車,70,dropoff,11.0,09:30,7,09:37,580.0,09:40,10.0
R115,1,乘客162,乘客162,111,pickup,0.0,06:52,5,06:57,430.0,07:10,18.0
R115,1,乘客162,乘客162跟車,111,pickup,0.0,06:52,5,06:57,430.0,07:10,18.0
R115,2,乘客163,乘客163,112,pickup,4.0,07:01,6,07:07,450.0,07:30,29.0
R115,2,乘客163,乘客163跟車,112,pickup,4.0,07:01,6,07:07,450.0,07:30,29.0
R115,2,乘客163,乘客163跟車,112,pickup,4.0,07:01,6,07:07,450.0,07:30,29.0
R115,3,乘客102,乘客102,84,pickup,33.0,07:40,4,07:44,470.0,07:50,10.0
R115,4,乘客163,乘客163,90,dropoff,15.0,07:59,8,08:07,480.0,08:00,1.0
R115,4,乘客163,乘客163跟車,90,dropoff,15.0,07:59,8,08:07,480.0,08:00,1.0
R115,4,乘客163,乘客163跟車,90,dropoff,15.0,07:59,8,08:07,480.0,08:00,1.0
R115,5,乘客102,乘客102,90,dropoff,15.0,07:59,8,08:07,485.0,08:05,6.0
R115,6,乘客162,乘客162,70,dropoff,9.0,08:16,4,08:20,495.0,08:15,0.0
R115,6,乘客162,乘客162跟車,70,dropoff,9.0,08:16,4,08:20,495.0,08:15,0.0
R115,7,乘客164,乘客164,113,pickup,6.0,08:26,1,08:27,505.0,08:25,0.0
R115,8,乘客165,乘客165,78,pickup,9.0,08:36,4,08:40,520.0,08:40,4.0
R115,8,乘客165,乘客166,78,pickup,9.0,08:36,4,08:40,520.0,08:40,4.0
R115,8,乘客165,乘客167,78,pickup,9.0,08:36,4,08:40,520.0,08:40,4.0
R115,8,乘客165,乘客168,78,pickup,9.0,08:36,4,08:40,520.0,08:40,4.0
R115,9,乘客164,乘客164,44,dropoff,11.0,08:51,5,08:56,540.0,09:00,9.0
R115,10,乘客165,乘客165,44,dropoff,11.0,08:51,5,08:56,540.0,09:00,9.0
R115,10,乘客165,乘客166,44,dropoff,11.0,08:51,5,08:56,540.0,09:00,9.0
R115,10,乘客165,乘客167,44,dropoff,11.0,08:51,5,08:56,540.0,09:00,9.0
R115,10,乘客165,乘客168,44,dropoff,11.0,08:51,5,08:56,540.0,09:00,9.0
R115,11,乘客169,乘客169,114,pickup,13.0,09:09,4,09:13,558.0,09:18,9.0
R115,12,乘客1838,乘客1838,886,pickup,11.0,09:24,5,09:29,585.0,09:45,21.0
R115,12,乘客1838,乘客1838跟車,886,pickup,11.0,09:24,5,09:29,585.0,09:45,21.0
R115,13,乘客169,乘客169,103,dropoff,17.0,09:46,3,09:49,590.0,09:50,4.0
R115,14,乘客1838,乘客1838,102,dropoff,2.0,09:51,4,09:55,605.0,10:05,14.0
R115,14,乘客1838,乘客1838跟車,102,dropoff,2.0,09:51,4,09:55,605.0,10:05,14.0
R116,1,乘客293,乘客293,173,pickup,0.0,06:51,4,06:55,420.0,07:00,9.0
R116,2,乘客1115,乘客1115,153,pickup,9.0,07:04,4,07:08,435.0,07:15,11.0
R116,3,乘客293,乘客293,852,dropoff,19.0,07:27,3,07:30,445.0,07:25,0.0
R116,4,乘客1115,乘客1115,172,dropoff,11.0,07:41,3,07:44,465.0,07:45,4.0
R116,5,乘客1237,乘客1237,609,pickup,9.0,07:53,5,07:58,480.0,08:00,7.0
R116,5,乘客1237,乘客1237跟車,609,pickup,9.0,07:53,5,07:58,480.0,08:00,7.0
R116,6,乘客1238,乘客1238,610,pickup,6.0,08:04,5,08:09,485.0,08:05,1.0
R116,6,乘客1238,乘客1238跟車,610,pickup,6.0,08:04,5,08:09,485.0,08:05,1.0
R116,7,乘客1239,乘客1239,505,pickup,2.0,08:11,5,08:16,490.0,08:10,0.0
R116,7,乘客1239,乘客1239跟車,505,pickup,2.0,08:11,5,08:16,490.0,08:10,0.0
R116,8,乘客1237,乘客1237,314,dropoff,13.0,08:29,12,08:41,520.0,08:40,11.0
R116,8,乘客1237,乘客1237跟車,314,dropoff,13.0,08:29,12,08:41,520.0,08:40,11.0
R116,9,乘客1238,乘客1238,314,dropoff,13.0,08:29,12,08:41,520.0,08:40,11.0
R116,9,乘客1238,乘客1238跟車,314,dropoff,13.0,08:29,12,08:41,520.0,08:40,11.0
R116,10,乘客1239,乘客1239,314,dropoff,13.0,08:29,12,08:41,520.0,08:40,11.0
R116,10,乘客1239,乘客1239跟車,314,dropoff,13.0,08:29,12,08:41,520.0,08:40,11.0
R116,11,乘客354,乘客354,208,pickup,13.0,08:54,2,08:56,530.0,08:50,0.0
R116,11,乘客354,乘客354跟車,208,pickup,13.0,08:54,2,08:56,530.0,08:50,0.0
R116,12,乘客1241,乘客1241,612,pickup,9.0,09:05,1,09:06,545.0,09:05,0.0
R116,13,乘客354,乘客354,276,dropoff,19.0,09:25,2,09:27,570.0,09:30,5.0
R116,13,乘客354,乘客354跟車,276,dropoff,19.0,09:25,2,09:27,570.0,09:30,5.0
R116,14,乘客1243,乘客1243,156,pickup,13.0,09:40,2,09:42,585.0,09:45,5.0
R116,14,乘客1243,乘客1244,156,pickup,13.0,09:40,2,09:42,585.0,09:45,5.0
R116,15,乘客1245,乘客1245,155,pickup,2.0,09:44,2,09:46,590.0,09:50,6.0
R116,15,乘客1245,乘客1246,155,pickup,2.0,09:44,2,09:46,590.0,09:50,6.0
R116,16,乘客1241,乘客1241,616,dropoff,2.0,09:48,5,09:53,595.0,09:55,7.0
R116,17,乘客1243,乘客1243,616,dropoff,2.0,09:48,5,09:53,595.0,09:55,7.0
R116,17,乘客1243,乘客1244,616,dropoff,2.0,09:48,5,09:53,595.0,09:55,7.0
R116,18,乘客1245,乘客1245,616,dropoff,2.0,09:48,5,09:53,595.0,09:55,7.0
R116,18,乘客1245,乘客1246,616,dropoff,2.0,09:48,5,09:53,595.0,09:55,7.0
R117,1,乘客1712,乘客1712,816,pickup,0.0,07:13,1,07:14,450.0,07:30,17.0
R117,2,乘客1713,乘客1713,817,pickup,2.0,07:16,1,07:17,455.0,07:35,19.0
R117,3,乘客1714,乘客1714,818,pickup,2.0,07:19,1,07:20,460.0,07:40,21.0
R117,4,乘客1717,乘客1717,820,pickup,13.0,07:33,6,07:39,490.0,08:10,37.0
R117,4,乘客1717,乘客1718,820,pickup,13.0,07:33,6,07:39,490.0,08:10,37.0
R117,4,乘客1717,乘客1718跟車,820,pickup,13.0,07:33,6,07:39,490.0,08:10,37.0
R117,5,乘客1720,乘客1720,821,pickup,9.0,07:48,5,07:53,495.0,08:15,27.0
R117,6,乘客1719,乘客1719,821,pickup,9.0,07:48,5,07:53,495.0,08:15,27.0
R117,7,乘客1721,乘客1721,822,pickup,34.0,08:27,5,08:32,525.0,08:45,18.0
R117,7,乘客1721,乘客1721跟車,822,pickup,34.0,08:27,5,08:32,525.0,08:45,18.0
R117,8,乘客181,乘客181,120,pickup,11.0,08:43,1,08:44,530.0,08:50,7.0
R117,9,乘客1714,乘客1714,803,dropoff,8.0,08:52,6,08:58,535.0,08:55,3.0
R117,10,乘客1717,乘客1717,803,dropoff,8.0,08:52,6,08:58,535.0,08:55,3.0
R117,10,乘客1717,乘客1718,803,dropoff,8.0,08:52,6,08:58,535.0,08:55,3.0
R117,10,乘客1717,乘客1718跟車,803,dropoff,8.0,08:52,6,08:58,535.0,08:55,3.0
R117,11,乘客1712,乘客1712,347,dropoff,9.0,09:07,1,09:08,550.0,09:10,3.0
R117,12,乘客1713,乘客1713,337,dropoff,8.0,09:16,8,09:24,560.0,09:20,4.0
R117,13,乘客1720,乘客1720,337,dropoff,8.0,09:16,8,09:24,560.0,09:20,4.0
R117,14,乘客1721,乘客1721,337,dropoff,8.0,09:16,8,09:24,560.0,09:20,4.0
R117,14,乘客1721,乘客1721跟車,337,dropoff,8.0,09:16,8,09:24,560.0,09:20,4.0
R117,15,乘客1722,乘客1722,823,pickup,4.0,09:28,1,09:29,570.0,09:30,2.0
R117,16,乘客181,乘客181,387,dropoff,6.0,09:35,1,09:36,575.0,09:35,0.0
R117,17,乘客1723,乘客1723,824,pickup,4.0,09:40,1,09:41,575.0,09:35,0.0
R117,18,乘客1719,乘客1719,346,dropoff,8.0,09:49,1,09:50,585.0,09:45,0.0
R117,19,乘客1724,乘客1724,825,pickup,2.0,09:52,4,09:56,590.0,09:50,0.0
R117,20,乘客1722,乘客1722,387,dropoff,6.0,10:02,5,10:07,605.0,10:05,3.0
R117,21,乘客1723,乘客1723,387,dropoff,6.0,10:02,5,10:07,605.0,10:05,3.0
R117,22,乘客1724,乘客1724,387,dropoff,6.0,10:02,5,10:07,605.0,10:05,3.0
R118,1,乘客1677,乘客1677,741,pickup,0.0,06:57,4,07:01,425.0,07:05,8.0
R118,2,乘客1678,乘客1678,804,pickup,8.0,07:09,5,07:14,435.0,07:15,6.0
R118,2,乘客1678,乘客1679,804,pickup,8.0,07:09,5,07:14,435.0,07:15,6.0
R118,3,乘客1680,乘客1680,805,pickup,4.0,07:18,4,07:22,440.0,07:20,2.0
R118,4,乘客1677,乘客1677,717,dropoff,15.0,07:37,10,07:47,485.0,08:05,28.0
R118,5,乘客1678,乘客1678,717,dropoff,15.0,07:37,10,07:47,485.0,08:05,28.0
R118,5,乘客1678,乘客1679,717,dropoff,15.0,07:37,10,07:47,485.0,08:05,28.0
R118,6,乘客1680,乘客1680,717,dropoff,15.0,07:37,10,07:47,485.0,08:05,28.0
R118,7,乘客1681,乘客1681,412,pickup,6.0,07:53,5,07:58,510.0,08:30,37.0
R118,7,乘客1681,乘客1684,412,pickup,6.0,07:53,5,07:58,510.0,08:30,37.0
R118,7,乘客1681,乘客1686,412,pickup,6.0,07:53,5,07:58,510.0,08:30,37.0
R118,7,乘客1681,乘客1687,412,pickup,6.0,07:53,5,07:58,510.0,08:30,37.0
R118,7,乘客1681,乘客1688,412,pickup,6.0,07:53,5,07:58,510.0,08:30,37.0
R118,8,乘客1685,乘客1685,412,pickup,6.0,07:53,5,07:58,510.0,08:30,37.0
R118,9,乘客1682,乘客1682,412,pickup,6.0,07:53,5,07:58,510.0,08:30,37.0
R118,9,乘客1682,乘客1683,412,pickup,6.0,07:53,5,07:58,510.0,08:30,37.0
R118,9,乘客1682,乘客1689,412,pickup,6.0,07:53,5,07:58,510.0,08:30,37.0
R118,10,乘客1681,乘客1681,767,dropoff,13.0,08:11,5,08:16,525.0,08:45,34.0
R118,10,乘客1681,乘客1684,767,dropoff,13.0,08:11,5,08:16,525.0,08:45,34.0
R118,10,乘客1681,乘客1686,767,dropoff,13.0,08:11,5,08:16,525.0,08:45,34.0
R118,10,乘客1681,乘客1687,767,dropoff,13.0,08:11,5,08:16,525.0,08:45,34.0
R118,10,乘客1681,乘客1688,767,dropoff,13.0,08:11,5,08:16,525.0,08:45,34.0
R118,11,乘客1685,乘客1685,765,dropoff,15.0,08:31,1,08:32,540.0,09:00,29.0
R118,12,乘客2018,乘客2018,968,pickup,19.0,08:51,4,08:55,560.0,09:20,29.0
R118,13,乘客1682,乘客1682,746,dropoff,13.0,09:08,3,09:11,595.0,09:55,47.0
R118,13,乘客1682,乘客1683,746,dropoff,13.0,09:08,3,09:11,595.0,09:55,47.0
R118,13,乘客1682,乘客1689,746,dropoff,13.0,09:08,3,09:11,595.0,09:55,47.0
R118,14,乘客2018,乘客2018,271,dropoff,45.0,09:56,3,09:59,610.0,10:10,14.0
R119,1,乘客1190,乘客1190,585,pickup,0.0,07:00,4,07:04,420.0,07:00,0.0
R119,2,乘客1191,乘客1191,586,pickup,17.0,07:21,1,07:22,440.0,07:20,0.0
R119,3,乘客1190,乘客1190,1092,dropoff,24.0,07:46,3,07:49,470.0,07:50,4.0
R119,4,乘客1191,乘客1191,1093,dropoff,6.0,07:55,1,07:56,480.0,08:00,5.0
R119,5,乘客1192,乘客1192,587,pickup,11.0,08:07,4,08:11,495.0,08:15,8.0
R119,6,乘客1192,乘客1192,702,dropoff,13.0,08:24,3,08:27,510.0,08:30,6.0
R119,7,乘客1193,乘客1193,227,pickup,15.0,08:42,1,08:43,535.0,08:55,13.0
R119,8,乘客1194,乘客1194,582,pickup,2.0,08:45,11,08:56,540.0,09:00,15.0
R119,8,乘客1194,乘客1195,582,pickup,2.0,08:45,11,08:56,540.0,09:00,15.0
R119,8,乘客1194,乘客1196,582,pickup,2.0,08:45,11,08:56,540.0,09:00,15.0
R119,8,乘客1194,乘客1197,582,pickup,2.0,08:45,11,08:56,540.0,09:00,15.0
R119,8,乘客1194,乘客1198,582,pickup,2.0,08:45,11,08:56,540.0,09:00,15.0
R119,8,乘客1194,乘客1199,582,pickup,2.0,08:45,11,08:56,540.0,09:00,15.0
R119,9,乘客1200,乘客1200,466,pickup,6.0,09:02,8,09:10,550.0,09:10,8.0
R119,9,乘客1200,乘客1201,466,pickup,6.0,09:02,8,09:10,550.0,09:10,8.0
R119,9,乘客1200,乘客1202,466,pickup,6.0,09:02,8,09:10,550.0,09:10,8.0
R119,10,乘客1203,乘客1203,588,pickup,6.0,09:16,1,09:17,560.0,09:20,4.0
R119,11,乘客1204,乘客1204,589,pickup,2.0,09:19,4,09:23,570.0,09:30,11.0
R119,12,乘客1193,乘客1193,191,dropoff,22.0,09:45,20,10:05,610.0,10:10,25.0
R119,13,乘客1194,乘客1194,191,dropoff,22.0,09:45,20,10:05,610.0,10:10,25.0
R119,13,乘客1194,乘客1195,191,dropoff,22.0,09:45,20,10:05,610.0,10:10,25.0
R119,13,乘客1194,乘客1196,191,dropoff,22.0,09:45,20,10:05,610.0,10:10,25.0
R119,13,乘客1194,乘客1197,191,dropoff,22.0,09:45,20,10:05,610.0,10:10,25.0
R119,13,乘客1194,乘客1198,191,dropoff,22.0,09:45,20,10:05,610.0,10:10,25.0
R119,13,乘客1194,乘客1199,191,dropoff,22.0,09:45,20,10:05,610.0,10:10,25.0
R119,14,乘客1200,乘客1200,191,dropoff,22.0,09:45,20,10:05,610.0,10:10,25.0
R119,14,乘客1200,乘客1201,191,dropoff,22.0,09:45,20,10:05,610.0,10:10,25.0
R119,14,乘客1200,乘客1202,191,dropoff,22.0,09:45,20,10:05,610.0,10:10,25.0
R119,15,乘客1203,乘客1203,191,dropoff,22.0,09:45,20,10:05,610.0,10:10,25.0
R119,16,乘客1204,乘客1204,191,dropoff,22.0,09:45,20,10:05,610.0,10:10,25.0
R120,1,乘客586,乘客586,317,pickup,0.0,07:00,4,07:04,420.0,07:00,0.0
R120,2,乘客588,乘客588,319,pickup,17.0,07:21,2,07:23,445.0,07:25,4.0
R120,2,乘客588,乘客588跟車,319,pickup,17.0,07:21,2,07:23,445.0,07:25,4.0
R120,3,乘客589,乘客589,320,pickup,9.0,07:32,1,07:33,460.0,07:40,8.0
R120,4,乘客590,乘客590,321,pickup,8.0,07:41,7,07:48,470.0,07:50,9.0
R120,4,乘客590,乘客590跟車,321,pickup,8.0,07:41,7,07:48,470.0,07:50,9.0
R120,4,乘客590,乘客591,321,pickup,8.0,07:41,7,07:48,470.0,07:50,9.0
R120,4,乘客590,乘客591跟車,321,pickup,8.0,07:41,7,07:48,470.0,07:50,9.0
R120,5,乘客586,乘客586,160,dropoff,29.0,08:17,11,08:28,505.0,08:25,8.0
R120,6,乘客588,乘客588,160,dropoff,29.0,08:17,11,08:28,505.0,08:25,8.0
R120,6,乘客588,乘客588跟車,160,dropoff,29.0,08:17,11,08:28,505.0,08:25,8.0
R120,7,乘客589,乘客589,160,dropoff,29.0,08:17,11,08:28,505.0,08:25,8.0
R120,8,乘客590,乘客590,160,dropoff,29.0,08:17,11,08:28,505.0,08:25,8.0
R120,8,乘客590,乘客590跟車,160,dropoff,29.0,08:17,11,08:28,505.0,08:25,8.0
R120,8,乘客590,乘客591,160,dropoff,29.0,08:17,11,08:28,505.0,08:25,8.0
R120,8,乘客590,乘客591跟車,160,dropoff,29.0,08:17,11,08:28,505.0,08:25,8.0
R120,9,乘客594,乘客594,324,pickup,19.0,08:47,2,08:49,550.0,09:10,23.0
R120,9,乘客594,乘客594跟車,324,pickup,19.0,08:47,2,08:49,550.0,09:10,23.0
R120,10,乘客595,乘客595,325,pickup,8.0,08:57,5,09:02,560.0,09:20,23.0
R120,10,乘客595,乘客595跟車,325,pickup,8.0,08:57,5,09:02,560.0,09:20,23.0
R120,11,乘客596,乘客596,326,pickup,6.0,09:08,6,09:14,570.0,09:30,22.0
R120,11,乘客596,乘客596跟車,326,pickup,6.0,09:08,6,09:14,570.0,09:30,22.0
R120,11,乘客596,乘客596跟車,326,pickup,6.0,09:08,6,09:14,570.0,09:30,22.0
R120,12,乘客594,乘客594,276,dropoff,19.0,09:33,6,09:39,595.0,09:55,22.0
R120,12,乘客594,乘客594跟車,276,dropoff,19.0,09:33,6,09:39,595.0,09:55,22.0
R120,13,乘客595,乘客595,276,dropoff,19.0,09:33,6,09:39,595.0,09:55,22.0
R120,13,乘客595,乘客595跟車,276,dropoff,19.0,09:33,6,09:39,595.0,09:55,22.0
R120,14,乘客596,乘客596,598,dropoff,13.0,09:52,5,09:57,630.0,10:30,38.0
R120,14,乘客596,乘客596跟車,598,dropoff,13.0,09:52,5,09:57,630.0,10:30,38.0
R120,14,乘客596,乘客596跟車,598,dropoff,13.0,09:52,5,09:57,630.0,10:30,38.0
R121,1,乘客1376,乘客1376,669,pickup,0.0,07:09,1,07:10,430.0,07:10,1.0
R121,2,乘客1377,乘客1377,670,pickup,0.0,07:10,2,07:12,430.0,07:10,0.0
R121,2,乘客1377,乘客1377跟車,670,pickup,0.0,07:10,2,07:12,430.0,07:10,0.0
R121,3,乘客1379,乘客1379,672,pickup,9.0,07:21,4,07:25,450.0,07:30,9.0
R121,4,乘客1380,乘客1380,673,pickup,6.0,07:31,1,07:32,460.0,07:40,9.0
R121,5,乘客1376,乘客1376,138,dropoff,39.0,08:11,1,08:12,500.0,08:20,9.0
R121,6,乘客1377,乘客1377,131,dropoff,2.0,08:14,2,08:16,500.0,08:20,6.0
R121,6,乘客1377,乘客1377跟車,131,dropoff,2.0,08:14,2,08:16,500.0,08:20,6.0
R121,7,乘客1379,乘客1379,90,dropoff,9.0,08:25,4,08:29,510.0,08:30,5.0
R121,8,乘客1380,乘客1380,90,dropoff,9.0,08:25,4,08:29,510.0,08:30,5.0
R121,9,乘客1382,乘客1382,674,pickup,13.0,08:42,5,08:47,555.0,09:15,33.0
R121,9,乘客1382,乘客1383,674,pickup,13.0,08:42,5,08:47,555.0,09:15,33.0
R121,9,乘客1382,乘客1385,674,pickup,13.0,08:42,5,08:47,555.0,09:15,33.0
R121,9,乘客1382,乘客1386,674,pickup,13.0,08:42,5,08:47,555.0,09:15,33.0
R121,9,乘客1382,乘客1387,674,pickup,13.0,08:42,5,08:47,555.0,09:15,33.0
R121,9,乘客1382,乘客1388,674,pickup,13.0,08:42,5,08:47,555.0,09:15,33.0
R121,9,乘客1382,乘客1389,674,pickup,13.0,08:42,5,08:47,555.0,09:15,33.0
R121,9,乘客1382,乘客1390,674,pickup,13.0,08:42,5,08:47,555.0,09:15,33.0
R121,10,乘客1384,乘客1384,674,pickup,13.0,08:42,5,08:47,555.0,09:15,33.0
R121,11,乘客1382,乘客1382,44,dropoff,11.0,08:58,5,09:03,570.0,09:30,32.0
R121,11,乘客1382,乘客1383,44,dropoff,11.0,08:58,5,09:03,570.0,09:30,32.0
R121,11,乘客1382,乘客1385,44,dropoff,11.0,08:58,5,09:03,570.0,09:30,32.0
R121,11,乘客1382,乘客1386,44,dropoff,11.0,08:58,5,09:03,570.0,09:30,32.0
R121,11,乘客1382,乘客1387,44,dropoff,11.0,08:58,5,09:03,570.0,09:30,32.0
R121,11,乘客1382,乘客1388,44,dropoff,11.0,08:58,5,09:03,570.0,09:30,32.0
R121,11,乘客1382,乘客1389,44,dropoff,11.0,08:58,5,09:03,570.0,09:30,32.0
R121,11,乘客1382,乘客1390,44,dropoff,11.0,08:58,5,09:03,570.0,09:30,32.0
R121,12,乘客1384,乘客1384,42,dropoff,17.0,09:20,1,09:21,600.0,10:00,40.0
R122,1,乘客1850,乘客1850,888,pickup,0.0,06:45,5,06:50,405.0,06:45,0.0
R122,1,乘客1850,乘客1850跟車,888,pickup,0.0,06:45,5,06:50,405.0,06:45,0.0
R122,2,乘客1852,乘客1852,889,pickup,36.0,07:26,4,07:30,450.0,07:30,4.0
R122,3,乘客1850,乘客1850,1129,dropoff,24.0,07:54,4,07:58,495.0,08:15,21.0
R122,3,乘客1850,乘客1850跟車,1129,dropoff,24.0,07:54,4,07:58,495.0,08:15,21.0
R122,4,乘客1852,乘客1852,900,dropoff,2.0,08:00,3,08:03,495.0,08:15,15.0
R122,5,乘客1854,乘客1854,78,pickup,17.0,08:20,4,08:24,530.0,08:50,30.0
R122,6,乘客1853,乘客1853,78,pickup,17.0,08:20,4,08:24,530.0,08:50,30.0
R122,6,乘客1853,乘客1855,78,pickup,17.0,08:20,4,08:24,530.0,08:50,30.0
R122,6,乘客1853,乘客1856,78,pickup,17.0,08:20,4,08:24,530.0,08:50,30.0
R122,7,乘客1857,乘客1857,890,pickup,8.0,08:32,4,08:36,540.0,09:00,28.0
R122,8,乘客1854,乘客1854,43,dropoff,11.0,08:47,4,08:51,555.0,09:15,28.0
R122,9,乘客1857,乘客1857,43,dropoff,11.0,08:47,4,08:51,555.0,09:15,28.0
R122,10,乘客1853,乘客1853,80,dropoff,2.0,08:53,3,08:56,560.0,09:20,27.0
R122,10,乘客1853,乘客1855,80,dropoff,2.0,08:53,3,08:56,560.0,09:20,27.0
R122,10,乘客1853,乘客1856,80,dropoff,2.0,08:53,3,08:56,560.0,09:20,27.0
R122,11,乘客1858,乘客1858,891,pickup,9.0,09:05,5,09:10,575.0,09:35,30.0
R122,11,乘客1858,乘客1859,891,pickup,9.0,09:05,5,09:10,575.0,09:35,30.0
R122,11,乘客1858,乘客1860,891,pickup,9.0,09:05,5,09:10,575.0,09:35,30.0
R122,11,乘客1858,乘客1861,891,pickup,9.0,09:05,5,09:10,575.0,09:35,30.0
R122,11,乘客1858,乘客1862,891,pickup,9.0,09:05,5,09:10,575.0,09:35,30.0
R122,11,乘客1858,乘客1863,891,pickup,9.0,09:05,5,09:10,575.0,09:35,30.0
R122,11,乘客1858,乘客1864,891,pickup,9.0,09:05,5,09:10,575.0,09:35,30.0
R122,11,乘客1858,乘客1865,891,pickup,9.0,09:05,5,09:10,575.0,09:35,30.0
R122,11,乘客1858,乘客1866,891,pickup,9.0,09:05,5,09:10,575.0,09:35,30.0
R122,12,乘客1858,乘客1858,31,dropoff,22.0,09:32,5,09:37,605.0,10:05,33.0
R122,12,乘客1858,乘客1859,31,dropoff,22.0,09:32,5,09:37,605.0,10:05,33.0
R122,12,乘客1858,乘客1860,31,dropoff,22.0,09:32,5,09:37,605.0,10:05,33.0
R122,12,乘客1858,乘客1861,31,dropoff,22.0,09:32,5,09:37,605.0,10:05,33.0
R122,12,乘客1858,乘客1862,31,dropoff,22.0,09:32,5,09:37,605.0,10:05,33.0
R122,12,乘客1858,乘客1863,31,dropoff,22.0,09:32,5,09:37,605.0,10:05,33.0
R122,12,乘客1858,乘客1864,31,dropoff,22.0,09:32,5,09:37,605.0,10:05,33.0
R122,12,乘客1858,乘客1865,31,dropoff,22.0,09:32,5,09:37,605.0,10:05,33.0
R122,12,乘客1858,乘客1866,31,dropoff,22.0,09:32,5,09:37,605.0,10:05,33.0
R123,1,乘客234,乘客234,149,pickup,0.0,07:15,4,07:19,435.0,07:15,0.0
R123,2,乘客235,乘客235,150,pickup,6.0,07:25,4,07:29,445.0,07:25,0.0
R123,3,乘客236,乘客236,151,pickup,2.0,07:31,1,07:32,450.0,07:30,0.0
R123,4,乘客238,乘客238,152,pickup,9.0,07:41,1,07:42,480.0,08:00,19.0
R123,5,乘客234,乘客234,359,dropoff,8.0,07:50,5,07:55,490.0,08:10,20.0
R123,6,乘客236,乘客236,359,dropoff,8.0,07:50,5,07:55,490.0,08:10,20.0
R123,7,乘客238,乘客238,359,dropoff,8.0,07:50,5,07:55,490.0,08:10,20.0
R123,8,乘客235,乘客235,258,dropoff,17.0,08:12,3,08:15,510.0,08:30,18.0
R123,9,乘客239,乘客239,153,pickup,4.0,08:19,4,08:23,520.0,08:40,21.0
R123,10,乘客240,乘客240,154,pickup,2.0,08:25,1,08:26,530.0,08:50,25.0
R123,11,乘客241,乘客241,155,pickup,9.0,08:35,4,08:39,540.0,09:00,25.0
R123,11,乘客241,乘客242,155,pickup,9.0,08:35,4,08:39,540.0,09:00,25.0
R123,11,乘客241,乘客243,155,pickup,9.0,08:35,4,08:39,540.0,09:00,25.0
R123,11,乘客241,乘客244,155,pickup,9.0,08:35,4,08:39,540.0,09:00,25.0
R123,12,乘客241,乘客241,158,dropoff,8.0,08:47,4,08:51,550.0,09:10,23.0
R123,12,乘客241,乘客242,158,dropoff,8.0,08:47,4,08:51,550.0,09:10,23.0
R123,12,乘客241,乘客243,158,dropoff,8.0,08:47,4,08:51,550.0,09:10,23.0
R123,12,乘客241,乘客244,158,dropoff,8.0,08:47,4,08:51,550.0,09:10,23.0
R123,13,乘客245,乘客245,156,pickup,8.0,08:59,5,09:04,560.0,09:20,21.0
R123,13,乘客245,乘客246,156,pickup,8.0,08:59,5,09:04,560.0,09:20,21.0
R123,13,乘客245,乘客247,156,pickup,8.0,08:59,5,09:04,560.0,09:20,21.0
R123,13,乘客245,乘客248,156,pickup,8.0,08:59,5,09:04,560.0,09:20,21.0
R123,13,乘客245,乘客249,156,pickup,8.0,08:59,5,09:04,560.0,09:20,21.0
R123,13,乘客245,乘客250,156,pickup,8.0,08:59,5,09:04,560.0,09:20,21.0
R123,13,乘客245,乘客251,156,pickup,8.0,08:59,5,09:04,560.0,09:20,21.0
R123,13,乘客245,乘客252,156,pickup,8.0,08:59,5,09:04,560.0,09:20,21.0
R123,14,乘客239,乘客239,157,dropoff,4.0,09:08,4,09:12,565.0,09:25,17.0
R123,15,乘客240,乘客240,157,dropoff,4.0,09:08,4,09:12,565.0,09:25,17.0
R123,16,乘客253,乘客253,157,pickup,4.0,09:08,4,09:16,565.0,09:25,17.0
R123,17,乘客245,乘客245,158,dropoff,6.0,09:22,8,09:30,580.0,09:40,18.0
R123,17,乘客245,乘客246,158,dropoff,6.0,09:22,8,09:30,580.0,09:40,18.0
R123,17,乘客245,乘客247,158,dropoff,6.0,09:22,8,09:30,580.0,09:40,18.0
R123,17,乘客245,乘客248,158,dropoff,6.0,09:22,8,09:30,580.0,09:40,18.0
R123,17,乘客245,乘客249,158,dropoff,6.0,09:22,8,09:30,580.0,09:40,18.0
R123,17,乘客245,乘客250,158,dropoff,6.0,09:22,8,09:30,580.0,09:40,18.0
R123,17,乘客245,乘客251,158,dropoff,6.0,09:22,8,09:30,580.0,09:40,18.0
R123,17,乘客245,乘客252,158,dropoff,6.0,09:22,8,09:30,580.0,09:40,18.0
R123,18,乘客253,乘客253,158,dropoff,6.0,09:22,8,09:30,580.0,09:40,18.0
