existing_route,passenger,passenger_type,disability_type,purpose,day_pattern,day_list,board_stop,board_district,board_lat,board_lng,board_time_str,board_time_minutes,alight_stop,alight_district,alight_lat,alight_lng,alight_time_str,alight_time_minutes,application_date,actual_start_date,cancel_application_date,cancel_reason,expiry_date,is_active,trip_duration_minutes_est,is_wheelchair,is_non_wheelchair
SR1001,乘客1,NWC,白手杖,訓練,12345,"['Mon', 'Tue', 'Wed', 'Thu', 'Fri']",香港耀興道耀東邨耀福樓,東區,22.2777897,114.2217282,07:00:00,420.0,香港香港香港仔漁光道85號,南區,22.2497932,114.1589921,08:45:00,525.0,2024-04-26,2024-06-01,,,,True,105.0,0,1
SR1001,乘客2,NWC,電動輪椅,工作,12345,"['Mon', 'Tue', 'Wed', 'Thu', 'Fri']",筲箕灣道33號麗灣大廈(近7-11店),東區,22.2833066126366,114.221417960502,07:05:00,425.0,金鐘立法會道1號立法會綜合大樓,東區,22.2813435680807,114.166423758879,07:35:00,455.0,2011-08-22,2022-08-01,,,2028-12-31,True,30.0,0,1
SR1001,乘客3,WC,其他 / 特殊情況,訓練,12345,"['Mon', 'Tue', 'Wed', 'Thu', 'Fri']",北角英皇道26-36號興漢大廈(避車處),東區,22.2835013139408,114.192746472942,07:25:00,445.0,漁光道85號扶康會康復中心,東區,22.2495951375818,114.158990263625,08:45:00,525.0,2002-09-26,2023-08-01,,,2026-12-31,True,80.0,1,0
SR1001,乘客4,NWC,手杖;腳架,訓練,12345,"['Mon', 'Tue', 'Wed', 'Thu', 'Fri']",灣仔立德里 (過禁區牌),灣仔,22.2765312412898,114.18011275339,07:50:00,470.0,石排灣邨碧輝樓新生精神康復會培訓中心(巴士總站側),灣仔,22.2502654183729,114.157331371813,08:55:00,535.0,2025-10-05,2025-11-01,,,,True,65.0,0,1
SR1001,乘客5,NWC,手杖,訓練,12345,"['Mon', 'Tue', 'Wed', 'Thu', 'Fri']",鴨利洲邨利澤樓(小巴站),南區,22.2442846788753,114.15005787677,08:10:00,490.0,惠福道4號東華三院賽馬會復康中心,南區,22.24645704531,114.164066940409,09:25:00,565.0,2009-01-06,2022-08-01,,,2026-12-31,True,75.0,0,1
SR1001,乘客6,NWC,腳架,訓練,12345,"['Mon', 'Tue', 'Wed', 'Thu', 'Fri']",鴨利洲邨利澤樓(小巴站),南區,22.2442846788753,114.15005787677,08:10:00,490.0,惠福道4號東華三院賽馬會復康中心,南區,22.24645704531,114.164066940409,09:25:00,565.0,2010-06-23,2022-08-01,,,2026-12-31,True,75.0,0,1
SR1001,乘客7,NWC,手杖,工作,12345,"['Mon', 'Tue', 'Wed', 'Thu', 'Fri']",海傍道逸港居(近巴士站),南區,22.2473040710296,114.159203891932,08:25:00,505.0,漁光道85號扶康會康復中心,南區,22.2495951375818,114.158990263625,08:45:00,525.0,2020-08-13,2022-08-01,,,2030-12-31,True,20.0,0,1
SR1001,乘客8,NWC,手動輪椅可以過椅,訓練,12345,"['Mon', 'Tue', 'Wed', 'Thu', 'Fri']",石排灣邨碧朗樓,南區,22.2483966060241,114.157308806788,08:50:00,530.0,惠福道4號東華三院賽馬會復康中心,南區,22.24645704531,114.164066940409,09:25:00,565.0,2008-09-30,2022-08-01,,,2026-12-31,True,35.0,0,1
SR1001,乘客9,WC,白手杖,訓練,12345,"['Mon', 'Tue', 'Wed', 'Thu', 'Fri']",石排灣邨碧朗樓,南區,22.2483966060241,114.157308806788,08:50:00,530.0,皇后大道東282號鄧肇堅醫院靈實康復中心,南區,22.2754636248757,114.177739412734,10:25:00,625.0,2014-01-29,2022-08-01,,,2026-12-31,True,95.0,1,0
SR1001,乘客10,NWC,白手杖,訓練,12345,"['Mon', 'Tue', 'Wed', 'Thu', 'Fri']",香港仔舊大街108號港暉中心,南區,22.2485222538968,114.156155095037,09:00:00,540.0,惠福道4號東華三院賽馬會復康中心,南區,22.24645704531,114.164066940409,09:25:00,565.0,2021-12-31,2022-08-01,,,2032-12-31,True,25.0,0,1
SR1001,乘客11,NWC,手杖,訓練,12345,"['Mon', 'Tue', 'Wed', 'Thu', 'Fri']",深灣道11號雅濤閣2座(平台),南區,22.2427323532156,114.165001922395,09:10:00,550.0,惠福道4號東華三院賽馬會復康中心,南區,22.24645704531,114.164066940409,09:25:00,565.0,2010-01-14,2022-08-01,,,2026-12-31,True,15.0,0,1
SR1001,乘客12,NWC,手動輪椅可以過椅;腳架,訓練,12345,"['Mon', 'Tue', 'Wed', 'Thu', 'Fri']",深灣道11號雅濤閣2座(平台),南區,22.2427323532156,114.165001922395,09:10:00,550.0,惠福道4號東華三院賽馬會復康中心,南區,22.24645704531,114.164066940409,09:25:00,565.0,2017-06-05,2022-08-01,,,2026-12-31,True,15.0,0,1
SR1002,乘客13,WC,其他 / 特殊情況,訓練,12345,"['Mon', 'Tue', 'Wed', 'Thu', 'Fri']",堅尼地道100號聖雅各賽馬會力行工場,灣仔,22.2726781131103,114.173695109941,15:00:00,900.0,北角長康街20號,灣仔,22.28976682107,114.195864736073,15:40:00,940.0,2014-05-27,2022-08-01,,,2026-12-31,True,40.0,1,0
SR1002,乘客14,NWC,手杖,訓練,12345,"['Mon', 'Tue', 'Wed', 'Thu', 'Fri']",堅尼地道100號聖雅各賽馬會力行工場,灣仔,22.2726781131103,114.173695109941,15:00:00,900.0,鰂魚涌康柏徑10號康景花園A座,灣仔,22.2806186078637,114.213175833641,16:10:00,970.0,2022-01-07,2022-08-01,,,2032-12-31,True,70.0,0,1
SR1002,乘客15,NWC,手動輪椅不可過椅,訓練,12345,"['Mon', 'Tue', 'Wed', 'Thu', 'Fri']",堅尼地道100號聖雅各賽馬會力行工場,灣仔,22.2726781131103,114.173695109941,15:00:00,900.0,鰂魚涌英皇道925號麗池大廈,灣仔,22.2898201815979,114.209724980689,16:00:00,960.0,2023-07-27,2023-08-01,,,,True,60.0,0,1
SR1002,乘客15跟車,WC,,訓練,12345,"['Mon', 'Tue', 'Wed', 'Thu', 'Fri']",堅尼地道100號聖雅各賽馬會力行工場,灣仔,22.2726781131103,114.173695109941,15:00:00,900.0,鰂魚涌英皇道925號麗池大廈,灣仔,22.2898201815979,114.209724980689,16:00:00,960.0,2023-07-27,2023-08-01,,,,True,60.0,1,0
SR1002,乘客16,NWC,手杖,訓練,12345,"['Mon', 'Tue', 'Wed', 'Thu', 'Fri']",堅尼地道100號聖雅各賽馬會灣仔服務隊,灣仔,22.2723899469581,114.173486763987,15:00:00,900.0,柴灣環翠邨富翠樓,灣仔,22.2624722415679,114.238482213366,16:55:00,1015.0,2026-02-24,2026-04-01,,,,True,115.0,0,1
SR1002,乘客17,NWC,其他 / 特殊情況,上學,12345,"['Mon', 'Tue', 'Wed', 'Thu', 'Fri']",北角和富道19號保良局余李慕芬學校(入停車場),東區,22.2916892422805,114.195187349634,15:30:00,930.0,筲箕灣東濤苑旭濤閣,東區,22.2818624909702,114.225406332319,16:35:00,995.0,2020-11-04,2022-08-01,,,2033-12-31,True,65.0,0,1
SR1002,乘客17跟車,NWC,,上學,12345,"['Mon', 'Tue', 'Wed', 'Thu', 'Fri']",北角和富道19號保良局余李慕芬學校(入停車場),東區,22.2916892422805,114.195187349634,15:30:00,930.0,筲箕灣東濤苑旭濤閣,東區,22.2818624909702,114.225406332319,16:35:00,995.0,2020-11-04,2022-08-01,,,2033-12-31,True,65.0,0,1
SR1002,乘客18,NWC,其他 / 特殊情況,訓練,12345,"['Mon', 'Tue', 'Wed', 'Thu', 'Fri']",筲箕灣道456號救世軍展能中心,東區,22.2767223846735,114.22930594064,16:40:00,1000.0,柴灣環翠邨利翠樓(新廈街小巴站),東區,22.2631014435445,114.239687154878,17:00:00,1020.0,2016-05-13,2024-12-01,,,2026-12-31,True,20.0,0,1
SR1002,乘客19,NWC,其他 / 特殊情況,訓練,12345,"['Mon', 'Tue', 'Wed', 'Thu', 'Fri']",筲箕灣道456號救世軍展能中心,東區,22.2767223846735,114.22930594064,16:40:00,1000.0,小西灣道23號富怡花園(麥當勞),東區,22.2626032720762,114.250836423802,17:15:00,1035.0,2015-11-11,2024-12-01,,,2026-12-31,True,35.0,0,1
SR1002,乘客20,NWC,手動輪椅不可過椅;手杖,工作,12345,"['Mon', 'Tue', 'Wed', 'Thu', 'Fri']",英皇道979號太古坊電訊盈科中心,東區,22.287068408272,114.212329325655,18:00:00,1080.0,筲箕灣東濤苑旭濤閣,東區,22.2818624909702,114.225406332319,18:20:00,1100.0,2022-10-26,2022-08-01,,,2032-12-31,True,20.0,0,1
SR1002,乘客20跟車,WC,,工作,12345,"['Mon', 'Tue', 'Wed', 'Thu', 'Fri']",英皇道979號太古坊電訊盈科中心,東區,22.287068408272,114.212329325655,18:00:00,1080.0,筲箕灣東濤苑旭濤閣,東區,22.2818624909702,114.225406332319,18:20:00,1100.0,2022-10-26,2022-08-01,,,2032-12-31,True,20.0,1,0
SR1011,乘客21,NWC,手杖,工作,12345,"['Mon', 'Tue', 'Wed', 'Thu', 'Fri']",柴灣蝶翠苑(卸貨區),東區,22.2651575095581,114.243997877392,07:40:00,460.0,中環干諾道中 永安集團大廈,東區,22.2842003154729,114.156863205735,08:00:00,480.0,2025-05-23,2025-07-01,,,,True,20.0,0,1
SR1011,乘客22,NWC,手杖,訓練,12345,"['Mon', 'Tue', 'Wed', 'Thu', 'Fri']",堅尼地城西環邨南苑台,中西區,22.2812547313227,114.12595781343,08:25:00,505.0,上環必列者士街51號中華基督教必愛之家工場,中西區,22.2838776695374,114.149481556306,08:55:00,535.0,2020-01-24,2022-08-01,,,2030-12-31,True,30.0,0,1
SR1011,乘客23,NWC,其他 / 特殊情況,訓練,12345,"['Mon', 'Tue', 'Wed', 'Thu', 'Fri']",灣仔堅拿道西21號 (過巴士站),灣仔,22.2772146825857,114.180862594635,09:10:00,550.0,香港小西灣小西灣道瑞盛樓,灣仔,22.2638567,114.2478536,09:50:00,590.0,2025-07-31,2025-09-01,,,,True,40.0,0,1
SR1011,乘客24,NWC,其他 / 特殊情況,訓練,12345,"['Mon', 'Tue', 'Wed', 'Thu', 'Fri']",小西灣道23號富怡花園(麥當勞),東區,22.2626032720762,114.250836423802,09:45:00,585.0,筲箕灣道456號救世軍展能中心,東區,22.2767223846735,114.22930594064,10:15:00,615.0,2015-11-11,2024-12-01,,,2026-12-31,True,30.0,0,1
SR1011,乘客25,NWC,其他 / 特殊情況,訓練,12345,"['Mon', 'Tue', 'Wed', 'Thu', 'Fri']",柴灣環翠邨利翠樓環翠普通科門診診所(巴士站),東區,22.2629898598072,114.239387958946,10:00:00,600.0,筲箕灣道456號救世軍展能中心,東區,22.2767223846735,114.22930594064,10:15:00,615.0,2016-05-13,2024-12-01,,,2026-12-31,True,15.0,0,1
SR1012,乘客26,NWC,手杖,訓練,12345,"['Mon', 'Tue', 'Wed', 'Thu', 'Fri']",高街2號西營盤社區大樓,中西區,22.284941714479,114.144061584,15:10:00,910.0,上環高陞街28號仁濟醫院復康中心,中西區,22.2870921404086,114.146638739235,15:30:00,930.0,2015-08-05,2024-03-01,,,2028-12-31,True,20.0,0,1
SR1012,乘客27,NWC,其他 / 特殊情況,訓練,12345,"['Mon', 'Tue', 'Wed', 'Thu', 'Fri']",惠福道4號東華三院賽馬會復康中心,南區,22.24645704531,114.164066940409,16:00:00,960.0,薄扶林道147號(傷健協會共融軒),南區,22.2602284783082,114.135933970017,17:35:00,1055.0,2022-06-10,2022-08-01,,,2032-12-31,True,95.0,0,1
SR1012,乘客28,NWC,其他 / 特殊情況,訓練,12345,"['Mon', 'Tue', 'Wed', 'Thu', 'Fri']",惠福道4號東華三院賽馬會復康中心,南區,22.24645704531,114.164066940409,16:00:00,960.0,薄扶林道147號(傷健協會共融軒),南區,22.2602284783082,114.135933970017,17:35:00,1055.0,2017-09-12,2022-08-01,,,2026-12-31,True,95.0,0,1
SR1012,乘客29,NWC,手杖,訓練,12345,"['Mon', 'Tue', 'Wed', 'Thu', 'Fri']",惠福道4號東華三院賽馬會復康中心,南區,22.24645704531,114.164066940409,16:00:00,960.0,深灣道11號雅濤閣2座(平台),南區,22.2427323532156,114.165001922395,16:20:00,980.0,2010-01-14,2022-08-01,,,2026-12-31,True,20.0,0,1
SR1012,乘客30,NWC,手動輪椅可以過椅,訓練,12345,"['Mon', 'Tue', 'Wed', 'Thu', 'Fri']",惠福道4號東華三院賽馬會復康中心,南區,22.24645704531,114.164066940409,16:00:00,960.0,石排灣邨碧朗樓,南區,22.2483966060241,114.157308806788,16:35:00,995.0,2008-09-30,2022-08-01,,,2026-12-31,True,35.0,0,1
SR1012,乘客31,WC,手動輪椅可以過椅;腳架,訓練,12345,"['Mon', 'Tue', 'Wed', 'Thu', 'Fri']",惠福道4號東華三院賽馬會復康中心,南區,22.24645704531,114.164066940409,16:00:00,960.0,深灣道11號雅濤閣2座(平台),南區,22.2427323532156,114.165001922395,16:20:00,980.0,2017-06-05,2022-08-01,,,2026-12-31,True,20.0,1,0
SR1012,乘客32,WC,白手杖,訓練,12345,"['Mon', 'Tue', 'Wed', 'Thu', 'Fri']",惠福道4號東華三院賽馬會復康中心,南區,22.24645704531,114.164066940409,16:00:00,960.0,香港仔舊大街108號港暉中心,南區,22.2485222538968,114.156155095037,16:40:00,1000.0,2021-12-31,2022-08-01,,,2032-12-31,True,40.0,1,0
SR1012,乘客33,NWC,手推架,訓練,135,"['Mon', 'Wed', 'Fri']",惠福道4號東華三院賽馬會復康中心,南區,22.24645704531,114.164066940409,16:00:00,960.0,田灣邨田康樓,南區,22.2515911337568,114.149907066921,16:50:00,1010.0,2026-01-23,2026-03-01,,,,True,50.0,0,1
SR1012,乘客34,NWC,手杖,訓練,12345,"['Mon', 'Tue', 'Wed', 'Thu', 'Fri']",漁光道85號扶康會康復中心,南區,22.2495951375818,114.158990263625,16:30:00,990.0,薄扶林道147號(傷健協會共融軒),南區,22.2602284783082,114.135933970017,17:35:00,1055.0,2013-01-04,2022-08-01,,,2026-12-31,True,65.0,0,1
SR1012,乘客35,NWC,其他 / 特殊情況,訓練,12345,"['Mon', 'Tue', 'Wed', 'Thu', 'Fri']",華貴邨東華三院莫羅瑞華復康中心,南區,22.2500808928871,114.137973599442,17:00:00,1020.0,華富(二)邨華生樓,南區,22.2524909360745,114.136706672196,17:10:00,1030.0,2016-03-22,2022-08-01,,,2026-12-31,True,10.0,0,1
SR1012,乘客36,NWC,手動輪椅不可過椅,訓練,12345,"['Mon', 'Tue', 'Wed', 'Thu', 'Fri']",華貴邨東華三院莫羅瑞華復康中心,南區,22.2500808928871,114.137973599442,17:00:00,1020.0,華富(一)邨華建樓,南區,22.2522514078696,114.135394217414,17:20:00,1040.0,2021-11-12,2022-08-01,,,2032-12-31,True,20.0,0,1
SR1012,乘客37,WC,白手杖,訓練,12345,"['Mon', 'Tue', 'Wed', 'Thu', 'Fri']",華貴邨東華三院莫羅瑞華復康中心,南區,22.2500808928871,114.137973599442,17:00:00,1020.0,薄扶林道147號(傷健協會共融軒),南區,22.2602284783082,114.135933970017,17:35:00,1055.0,2022-07-20,2022-08-01,,,2032-12-31,True,35.0,1,0
SR1012,乘客38,NWC,不需輔助工具,訓練,12345,"['Mon', 'Tue', 'Wed', 'Thu', 'Fri']",華貴邨東華三院莫羅瑞華復康中心,南區,22.2500808928871,114.137973599442,17:00:00,1020.0,華富(一)邨華建樓,南區,22.2522514078696,114.135394217414,17:20:00,1040.0,2024-07-18,2024-09-01,,,,True,20.0,0,1
SR1012,乘客39,NWC,手杖,工作,12345,"['Mon', 'Tue', 'Wed', 'Thu', 'Fri']",中環干諾道中 永安集團大廈,中西區,22.2842003154729,114.156863205735,18:15:00,1095.0,柴灣蝶翠苑(卸貨區),中西區,22.2651575095581,114.243997877392,19:00:00,1140.0,2025-05-23,2025-07-01,,,,True,45.0,0,1
SR1012,乘客40,NWC,電動輪椅,工作,12345,"['Mon', 'Tue', 'Wed', 'Thu', 'Fri']",上環中遠大廈 (永樂街避車處),中西區,22.285827238863,114.152812968059,18:20:00,1100.0,柴灣杏花邨 25 座,中西區,22.2788560869729,114.2398511307,18:50:00,1130.0,2026-01-15,2026-02-01,,,,True,30.0,0,1
SR1021,乘客41,WC,電動輪椅,工作,134,"['Mon', 'Wed', 'Thu']",鴨脷洲西邨利澤樓,南區,22.2445088501072,114.150164198709,07:00:00,420.0,皇后大道東213號胡忠大廈(近巴士站),南區,22.2745570577857,114.172685946737,07:40:00,460.0,2026-01-06,2026-02-01,,,,True,40.0,1,0
SR1021,乘客42,WC,其他 / 特殊情況,訓練,12345,"['Mon', 'Tue', 'Wed', 'Thu', 'Fri']",利東邨東昌樓,南區,22.241659236631,114.154076167044,07:10:00,430.0,柴灣興華(二)邨安興樓香港耀能協會賽馬會柴灣工場,南區,22.2638034556923,114.233421936519,08:55:00,535.0,2002-09-26,2022-08-01,,,2026-12-31,True,105.0,1,0
SR1021,乘客43,NWC,手動輪椅可以過椅;手杖,訓練,12345,"['Mon', 'Tue', 'Wed', 'Thu', 'Fri']",北角百福道2號(近避車處),東區,22.2909042204007,114.205250954925,08:00:00,480.0,筲箕灣愛東邨愛善樓(迴旋處),東區,22.2807960507043,114.226949708977,08:30:00,510.0,2021-12-20,2022-08-01,,,2032-12-31,True,30.0,0,1
SR1021,乘客44,WC,不需輔助工具,訓練,12345,"['Mon', 'Tue', 'Wed', 'Thu', 'Fri']",柴灣泰民街13號樂翠台1座,東區,22.2677510598311,114.234439481065,08:50:00,530.0,柴灣興華(二)邨安興樓香港耀能協會賽馬會柴灣工場,東區,22.2638034556923,114.233421936519,08:55:00,535.0,2024-07-17,2024-09-01,,,,True,5.0,1,0
SR1021,乘客45,NWC,手動輪椅不可過椅,訓練,12345,"['Mon', 'Tue', 'Wed', 'Thu', 'Fri']",鰂魚涌太古灣道太古城海景花園(巴士站),東區,22.2873375202241,114.219464843032,09:40:00,580.0,惠福道4號東華三院賽馬會復康中心,東區,22.24645704531,114.164066940409,10:25:00,625.0,2016-05-28,2022-08-01,,,2026-12-31,True,45.0,0,1
SR1021,乘客45跟車,WC,,訓練,12345,"['Mon', 'Tue', 'Wed', 'Thu', 'Fri']",鰂魚涌太古灣道太古城海景花園(巴士站),東區,22.2873375202241,114.219464843032,09:40:00,580.0,惠福道4號東華三院賽馬會復康中心,東區,22.24645704531,114.164066940409,10:25:00,625.0,2016-05-28,2022-08-01,,,2026-12-31,True,45.0,1,0
SR1021,乘客46,NWC,其他 / 特殊情況,訓練,124,"['Mon', 'Tue', 'Thu']",銅鑼灣禮頓道95號星輝大廈,灣仔,22.2775203720299,114.184918642111,10:00:00,600.0,惠福道4號東華三院賽馬會復康中心,灣仔,22.24645704531,114.164066940409,10:25:00,625.0,2007-06-11,2022-08-01,,,2029-12-31,True,25.0,0,1
SR1022,乘客47,NWC,其他 / 特殊情況,訓練,12345,"['Mon', 'Tue', 'Wed', 'Thu', 'Fri']",柴灣興華(二)邨安興樓香港耀能協會賽馬會柴灣工場,東區,22.2638034556923,114.233421936519,15:00:00,900.0,利東邨東昌樓,東區,22.241659236631,114.154076167044,16:05:00,965.0,2002-09-26,2022-08-01,,,2026-12-31,True,65.0,0,1
SR1022,乘客48,NWC,其他 / 特殊情況,訓練,12345,"['Mon', 'Tue', 'Wed', 'Thu', 'Fri']",堅尼地道100號聖雅各賽馬會力行工場,灣仔,22.2726781131103,114.173695109941,16:30:00,990.0,大坑春暉道7號慧景園,灣仔,22.2731535170021,114.194130594687,17:00:00,1020.0,2018-12-18,2022-08-01,,,2029-12-31,True,30.0,0,1
SR1022,乘客49,NWC,其他 / 特殊情況,訓練,12345,"['Mon', 'Tue', 'Wed', 'Thu', 'Fri']",堅尼地道100號聖雅各賽馬會力行工場,灣仔,22.2726781131103,114.173695109941,16:30:00,990.0,大坑春暉道7號慧景園,灣仔,22.2731535170021,114.194130594687,17:00:00,1020.0,2014-06-09,2022-08-01,,,2026-12-31,True,30.0,0,1
SR1022,乘客50,NWC,其他 / 特殊情況,訓練,12345,"['Mon', 'Tue', 'Wed', 'Thu', 'Fri']",堅尼地道100號聖雅各賽馬會力行工場,灣仔,22.2726781131103,114.173695109941,16:30:00,990.0,中環5號碼頭,灣仔,22.2874496109085,114.15931444686,17:20:00,1040.0,2016-11-18,2022-08-01,,,2026-12-31,True,50.0,0,1
SR1022,乘客51,NWC,手杖,訓練,12345,"['Mon', 'Tue', 'Wed', 'Thu', 'Fri']",堅尼地道100號聖雅各賽馬會力行工場,灣仔,22.2726781131103,114.173695109941,16:30:00,990.0,上環皇后街仁濟醫院晴晞閣(近高陞街口),灣仔,22.287070404981,114.146756509075,17:30:00,1050.0,2025-04-10,2025-05-01,,,,True,60.0,0,1
SR1022,乘客52,NWC,手杖,工作,12345,"['Mon', 'Tue', 'Wed', 'Thu', 'Fri']",港灣道12號稅務大樓(地庫停車場),灣仔,22.2801625330073,114.172505697089,18:05:00,1085.0,筲箕灣愛蝶灣 (10座),灣仔,22.2816956662991,114.228723829258,18:20:00,1100.0,2025-08-15,2025-10-01,,,,True,15.0,0,1
SR1031,乘客53,NWC,手杖,工作,12345,"['Mon', 'Tue', 'Wed', 'Thu', 'Fri']",筲箕灣愛蝶灣7座,東區,22.2813846336242,114.228888987774,07:20:00,440.0,灣仔港灣道12號 (停車場升降機口),東區,22.2803764507778,114.172237642592,08:05:00,485.0,2025-08-15,2025-10-01,,,,True,45.0,0,1
SR1031,乘客54,NWC,手動輪椅不可過椅;手杖,工作,12345,"['Mon', 'Tue', 'Wed', 'Thu', 'Fri']",筲箕灣東旭苑(海旁巴士站),東區,22.2824624203014,114.227361211389,07:30:00,450.0,英皇道979號太古坊電訊盈科中心,東區,22.287068408272,114.212329325655,07:45:00,465.0,2022-10-26,2022-08-01,,,2032-12-31,True,15.0,0,1
SR1031,乘客54跟車,WC,,工作,12345,"['Mon', 'Tue', 'Wed', 'Thu', 'Fri']",筲箕灣東旭苑(海旁巴士站),東區,22.2824624203014,114.227361211389,07:30:00,450.0,英皇道979號太古坊電訊盈科中心,東區,22.287068408272,114.212329325655,07:45:00,465.0,2022-10-26,2022-08-01,,,2032-12-31,True,15.0,1,0
SR1031,乘客55,NWC,其他 / 特殊情況,訓練,12345,"['Mon', 'Tue', 'Wed', 'Thu', 'Fri']",上環皇后街1號帝后華庭1座,中西區,22.2870287289207,114.147448949963,08:30:00,510.0,柴灣道233號新翠花園6座利民會工場,中西區,22.2639833704893,114.236609807734,09:15:00,555.0,2019-02-26,2022-08-01,,,2030-12-31,True,45.0,0,1
SR1032,乘客56,NWC,其他 / 特殊情況,訓練,12345,"['Mon', 'Tue', 'Wed', 'Thu', 'Fri']",柴灣道233號新翠花園6座利民會工場,東區,22.2639833704893,114.236609807734,15:00:00,900.0,薄扶林道147號(展亮技能發展中心),東區,22.2602417730119,114.135957550651,16:15:00,975.0,2011-08-26,2022-08-01,,,2026-12-31,True,75.0,0,1
SR1032,乘客57,NWC,手動輪椅不可過椅;嬰兒手推車型輪椅,上學,12345,"['Mon', 'Tue', 'Wed', 'Thu', 'Fri']",西灣河鯉景道51號明愛樂義學校,東區,22.2864683794458,114.222389153166,15:15:00,915.0,堅尼地城士美菲路85號寶德大廈,東區,22.2794563466104,114.129446924763,16:05:00,965.0,2026-01-21,2026-03-01,,,,True,50.0,0,1
SR1032,乘客57跟車,WC,,上學,12345,"['Mon', 'Tue', 'Wed', 'Thu', 'Fri']",西灣河鯉景道51號明愛樂義學校,東區,22.2864683794458,114.222389153166,15:15:00,915.0,堅尼地城士美菲路85號寶德大廈,東區,22.2794563466104,114.129446924763,16:05:00,965.0,2026-01-21,2026-03-01,,,,True,50.0,1,0
SR1032,乘客58,NWC,嬰兒手推車型輪椅,上學,12345,"['Mon', 'Tue', 'Wed', 'Thu', 'Fri']",西灣河鯉景道51號明愛樂義學校,東區,22.2864683794458,114.222389153166,15:15:00,915.0,筲箕灣阿公岩道25號明華大廈A座,東區,22.2792179237997,114.231266949585,15:35:00,935.0,2025-08-08,2025-10-01,,,,True,20.0,0,1
SR1032,乘客58跟車,WC,,上學,12345,"['Mon', 'Tue', 'Wed', 'Thu', 'Fri']",西灣河鯉景道51號明愛樂義學校,東區,22.2864683794458,114.222389153166,15:15:00,915.0,筲箕灣阿公岩道25號明華大廈A座,東區,22.2792179237997,114.231266949585,15:35:00,935.0,2025-08-08,2025-10-01,,,,True,20.0,1,0
SR1032,乘客59,NWC,嬰兒手推車型輪椅,上學,12345,"['Mon', 'Tue', 'Wed', 'Thu', 'Fri']",西灣河鯉景道51號明愛樂義學校,東區,22.2864683794458,114.222389153166,15:15:00,915.0,石排灣邨碧月樓,東區,22.248962911014,114.15738006548,16:30:00,990.0,2023-09-22,2024-03-01,,,,True,75.0,0,1
SR1032,乘客59跟車,WC,,上學,12345,"['Mon', 'Tue', 'Wed', 'Thu', 'Fri']",西灣河鯉景道51號明愛樂義學校,東區,22.2864683794458,114.222389153166,15:15:00,915.0,石排灣邨碧月樓,東區,22.248962911014,114.15738006548,16:30:00,990.0,2023-09-22,2024-03-01,,,,True,75.0,1,0
SR1032,乘客60,NWC,手動輪椅不可過椅,上學,12345,"['Mon', 'Tue', 'Wed', 'Thu', 'Fri']",西灣河鯉景道51號明愛樂義學校,東區,22.2864683794458,114.222389153166,15:15:00,915.0,石排灣邨碧月樓,東區,22.248962911014,114.15738006548,16:30:00,990.0,2025-06-05,2025-07-01,,,2035-08-30,True,75.0,0,1
SR1032,乘客60跟車,WC,,上學,12345,"['Mon', 'Tue', 'Wed', 'Thu', 'Fri']",西灣河鯉景道51號明愛樂義學校,東區,22.2864683794458,114.222389153166,15:15:00,915.0,石排灣邨碧月樓,東區,22.248962911014,114.15738006548,16:30:00,990.0,2025-06-05,2025-07-01,,,2035-08-30,True,75.0,1,0
SR1032,乘客61,NWC,電動輪椅,工作,12345,"['Mon', 'Tue', 'Wed', 'Thu', 'Fri']",上環德輔道中211號（永安百貨）,中西區,22.2865848323252,114.152973164551,17:00:00,1020.0,和明苑和暉閣,中西區,22.3156239580713,114.267032484809,17:35:00,1055.0,2011-10-27,2022-08-01,,,2026-12-31,True,35.0,0,1
SR1032,乘客62,WC,手杖,工作,12345,"['Mon', 'Tue', 'Wed', 'Thu', 'Fri']",藍田復康徑7號藍田綜合中心,觀塘,22.3080382817291,114.23042037906,18:15:00,1095.0,青衣青逸軒1座(長安邨入閘),觀塘,22.360651979606,114.104303165973,19:20:00,1160.0,2021-07-07,2022-08-01,,,2033-12-31,True,65.0,1,0
SR1032,乘客63,NWC,手杖,工作,12345,"['Mon', 'Tue', 'Wed', 'Thu', 'Fri']",葵涌大圓街12-22號瑞榮工業大廈,葵涌,22.3700235994761,114.135823647454,18:55:00,1135.0,美景花園(商場入閘),葵涌,22.3441828778319,114.106744315562,19:10:00,1150.0,2026-03-04,2026-04-01,,,,True,15.0,0,1
SR1041,乘客64,NWC,手動輪椅可以過椅,訓練,12345,"['Mon', 'Tue', 'Wed', 'Thu', 'Fri']",小西灣道28號藍灣半島(近的士站),東區,22.2662294623323,114.251278993846,07:50:00,470.0,堅尼地道100號聖雅各賽馬會灣仔服務隊,東區,22.2723899469581,114.173486763987,09:50:00,590.0,2017-08-12,2022-08-01,,,2026-12-31,True,120.0,0,1
SR1041,乘客65,WC,手杖,訓練,12345,"['Mon', 'Tue', 'Wed', 'Thu', 'Fri']",柴灣環翠邨富翠樓,東區,22.2624722415679,114.238482213366,08:00:00,480.0,堅尼地道100號聖雅各賽馬會灣仔服務隊,東區,22.2723899469581,114.173486763987,09:50:00,590.0,2026-02-24,2026-04-01,,,,True,110.0,1,0
SR1041,乘客66,NWC,其他 / 特殊情況,訓練,12345,"['Mon', 'Tue', 'Wed', 'Thu', 'Fri']",柴灣峰華邨曉峰樓,東區,22.2608338066105,114.231940524311,08:10:00,490.0,堅尼地道100號聖雅各賽馬會灣仔服務隊,東區,22.2723899469581,114.173486763987,09:50:00,590.0,2019-06-24,2022-08-01,,,2029-12-31,True,100.0,0,1
SR1041,乘客67,NWC,其他 / 特殊情況,訓練,12345,"['Mon', 'Tue', 'Wed', 'Thu', 'Fri']",筲箕灣耀東邨耀輝樓(入閘),東區,22.2770257047425,114.225710414301,08:50:00,530.0,堅尼地道100號聖雅各賽馬會力行工場,東區,22.2726781131103,114.173695109941,09:50:00,590.0,2017-01-04,2022-08-01,,,2026-12-31,True,60.0,0,1
SR1041,乘客68,NWC,手杖,訓練,12345,"['Mon', 'Tue', 'Wed', 'Thu', 'Fri']",鰂魚涌康柏徑10號康景花園A座,東區,22.2806186078637,114.213175833641,09:05:00,545.0,堅尼地道100號聖雅各賽馬會灣仔服務隊,東區,22.2723899469581,114.173486763987,09:50:00,590.0,2022-01-07,2022-08-01,,,2032-12-31,True,45.0,0,1
SR1041,乘客69,NWC,手杖,訓練,12345,"['Mon', 'Tue', 'Wed', 'Thu', 'Fri']",北角屈臣道15號維多利中心,東區,22.2873500849998,114.190410411037,09:25:00,565.0,堅尼地道100號聖雅各賽馬會灣仔服務隊,東區,22.2723899469581,114.173486763987,09:50:00,590.0,2023-07-27,2023-09-01,,,,True,25.0,0,1
SR1041,乘客70,NWC,其他 / 特殊情況,訓練,12345,"['Mon', 'Tue', 'Wed', 'Thu', 'Fri']",興發街68號美城花園大廈,灣仔,22.2849251599399,114.191090781099,09:30:00,570.0,堅尼地道100號聖雅各賽馬會灣仔服務隊,灣仔,22.2723899469581,114.173486763987,09:50:00,590.0,2019-11-21,2024-03-01,,,2031-12-31,True,20.0,0,1
SR1042,乘客71,NWC,嬰兒手推車型輪椅,上學,12345,"['Mon', 'Tue', 'Wed', 'Thu', 'Fri']",薄扶林道131號（心光恩望學校）（恩望平台）,南區,22.2668421342708,114.132194278594,15:20:00,920.0,北角堡壘街19號景文樓,南區,22.2897159081997,114.196516642684,16:10:00,970.0,2021-07-21,2022-08-01,,,2031-12-31,True,50.0,0,1
SR1042,乘客72,WC,嬰兒手推車型輪椅,上學,12345,"['Mon', 'Tue', 'Wed', 'Thu', 'Fri']",薄扶林道131號（心光恩望學校）（恩望平台）,南區,22.2668421342708,114.132194278594,15:20:00,920.0,北角堡壘街19號景文樓,南區,22.2897159081997,114.196516642684,16:10:00,970.0,2024-09-17,2024-11-01,,,,True,50.0,1,0
SR1042,乘客72跟車,WC,,上學,12345,"['Mon', 'Tue', 'Wed', 'Thu', 'Fri']",薄扶林道131號（心光恩望學校）（恩望平台）,南區,22.2668421342708,114.132194278594,15:20:00,920.0,北角堡壘街19號景文樓,南區,22.2897159081997,114.196516642684,16:10:00,970.0,2024-09-17,2024-11-01,,,,True,50.0,1,0
SR1042,乘客73,NWC,手動輪椅不可過椅,上學,12345,"['Mon', 'Tue', 'Wed', 'Thu', 'Fri']",薄扶林道131號（心光恩望學校）（恩望平台）,南區,22.2668421342708,114.132194278594,15:20:00,920.0,筲箕灣耀興道38號東熹苑景熹閣(消防閘內),南區,22.2801588630421,114.218235532659,16:40:00,1000.0,2022-08-15,2022-08-01,,,2032-12-31,True,80.0,0,1
SR1042,乘客73跟車,WC,,上學,12345,"['Mon', 'Tue', 'Wed', 'Thu', 'Fri']",薄扶林道131號（心光恩望學校）（恩望平台）,南區,22.2668421342708,114.132194278594,15:20:00,920.0,筲箕灣耀興道38號東熹苑景熹閣(消防閘內),南區,22.2801588630421,114.218235532659,16:40:00,1000.0,2022-08-15,2022-08-01,,,2032-12-31,True,80.0,1,0
SR1042,乘客74,NWC,嬰兒手推車型輪椅,訓練,12345,"['Mon', 'Tue', 'Wed', 'Thu', 'Fri']",薄扶林道131號（心光幼兒中心）（恩望平台）,南區,22.2668886861488,114.132249134615,15:20:00,920.0,西灣河太康街逸星閣路口,南區,22.2865445398079,114.223607922598,16:30:00,990.0,2025-09-12,2025-11-01,,,,True,70.0,0,1
SR1042,乘客74跟車,WC,,訓練,12345,"['Mon', 'Tue', 'Wed', 'Thu', 'Fri']",薄扶林道131號（心光幼兒中心）（恩望平台）,南區,22.2668886861488,114.132249134615,15:20:00,920.0,西灣河太康街逸星閣路口,南區,22.2865445398079,114.223607922598,16:30:00,990.0,2025-09-12,2025-11-01,,,,True,70.0,1,0
SR1042,乘客74跟車,NWC,,訓練,12345,"['Mon', 'Tue', 'Wed', 'Thu', 'Fri']",薄扶林道131號（心光幼兒中心）（恩望平台）,南區,22.2668886861488,114.132249134615,15:20:00,920.0,西灣河太康街逸星閣路口,南區,22.2865445398079,114.223607922598,16:30:00,990.0,2025-09-12,2025-11-01,,,,True,70.0,0,1
SR1051,乘客75,NWC,手動輪椅不可過椅,訓練,12345,"['Mon', 'Tue', 'Wed', 'Thu', 'Fri']",鰂魚涌英皇道925號麗池大廈,東區,22.2898201815979,114.209724980689,07:00:00,420.0,堅尼地道100號聖雅各賽馬會力行工場,東區,22.2726781131103,114.173695109941,08:30:00,510.0,2023-07-27,2023-08-01,,,,True,90.0,0,1
SR1051,乘客75跟車,WC,,訓練,12345,"['Mon', 'Tue', 'Wed', 'Thu', 'Fri']",鰂魚涌英皇道925號麗池大廈,東區,22.2898201815979,114.209724980689,07:00:00,420.0,堅尼地道100號聖雅各賽馬會力行工場,東區,22.2726781131103,114.173695109941,08:30:00,510.0,2023-07-27,2023-08-01,,,,True,90.0,1,0
SR1051,乘客76,NWC,手動輪椅不可過椅,訓練,12345,"['Mon', 'Tue', 'Wed', 'Thu', 'Fri']",鰂魚涌康怡花園B座,東區,22.2801140962513,114.214926044757,07:10:00,430.0,薄扶林道147號(展亮技能發展中心),東區,22.2602417730119,114.135957550651,09:00:00,540.0,2024-07-30,2024-09-01,,,,True,110.0,0,1
SR1051,乘客77,WC,其他 / 特殊情況,訓練,12345,"['Mon', 'Tue', 'Wed', 'Thu', 'Fri']",北角英皇道318號恆英大厦(東亞銀行),東區,22.2901445334379,114.196291430443,07:25:00,445.0,堅尼地道100號聖雅各賽馬會力行工場,東區,22.2726781131103,114.173695109941,08:30:00,510.0,2014-05-27,2022-08-01,,,2026-12-31,True,65.0,1,0
SR1051,乘客78,NWC,其他 / 特殊情況,訓練,12345,"['Mon', 'Tue', 'Wed', 'Thu', 'Fri']",北角英皇道318號恆英大厦(東亞銀行),東區,22.2901445334379,114.196291430443,07:25:00,445.0,薄扶林道147號(展亮技能發展中心),東區,22.2602417730119,114.135957550651,09:00:00,540.0,2018-10-09,2022-08-01,,,2028-12-31,True,95.0,0,1
SR1051,乘客78跟車,NWC,,訓練,12345,"['Mon', 'Tue', 'Wed', 'Thu', 'Fri']",北角英皇道318號恆英大厦(東亞銀行),東區,22.2901445334379,114.196291430443,07:25:00,445.0,薄扶林道147號(展亮技能發展中心),東區,22.2602417730119,114.135957550651,09:00:00,540.0,2018-10-09,2022-08-01,,,2028-12-31,True,95.0,0,1
SR1051,乘客79,NWC,其他 / 特殊情況,訓練,12345,"['Mon', 'Tue', 'Wed', 'Thu', 'Fri']",大坑春暉道7號慧景園,灣仔,22.2731535170021,114.194130594687,07:45:00,465.0,堅尼地道100號聖雅各賽馬會力行工場,灣仔,22.2726781131103,114.173695109941,08:30:00,510.0,2018-12-18,2022-08-01,,,2029-12-31,True,45.0,0,1
SR1051,乘客80,NWC,其他 / 特殊情況,訓練,12345,"['Mon', 'Tue', 'Wed', 'Thu', 'Fri']",大坑春暉道7號慧景園,灣仔,22.2731535170021,114.194130594687,07:45:00,465.0,堅尼地道100號聖雅各賽馬會力行工場,灣仔,22.2726781131103,114.173695109941,08:30:00,510.0,2014-06-09,2022-08-01,,,2026-12-31,True,45.0,0,1
SR1051,乘客81,NWC,手杖,訓練,123,"['Mon', 'Tue', 'Wed']",銅鑼灣禮頓道95號星輝大廈,灣仔,22.2775203720299,114.184918642111,07:55:00,475.0,華貴邨東華三院莫羅瑞華復康中心,灣仔,22.2500808928871,114.137973599442,09:25:00,565.0,2025-10-22,2025-12-01,,,,True,90.0,0,1
SR1051,乘客82,NWC,不需輔助工具,訓練,12345,"['Mon', 'Tue', 'Wed', 'Thu', 'Fri']",銅鑼灣恩平道3號,灣仔,22.2779914755918,114.185861260036,08:00:00,480.0,香港薄扶林薄扶林道147號,灣仔,22.2600492,114.1358191,09:00:00,540.0,2025-07-21,2025-09-01,,,,True,60.0,0,1
SR1051,乘客83,NWC,其他 / 特殊情況,訓練,12345,"['Mon', 'Tue', 'Wed', 'Thu', 'Fri']",薄扶林道147號(展亮技能發展中心),南區,22.2602417730119,114.135957550651,09:00:00,540.0,堅尼地道100號聖雅各賽馬會力行工場,南區,22.2726781131103,114.173695109941,09:50:00,590.0,2024-08-13,2024-10-01,,,,True,50.0,0,1
SR1051,乘客84,NWC,白手杖,訓練,12345,"['Mon', 'Tue', 'Wed', 'Thu', 'Fri']",薄扶林道147號(傷健協會共融軒),南區,22.2602284783082,114.135933970017,09:00:00,540.0,華貴邨東華三院莫羅瑞華復康中心,南區,22.2500808928871,114.137973599442,09:25:00,565.0,2022-07-20,2022-08-01,,,2032-12-31,True,25.0,0,1
SR1051,乘客85,NWC,其他 / 特殊情況,訓練,12345,"['Mon', 'Tue', 'Wed', 'Thu', 'Fri']",華富(二)邨華生樓,南區,22.2524909360745,114.136706672196,09:10:00,550.0,華貴邨東華三院莫羅瑞華復康中心,南區,22.2500808928871,114.137973599442,09:25:00,565.0,2016-03-22,2022-08-01,,,2026-12-31,True,15.0,0,1
SR1052,乘客86,NWC,電動輪椅,訓練,12345,"['Mon', 'Tue', 'Wed', 'Thu', 'Fri']",漁光道85號扶康會康復中心,南區,22.2495951375818,114.158990263625,15:00:00,900.0,華富(二)邨華泰樓,南區,22.2520406678761,114.136605798539,15:35:00,935.0,2022-05-06,2022-08-01,,,2032-12-31,True,35.0,0,1
SR1052,乘客87,WC,其他 / 特殊情況,訓練,12345,"['Mon', 'Tue', 'Wed', 'Thu', 'Fri']",石排灣邨碧輝樓新生精神康復會培訓中心(巴士總站側),南區,22.2502654183729,114.157331371813,15:05:00,905.0,薄扶林道147號(傷健協會共融軒),南區,22.2602284783082,114.135933970017,15:45:00,945.0,2018-09-05,2022-08-01,,,2028-12-31,True,40.0,1,0
SR1052,乘客88,NWC,手杖,訓練,12345,"['Mon', 'Tue', 'Wed', 'Thu', 'Fri']",石排灣邨碧輝樓新生精神康復會培訓中心(巴士總站側),南區,22.2502654183729,114.157331371813,15:05:00,905.0,華富(二)邨華生樓,南區,22.2524909360745,114.136706672196,15:25:00,925.0,2017-03-29,2022-08-01,,,2026-12-31,True,20.0,0,1
SR1052,乘客89,NWC,腳架,訓練,12345,"['Mon', 'Tue', 'Wed', 'Thu', 'Fri']",石排灣邨碧輝樓新生精神康復會培訓中心(巴士總站側),南區,22.2502654183729,114.157331371813,15:05:00,905.0,薄扶林道147號(傷健協會共融軒),南區,22.2602284783082,114.135933970017,15:45:00,945.0,2018-07-12,2022-08-01,,,2028-12-31,True,40.0,0,1
SR1052,乘客90,NWC,手杖;腳架,訓練,12345,"['Mon', 'Tue', 'Wed', 'Thu', 'Fri']",石排灣邨碧輝樓新生精神康復會培訓中心(巴士總站側),南區,22.2502654183729,114.157331371813,15:05:00,905.0,灣仔立德里 (過禁區牌),南區,22.2765312412898,114.18011275339,16:25:00,985.0,2025-10-05,2025-11-01,,,,True,80.0,0,1
SR1052,乘客91,NWC,手杖,訓練,123,"['Mon', 'Tue', 'Wed']",華貴邨東華三院莫羅瑞華復康中心,南區,22.2500808928871,114.137973599442,15:15:00,915.0,銅鑼灣禮頓道95號星輝大廈,南區,22.2775203720299,114.184918642111,16:35:00,995.0,2025-10-22,2025-12-01,,,,True,80.0,0,1
SR1052,乘客92,NWC,其他 / 特殊情況,訓練,12345,"['Mon', 'Tue', 'Wed', 'Thu', 'Fri']",薄扶林道147號(展亮技能發展中心),南區,22.2602417730119,114.135957550651,15:45:00,945.0,北角丹拿道18號丹拿花園1座,南區,22.2903998530952,114.201890416572,16:55:00,1015.0,2021-05-22,2022-08-01,,,2031-12-31,True,70.0,0,1
SR1052,乘客93,NWC,其他 / 特殊情況,訓練,12345,"['Mon', 'Tue', 'Wed', 'Thu', 'Fri']",薄扶林道147號(展亮技能發展中心),南區,22.2602417730119,114.135957550651,15:45:00,945.0,鰂魚涌太古城中心1期(巴士站),南區,22.2856818973587,114.217183625036,17:10:00,1030.0,2024-01-26,2024-04-01,,,,True,85.0,0,1
SR1052,乘客94,NWC,其他 / 特殊情況,訓練,12345,"['Mon', 'Tue', 'Wed', 'Thu', 'Fri']",薄扶林道147號(展亮技能發展中心),南區,22.2602417730119,114.135957550651,15:45:00,945.0,柴灣杏花邨13座,南區,22.2778960999177,114.238138980904,17:45:00,1065.0,2025-09-19,2025-11-01,,,,True,120.0,0,1
SR1052,乘客95,NWC,其他 / 特殊情況,訓練,12345,"['Mon', 'Tue', 'Wed', 'Thu', 'Fri']",薄扶林道147號(展亮技能發展中心),南區,22.2602417730119,114.135957550651,15:45:00,945.0,西灣河欣景花園(太安街街市),南區,22.2822346838358,114.222773453301,17:25:00,1045.0,2019-02-04,2022-08-01,,,2030-12-31,True,100.0,0,1
SR1052,乘客96,NWC,不需輔助工具,訓練,12345,"['Mon', 'Tue', 'Wed', 'Thu', 'Fri']",香港薄扶林薄扶林道147號展亮技能發展中心(薄扶林),南區,22.260187,114.135993,15:45:00,945.0,香港銅鑼灣希雲街禮希大樓,灣仔,22.2777877,114.1867459,16:40:00,1000.0,2025-07-21,2025-09-01,,,,True,55.0,0,1
SR1052,乘客97,NWC,其他 / 特殊情況,訓練,124,"['Mon', 'Tue', 'Thu']",惠福道4號東華三院賽馬會復康中心,南區,22.24645704531,114.164066940409,16:05:00,965.0,銅鑼灣禮頓道95號星輝大廈,南區,22.2775203720299,114.184918642111,16:35:00,995.0,2007-06-11,2022-08-01,,,2029-12-31,True,30.0,0,1
SR1052,乘客98,NWC,手杖,工作,12345,"['Mon', 'Tue', 'Wed', 'Thu', 'Fri']",惠福道4號東華三院賽馬會復康中心,南區,22.24645704531,114.164066940409,16:05:00,965.0,西灣河興東邨興康樓,南區,22.2812072959175,114.219685260764,17:30:00,1050.0,2024-02-16,2024-04-01,,,,True,85.0,0,1
SR1061,乘客99,NWC,手動輪椅可以過椅,上學,12345,"['Mon', 'Tue', 'Wed', 'Thu', 'Fri']",赤柱廣場(巴士站),南區,22.2201466151304,114.20961054845,07:00:00,420.0,大口環道15-17號紅十字會甘迺迪中心,南區,22.2709138981953,114.124416113912,08:05:00,485.0,2015-06-19,2022-08-01,,,2026-12-31,True,65.0,0,1
SR1061,乘客99跟車,WC,,上學,12345,"['Mon', 'Tue', 'Wed', 'Thu', 'Fri']",赤柱廣場(巴士站),南區,22.2201466151304,114.20961054845,07:00:00,420.0,大口環道15-17號紅十字會甘迺迪中心,南區,22.2709138981953,114.124416113912,08:05:00,485.0,2015-06-19,2022-08-01,,,2026-12-31,True,65.0,1,0
SR1061,乘客100,NWC,嬰兒手推車型輪椅,上學,12345,"['Mon', 'Tue', 'Wed', 'Thu', 'Fri']",赤柱廣場(巴士站),南區,22.2201466151304,114.20961054845,07:00:00,420.0,大口環道15-17號紅十字會甘迺迪中心,南區,22.2709138981953,114.124416113912,08:05:00,485.0,2025-08-04,2025-09-01,,,,True,65.0,0,1
SR1061,乘客100跟車,WC,,上學,12345,"['Mon', 'Tue', 'Wed', 'Thu', 'Fri']",赤柱廣場(巴士站),南區,22.2201466151304,114.20961054845,07:00:00,420.0,大口環道15-17號紅十字會甘迺迪中心,南區,22.2709138981953,114.124416113912,08:05:00,485.0,2025-08-04,2025-09-01,,,,True,65.0,1,0
SR1061,乘客101,NWC,手杖,上學,12345,"['Mon', 'Tue', 'Wed', 'Thu', 'Fri']",南寧街12號香港仔中心(近海晶閣小巴站),南區,22.2488964232131,114.153707687586,07:40:00,460.0,大口環道15-17號紅十字會甘迺迪中心,南區,22.2709138981953,114.124416113912,08:05:00,485.0,2019-09-03,2022-08-01,,,2029-12-31,True,25.0,0,1
SR1061,乘客101跟車,NWC,,上學,12345,"['Mon', 'Tue', 'Wed', 'Thu', 'Fri']",南寧街12號香港仔中心(近海晶閣小巴站),南區,22.2488964232131,114.153707687586,07:40:00,460.0,大口環道15-17號紅十字會甘迺迪中心,南區,22.2709138981953,114.124416113912,08:05:00,485.0,2019-09-03,2022-08-01,,,2029-12-31,True,25.0,0,1
SR1061,乘客102,NWC,電動輪椅,上學,12345,"['Mon', 'Tue', 'Wed', 'Thu', 'Fri']",華富(二)邨華興樓,南區,22.2523940008203,114.137228307646,07:50:00,470.0,大口環道15-17號紅十字會甘迺迪中心,南區,22.2709138981953,114.124416113912,08:05:00,485.0,2011-08-26,2022-08-01,,,2026-12-31,True,15.0,0,1
SR1061,乘客103,WC,手動輪椅不可過椅,訓練,12345,"['Mon', 'Tue', 'Wed', 'Thu', 'Fri']",鴨利洲邨利澤樓(小巴站),南區,22.2442846788753,114.15005787677,08:25:00,505.0,筲箕灣愛東邨愛善樓(迴旋處),南區,22.2807960507043,114.226949708977,10:20:00,620.0,2014-11-27,2022-08-01,,,2026-12-31,True,115.0,1,0
SR1061,乘客104,WC,手動輪椅不可過椅,訓練,12345,"['Mon', 'Tue', 'Wed', 'Thu', 'Fri']",薄扶林道89號寶翠園8座,中西區,22.2849544285862,114.133351326727,08:45:00,525.0,筲箕灣愛東邨愛善樓(迴旋處),中西區,22.2807960507043,114.226949708977,10:20:00,620.0,2024-06-04,2024-07-01,,,,True,95.0,1,0
SR1061,乘客105,WC,其他 / 特殊情況,訓練,245,"['Tue', 'Thu', 'Fri']",薄扶林道89號寶翠園8座,中西區,22.2849544285862,114.133351326727,08:45:00,525.0,灣仔堅尼地道100號聖雅各福群會大樓 (停車場),中西區,22.2724844639801,114.17325949607,09:40:00,580.0,2025-05-07,2025-06-01,,,,True,55.0,1,0
SR1061,乘客105跟車,NWC,,訓練,245,"['Tue', 'Thu', 'Fri']",薄扶林道89號寶翠園8座,中西區,22.2849544285862,114.133351326727,08:45:00,525.0,灣仔堅尼地道100號聖雅各福群會大樓 (停車場),中西區,22.2724844639801,114.17325949607,09:40:00,580.0,2025-05-07,2025-06-01,,,,True,55.0,0,1
SR1061,乘客106,NWC,手杖,訓練,12345,"['Mon', 'Tue', 'Wed', 'Thu', 'Fri']",堅尼地城海傍47號南海大廈商場,中西區,22.2840128986426,114.130425502945,09:00:00,540.0,筲箕灣愛東邨愛善樓(迴旋處),中西區,22.2807960507043,114.226949708977,10:20:00,620.0,2009-05-06,2022-08-01,,,2026-12-31,True,80.0,0,1
SR1061,乘客107,NWC,手動輪椅不可過椅,訓練,12345,"['Mon', 'Tue', 'Wed', 'Thu', 'Fri']",堅尼地城卑路乍街102號聯友新樓,中西區,22.2824988849536,114.12766048597,09:05:00,545.0,筲箕灣愛東邨愛善樓(迴旋處),中西區,22.2807960507043,114.226949708977,10:20:00,620.0,2015-03-09,2022-08-01,,,2026-12-31,True,75.0,0,1
SR1061,乘客108,WC,手推架,訓練,12345,"['Mon', 'Tue', 'Wed', 'Thu', 'Fri']",皇后大道東46號,灣仔,22.2770166875007,114.169052671807,09:30:00,570.0,筲箕灣愛東邨愛善樓(迴旋處),灣仔,22.2807960507043,114.226949708977,10:20:00,620.0,2022-09-14,2022-08-01,,,2032-12-31,True,50.0,1,0
SR1061,乘客109,NWC,手動輪椅可以過椅;手推架,訓練,12345,"['Mon', 'Tue', 'Wed', 'Thu', 'Fri']",大坑道43號康馨園,灣仔,22.2759698825675,114.19306276557,10:00:00,600.0,筲箕灣愛東邨愛善樓(迴旋處),灣仔,22.2807960507043,114.226949708977,10:20:00,620.0,2021-05-17,2022-08-01,,,2031-12-31,True,20.0,0,1
SR1062,乘客110,WC,手推架;手杖,訓練,12345,"['Mon', 'Tue', 'Wed', 'Thu', 'Fri']",華貴邨東華三院莫羅瑞華復康中心,南區,22.2500808928871,114.137973599442,15:25:00,925.0,金粟街10-12號昌麗閣,南區,22.2706571837532,114.126716102239,15:40:00,940.0,2020-01-30,2022-08-01,,,2030-12-31,True,15.0,1,0
SR1062,乘客111,NWC,電動輪椅,上學,12345,"['Mon', 'Tue', 'Wed', 'Thu', 'Fri']",大口環道15-17號紅十字會甘迺迪中心,南區,22.2709138981953,114.124416113912,15:45:00,945.0,華富(二)邨華興樓,南區,22.2523940008203,114.137228307646,16:25:00,985.0,2011-08-26,2022-08-01,,,2026-12-31,True,40.0,0,1
SR1062,乘客112,WC,電動輪椅,上學,12345,"['Mon', 'Tue', 'Wed', 'Thu', 'Fri']",大口環道15-17號紅十字會甘迺迪中心,南區,22.2709138981953,114.124416113912,15:45:00,945.0,華貴邨華廉樓,南區,22.2507796246697,114.139648665266,16:40:00,1000.0,2014-08-08,2022-08-01,,,2026-12-31,True,55.0,1,0
SR1062,乘客113,WC,手杖,工作,12345,"['Mon', 'Tue', 'Wed', 'Thu', 'Fri']",漁光道85號扶康會康復中心,南區,22.2495951375818,114.158990263625,18:15:00,1095.0,香港仔大道22號偉景大廈,南區,22.2477108561678,114.158612297739,18:25:00,1105.0,2020-08-13,2022-08-01,,,2030-12-31,True,10.0,1,0
SR1071,乘客114,NWC,電動輪椅,訓練,12345,"['Mon', 'Tue', 'Wed', 'Thu', 'Fri']",華富(二)邨華昌樓,南區,22.2514877123621,114.137047155796,07:00:00,420.0,惠福道4號東華三院賽馬會復康中心,南區,22.24645704531,114.164066940409,07:15:00,435.0,2019-03-19,2022-08-01,,,2029-12-31,True,15.0,0,1
SR1071,乘客115,WC,手動輪椅可以過椅,上學,12345,"['Mon', 'Tue', 'Wed', 'Thu', 'Fri']",田灣邨田澤樓(近小巴站),南區,22.252356763292,114.150858493451,07:30:00,450.0,大口環道15-17號紅十字會甘迺迪中心,南區,22.2709138981953,114.124416113912,08:45:00,525.0,2019-01-11,2022-08-01,,,2029-12-31,True,75.0,1,0
SR1071,乘客116,WC,電動輪椅,上學,12345,"['Mon', 'Tue', 'Wed', 'Thu', 'Fri']",華貴邨華廉樓,南區,22.2507796246697,114.139648665266,08:15:00,495.0,大口環道15-17號紅十字會甘迺迪中心,南區,22.2709138981953,114.124416113912,08:45:00,525.0,2014-08-08,2022-08-01,,,2026-12-31,True,30.0,1,0
SR1071,乘客117,WC,手動輪椅不可過椅,工作,12345,"['Mon', 'Tue', 'Wed', 'Thu', 'Fri']",華貴邨華廉樓,南區,22.2507796246697,114.139648665266,08:15:00,495.0,大口環道9號東華三院馮堯敬醫院,南區,22.271414600726,114.124825729745,08:35:00,515.0,2002-09-26,2022-08-01,,,2026-12-31,True,20.0,1,0
SR1071,乘客118,WC,其他 / 特殊情況,訓練,12345,"['Mon', 'Tue', 'Wed', 'Thu', 'Fri']",薄扶林道147號(傷健協會共融軒),南區,22.2602284783082,114.135933970017,09:10:00,550.0,惠福道4號東華三院賽馬會復康中心,南區,22.24645704531,114.164066940409,09:55:00,595.0,2022-06-10,2022-08-01,,,2032-12-31,True,45.0,1,0
SR1071,乘客119,NWC,其他 / 特殊情況,訓練,12345,"['Mon', 'Tue', 'Wed', 'Thu', 'Fri']",薄扶林道147號(傷健協會共融軒),南區,22.2602284783082,114.135933970017,09:10:00,550.0,惠福道4號東華三院賽馬會復康中心,南區,22.24645704531,114.164066940409,09:55:00,595.0,2017-09-12,2022-08-01,,,2026-12-31,True,45.0,0,1
SR1071,乘客120,NWC,其他 / 特殊情況,訓練,12345,"['Mon', 'Tue', 'Wed', 'Thu', 'Fri']",薄扶林道147號(傷健協會共融軒),南區,22.2602284783082,114.135933970017,09:10:00,550.0,惠福道4號東華三院賽馬會復康中心,南區,22.24645704531,114.164066940409,09:55:00,595.0,2024-06-07,2024-07-01,,,,True,45.0,0,1
SR1071,乘客121,NWC,手杖,訓練,12345,"['Mon', 'Tue', 'Wed', 'Thu', 'Fri']",薄扶林道147號(展亮技能發展中心),南區,22.2602417730119,114.135957550651,09:10:00,550.0,惠福道4號東華三院賽馬會復康中心,南區,22.24645704531,114.164066940409,09:55:00,595.0,2011-07-21,2022-08-01,,,2026-12-31,True,45.0,0,1
SR1071,乘客122,NWC,不需輔助工具,訓練,12345,"['Mon', 'Tue', 'Wed', 'Thu', 'Fri']",薄扶林道147號(傷健協會共融軒),南區,22.2602284783082,114.135933970017,09:10:00,550.0,惠福道4號東華三院賽馬會復康中心,南區,22.24645704531,114.164066940409,09:55:00,595.0,2022-09-01,2022-08-01,,,2032-12-31,True,45.0,0,1
SR1071,乘客123,NWC,手推架,訓練,135,"['Mon', 'Wed', 'Fri']",田灣邨田康樓,南區,22.2515911337568,114.149907066921,09:20:00,560.0,惠福道4號東華三院賽馬會復康中心,南區,22.24645704531,114.164066940409,09:55:00,595.0,2026-01-23,2026-03-01,,,,True,35.0,0,1
SR1071,乘客124,NWC,手動輪椅不可過椅,訓練,12345,"['Mon', 'Tue', 'Wed', 'Thu', 'Fri']",鴨利洲邨利澤樓(小巴站),南區,22.2442846788753,114.15005787677,09:40:00,580.0,惠福道4號東華三院賽馬會復康中心,南區,22.24645704531,114.164066940409,09:55:00,595.0,2016-04-14,2022-08-01,,,2026-12-31,True,15.0,0,1
SR1071,乘客125,WC,手杖,訓練,12345,"['Mon', 'Tue', 'Wed', 'Thu', 'Fri']",鴨利洲邨利澤樓(小巴站),南區,22.2442846788753,114.15005787677,09:40:00,580.0,惠福道4號東華三院賽馬會復康中心,南區,22.24645704531,114.164066940409,09:55:00,595.0,2023-08-02,2024-03-01,,,,True,15.0,1,0
SR1072,乘客126,NWC,白手杖,訓練,12345,"['Mon', 'Tue', 'Wed', 'Thu', 'Fri']",皇后大道東282號鄧肇堅醫院靈實康復中心,灣仔,22.2754636248757,114.177739412734,15:00:00,900.0,石排灣邨碧蔚樓(入閘),灣仔,22.2489351921639,114.158130346135,15:55:00,955.0,2014-01-29,2022-08-01,,,2026-12-31,True,55.0,0,1
SR1072,乘客127,NWC,手杖,訓練,12345,"['Mon', 'Tue', 'Wed', 'Thu', 'Fri']",石排灣邨碧輝樓新生精神康復會培訓中心(巴士總站側),南區,22.2502654183729,114.157331371813,16:00:00,960.0,薄扶林道147號(傷健協會共融軒),南區,22.2602284783082,114.135933970017,17:10:00,1030.0,2023-12-21,2024-04-01,,,,True,70.0,0,1
SR1072,乘客128,NWC,其他 / 特殊情況,訓練,12345,"['Mon', 'Tue', 'Wed', 'Thu', 'Fri']",惠福道4號東華三院賽馬會復康中心,南區,22.24645704531,114.164066940409,16:15:00,975.0,薄扶林道147號(傷健協會共融軒),南區,22.2602284783082,114.135933970017,17:10:00,1030.0,2024-06-07,2024-07-01,,,,True,55.0,0,1
SR1072,乘客129,NWC,其他 / 特殊情況,訓練,12345,"['Mon', 'Tue', 'Wed', 'Thu', 'Fri']",惠福道4號東華三院賽馬會復康中心,南區,22.24645704531,114.164066940409,16:15:00,975.0,鴨利洲邨利澤樓(小巴站),南區,22.2442846788753,114.15005787677,16:30:00,990.0,2016-09-23,2022-08-01,,,2026-12-31,True,15.0,0,1
SR1072,乘客130,NWC,手杖,訓練,12345,"['Mon', 'Tue', 'Wed', 'Thu', 'Fri']",惠福道4號東華三院賽馬會復康中心,南區,22.24645704531,114.164066940409,16:15:00,975.0,鴨利洲邨利澤樓(小巴站),南區,22.2442846788753,114.15005787677,16:30:00,990.0,2009-01-06,2022-08-01,,,2026-12-31,True,15.0,0,1
SR1072,乘客131,NWC,手杖,訓練,12345,"['Mon', 'Tue', 'Wed', 'Thu', 'Fri']",惠福道4號東華三院賽馬會復康中心,南區,22.24645704531,114.164066940409,16:15:00,975.0,薄扶林道147號(展亮技能發展中心),南區,22.2602417730119,114.135957550651,17:10:00,1030.0,2011-07-21,2022-08-01,,,2026-12-31,True,55.0,0,1
SR1072,乘客132,NWC,手動輪椅不可過椅,訓練,12345,"['Mon', 'Tue', 'Wed', 'Thu', 'Fri']",惠福道4號東華三院賽馬會復康中心,南區,22.24645704531,114.164066940409,16:15:00,975.0,鴨利洲邨利澤樓(小巴站),南區,22.2442846788753,114.15005787677,16:30:00,990.0,2016-04-14,2022-08-01,,,2026-12-31,True,15.0,0,1
SR1072,乘客133,WC,腳架,訓練,12345,"['Mon', 'Tue', 'Wed', 'Thu', 'Fri']",惠福道4號東華三院賽馬會復康中心,南區,22.24645704531,114.164066940409,16:15:00,975.0,鴨利洲邨利澤樓(小巴站),南區,22.2442846788753,114.15005787677,16:30:00,990.0,2010-06-23,2022-08-01,,,2026-12-31,True,15.0,1,0
SR1072,乘客134,NWC,不需輔助工具,訓練,12345,"['Mon', 'Tue', 'Wed', 'Thu', 'Fri']",惠福道4號東華三院賽馬會復康中心,南區,22.24645704531,114.164066940409,16:15:00,975.0,薄扶林道147號(傷健協會共融軒),南區,22.2602284783082,114.135933970017,17:10:00,1030.0,2022-09-01,2022-08-01,,,2032-12-31,True,55.0,0,1
SR1072,乘客135,NWC,手杖,訓練,12345,"['Mon', 'Tue', 'Wed', 'Thu', 'Fri']",惠福道4號東華三院賽馬會復康中心,南區,22.24645704531,114.164066940409,16:15:00,975.0,鴨利洲邨利澤樓(小巴站),南區,22.2442846788753,114.15005787677,16:30:00,990.0,2023-08-02,2024-03-01,,,,True,15.0,0,1
SR1072,乘客136,NWC,手動輪椅不可過椅,工作,12345,"['Mon', 'Tue', 'Wed', 'Thu', 'Fri']",大口環道9號東華三院馮堯敬醫院,南區,22.271414600726,114.124825729745,17:25:00,1045.0,華貴邨華廉樓,南區,22.2507796246697,114.139648665266,17:40:00,1060.0,2002-09-26,2022-08-01,,,2026-12-31,True,15.0,0,1
SR1081,乘客137,WC,手杖,上學,12345,"['Mon', 'Tue', 'Wed', 'Thu', 'Fri']",柴灣興華(一)邨興翠樓(迴旋處),東區,22.2624657061911,114.234911089717,07:05:00,425.0,薄扶林道147號(展亮技能發展中心),東區,22.2602417730119,114.135957550651,08:30:00,510.0,2024-08-27,2024-10-01,,,2026-08-31,True,85.0,1,0
SR1081,乘客138,NWC,不需輔助工具,上學,12345,"['Mon', 'Tue', 'Wed', 'Thu', 'Fri']",筲箕灣樂融軒 (南安里過停車場),東區,22.2779460197695,114.227227050952,07:20:00,440.0,薄扶林道131號（心光學校）,東區,22.2669638153015,114.131786989264,08:40:00,520.0,2025-07-10,2025-09-01,,,,True,80.0,0,1
SR1081,乘客139,NWC,手動輪椅不可過椅,上學,12345,"['Mon', 'Tue', 'Wed', 'Thu', 'Fri']",筲箕灣耀興道38號東熹苑景熹閣(消防閘內),東區,22.2801588630421,114.218235532659,07:30:00,450.0,薄扶林道131號（心光幼兒中心）,東區,22.2670041872954,114.1318223853,08:40:00,520.0,2022-08-15,2022-08-01,,,2032-12-31,True,70.0,0,1
SR1081,乘客139跟車,WC,,上學,12345,"['Mon', 'Tue', 'Wed', 'Thu', 'Fri']",筲箕灣耀興道38號東熹苑景熹閣(消防閘內),東區,22.2801588630421,114.218235532659,07:30:00,450.0,薄扶林道131號（心光幼兒中心）,東區,22.2670041872954,114.1318223853,08:40:00,520.0,2022-08-15,2022-08-01,,,2032-12-31,True,70.0,1,0
SR1081,乘客140,NWC,嬰兒手推車型輪椅,訓練,12345,"['Mon', 'Tue', 'Wed', 'Thu', 'Fri']",西灣河太康街逸星閣路口,東區,22.2865445398079,114.223607922598,07:40:00,460.0,薄扶林道131號（心光學校）,東區,22.2669638153015,114.131786989264,08:40:00,520.0,2025-09-12,2025-11-01,,,,True,60.0,0,1
SR1081,乘客140跟車,WC,,訓練,12345,"['Mon', 'Tue', 'Wed', 'Thu', 'Fri']",西灣河太康街逸星閣路口,東區,22.2865445398079,114.223607922598,07:40:00,460.0,薄扶林道131號（心光學校）,東區,22.2669638153015,114.131786989264,08:40:00,520.0,2025-09-12,2025-11-01,,,,True,60.0,1,0
SR1081,乘客140跟車,NWC,,訓練,12345,"['Mon', 'Tue', 'Wed', 'Thu', 'Fri']",西灣河太康街逸星閣路口,東區,22.2865445398079,114.223607922598,07:40:00,460.0,薄扶林道131號（心光幼兒中心）,東區,22.2670041872954,114.1318223853,08:40:00,520.0,2025-09-12,2025-11-01,,,,True,60.0,0,1
SR1081,乘客141,NWC,手動輪椅不可過椅,上學,12345,"['Mon', 'Tue', 'Wed', 'Thu', 'Fri']",寶珊道1A號杏彤苑,中西區,22.280036412204,114.138759003009,09:00:00,540.0,薄扶林道131號（心光恩望學校）（恩望平台）,中西區,22.2668421342708,114.132194278594,09:15:00,555.0,2024-09-16,2024-11-01,,,,True,15.0,0,1
SR1081,乘客141跟車,WC,,上學,12345,"['Mon', 'Tue', 'Wed', 'Thu', 'Fri']",寶珊道1A號杏彤苑,中西區,22.280036412204,114.138759003009,09:00:00,540.0,薄扶林道131號（心光恩望學校）（恩望平台）,中西區,22.2668421342708,114.132194278594,09:15:00,555.0,2024-09-16,2024-11-01,,,,True,15.0,1,0
SR1082,乘客142,NWC,手動輪椅不可過椅;氧氣機,上學,12345,"['Mon', 'Tue', 'Wed', 'Thu', 'Fri']",大口環道15-17號紅十字會甘迺迪中心,南區,22.2709138981953,114.124416113912,16:10:00,970.0,大口環道12號根德公爵夫人兒童醫院,南區,22.2713421225642,114.123960618322,16:25:00,985.0,2019-03-18,2022-08-01,,,2029-12-31,True,15.0,0,1
SR1082,乘客142跟車,WC,,上學,12345,"['Mon', 'Tue', 'Wed', 'Thu', 'Fri']",大口環道15-17號紅十字會甘迺迪中心,南區,22.2709138981953,114.124416113912,16:10:00,970.0,大口環道12號根德公爵夫人兒童醫院,南區,22.2713421225642,114.123960618322,16:25:00,985.0,2019-03-18,2022-08-01,,,2029-12-31,True,15.0,1,0
SR1082,乘客142跟車,NWC,,上學,12345,"['Mon', 'Tue', 'Wed', 'Thu', 'Fri']",大口環道15-17號紅十字會甘迺迪中心,南區,22.2709138981953,114.124416113912,16:10:00,970.0,大口環道12號根德公爵夫人兒童醫院,南區,22.2713421225642,114.123960618322,16:25:00,985.0,2019-03-18,2022-08-01,,,2029-12-31,True,15.0,0,1
SR1082,乘客143,NWC,手動輪椅可以過椅,上學,12345,"['Mon', 'Tue', 'Wed', 'Thu', 'Fri']",大口環道15-17號紅十字會甘迺迪中心,南區,22.2709138981953,114.124416113912,16:10:00,970.0,田灣邨田澤樓(近小巴站),南區,22.252356763292,114.150858493451,16:50:00,1010.0,2019-01-11,2022-08-01,,,2029-12-31,True,40.0,0,1
SR1082,乘客144,WC,手動輪椅不可過椅,上學,12345,"['Mon', 'Tue', 'Wed', 'Thu', 'Fri']",大口環道15-17號紅十字會甘迺迪中心,南區,22.2709138981953,114.124416113912,16:10:00,970.0,大口環道12號根德公爵夫人兒童醫院,南區,22.2713421225642,114.123960618322,16:25:00,985.0,2024-02-07,2024-04-01,,,,True,15.0,1,0
SR1082,乘客144跟車,WC,,上學,12345,"['Mon', 'Tue', 'Wed', 'Thu', 'Fri']",大口環道15-17號紅十字會甘迺迪中心,南區,22.2709138981953,114.124416113912,16:10:00,970.0,大口環道12號根德公爵夫人兒童醫院,南區,22.2713421225642,114.123960618322,16:25:00,985.0,2024-02-07,2024-04-01,,,,True,15.0,1,0
SR1082,乘客145,NWC,手動輪椅不可過椅,上學,12345,"['Mon', 'Tue', 'Wed', 'Thu', 'Fri']",大口環道15-17號紅十字會甘迺迪中心,南區,22.2709138981953,114.124416113912,16:10:00,970.0,大口環道12號根德公爵夫人兒童醫院,南區,22.2713421225642,114.123960618322,16:25:00,985.0,2026-02-05,2026-03-01,,,,True,15.0,0,1
SR1082,乘客145跟車,WC,,上學,12345,"['Mon', 'Tue', 'Wed', 'Thu', 'Fri']",大口環道15-17號紅十字會甘迺迪中心,南區,22.2709138981953,114.124416113912,16:10:00,970.0,大口環道12號根德公爵夫人兒童醫院,南區,22.2713421225642,114.123960618322,16:25:00,985.0,2026-02-05,2026-03-01,,,,True,15.0,1,0
SR1082,乘客146,NWC,嬰兒手推車型輪椅,訓練,134,"['Mon', 'Wed', 'Thu']",大口環道19號協康會大樓慶華特殊幼兒中心,南區,22.2704982527423,114.124268747061,16:15:00,975.0,羅便臣道垃圾收集站（衛城道入）,南區,22.2817530407247,114.148061677462,17:20:00,1040.0,2024-08-16,2024-09-01,,,,True,65.0,0,1
SR1082,乘客146跟車,WC,,訓練,134,"['Mon', 'Wed', 'Thu']",大口環道19號協康會大樓慶華特殊幼兒中心,南區,22.2704982527423,114.124268747061,16:15:00,975.0,羅便臣道垃圾收集站（衛城道入）,南區,22.2817530407247,114.148061677462,17:20:00,1040.0,2024-08-16,2024-09-01,,,,True,65.0,1,0
SR1082,乘客147,NWC,手動輪椅不可過椅,就診,124,"['Mon', 'Tue', 'Thu']",沙灣徑7號麥理浩復康院,南區,22.2699346951986,114.124138097177,16:30:00,990.0,海怡半島怡南路30號30座慧景閣,南區,22.2440242379473,114.149784312073,17:05:00,1025.0,2012-04-25,2022-08-01,,,2026-12-31,True,35.0,0,1
SR1086,乘客148,WC,電動輪椅,訓練,6,['Sat'],華富(二)邨華昌樓,南區,22.2514877123621,114.137047155796,07:00:00,420.0,惠福道4號東華三院賽馬會復康中心,南區,22.24645704531,114.164066940409,07:15:00,435.0,2019-03-19,2022-08-01,,,2029-12-31,True,15.0,1,0
SR1086,乘客149,WC,手動輪椅不可過椅,工作,6,['Sat'],華貴邨華廉樓,南區,22.2507796246697,114.139648665266,08:15:00,495.0,大口環道9號東華三院馮堯敬醫院,南區,22.271414600726,114.124825729745,08:35:00,515.0,2002-09-26,2022-08-01,,,2026-12-31,True,20.0,1,0
SR1091,乘客150,WC,手動輪椅不可過椅,上學,12345,"['Mon', 'Tue', 'Wed', 'Thu', 'Fri']",小西灣道28號藍灣半島(上落客區),東區,22.266181122715,114.250727998693,07:00:00,420.0,薄扶林道131號（心光恩望學校）（恩望平台）,東區,22.2668421342708,114.132194278594,08:50:00,530.0,2017-08-22,2022-08-01,,,2026-12-31,True,110.0,1,0
SR1091,乘客150跟車,WC,,上學,12345,"['Mon', 'Tue', 'Wed', 'Thu', 'Fri']",小西灣道28號藍灣半島(上落客區),東區,22.266181122715,114.250727998693,07:00:00,420.0,薄扶林道131號（心光恩望學校）（恩望平台）,東區,22.2668421342708,114.132194278594,08:50:00,530.0,2017-08-22,2022-08-01,,,2026-12-31,True,110.0,1,0
SR1091,乘客151,NWC,白手杖,上學,12345,"['Mon', 'Tue', 'Wed', 'Thu', 'Fri']",翠樂邨翠祿樓,東區,22.2676525469442,114.240518972325,07:10:00,430.0,薄扶林道131號（心光學校）（恩望平台）,東區,22.2670062113718,114.132168228478,08:50:00,530.0,2023-08-02,2024-03-01,,,,True,100.0,0,1
SR1091,乘客152,NWC,白手杖,上學,12345,"['Mon', 'Tue', 'Wed', 'Thu', 'Fri']",鰂魚涌康山花園5座,東區,22.2854744942671,114.216351379654,07:30:00,450.0,薄扶林道131號（心光學校）（恩望平台）,東區,22.2670062113718,114.132168228478,08:50:00,530.0,2016-06-21,2022-08-01,,,2030-12-31,True,80.0,0,1
SR1091,乘客153,NWC,嬰兒手推車型輪椅,上學,12345,"['Mon', 'Tue', 'Wed', 'Thu', 'Fri']",北角英皇道模範邨C座民康樓,東區,22.290551622999,114.208897253309,07:50:00,470.0,薄扶林道131號（心光學校）（恩望平台）,東區,22.2670062113718,114.132168228478,08:50:00,530.0,2024-07-09,2024-09-01,,,,True,60.0,0,1
SR1091,乘客153跟車,WC,,上學,12345,"['Mon', 'Tue', 'Wed', 'Thu', 'Fri']",北角英皇道模範邨C座民康樓,東區,22.290551622999,114.208897253309,07:50:00,470.0,薄扶林道131號（心光學校）（恩望平台）,東區,22.2670062113718,114.132168228478,08:50:00,530.0,2024-07-09,2024-09-01,,,,True,60.0,1,0
SR1091,乘客154,NWC,嬰兒手推車型輪椅,上學,12345,"['Mon', 'Tue', 'Wed', 'Thu', 'Fri']",北角堡壘街19號景文樓,東區,22.2897159081997,114.196516642684,08:00:00,480.0,薄扶林道131號（心光恩望學校）（恩望平台）,東區,22.2668421342708,114.132194278594,08:50:00,530.0,2021-07-21,2022-08-01,,,2031-12-31,True,50.0,0,1
SR1091,乘客155,WC,嬰兒手推車型輪椅,上學,12345,"['Mon', 'Tue', 'Wed', 'Thu', 'Fri']",北角堡壘街19號景文樓,東區,22.2897159081997,114.196516642684,08:00:00,480.0,薄扶林道131號（心光學校）（恩望平台）,東區,22.2670062113718,114.132168228478,08:50:00,530.0,2024-09-17,2024-11-01,,,,True,50.0,1,0
SR1091,乘客155跟車,WC,,上學,12345,"['Mon', 'Tue', 'Wed', 'Thu', 'Fri']",北角堡壘街19號景文樓,東區,22.2897159081997,114.196516642684,08:00:00,480.0,薄扶林道131號（心光學校）（恩望平台）,東區,22.2670062113718,114.132168228478,08:50:00,530.0,2024-09-17,2024-11-01,,,,True,50.0,1,0
SR1092,乘客156,NWC,嬰兒手推車型輪椅,上學,12345,"['Mon', 'Tue', 'Wed', 'Thu', 'Fri']",薄扶林道131號（心光恩望學校）（恩望平台）,南區,22.2668421342708,114.132194278594,15:30:00,930.0,北角英皇道模範邨C座民康樓,南區,22.290551622999,114.208897253309,16:30:00,990.0,2024-07-09,2024-09-01,,,,True,60.0,0,1
SR1092,乘客156跟車,WC,,上學,12345,"['Mon', 'Tue', 'Wed', 'Thu', 'Fri']",薄扶林道131號（心光恩望學校）（恩望平台）,南區,22.2668421342708,114.132194278594,15:30:00,930.0,北角英皇道模範邨C座民康樓,南區,22.290551622999,114.208897253309,16:30:00,990.0,2024-07-09,2024-09-01,,,,True,60.0,1,0
SR1092,乘客157,NWC,不需輔助工具,上學,12345,"['Mon', 'Tue', 'Wed', 'Thu', 'Fri']",薄扶林道131號（心光學校）（恩望平台）,南區,22.2670062113718,114.132168228478,15:30:00,930.0,筲箕灣樂融軒 (南安里過停車場),南區,22.2779460197695,114.227227050952,17:05:00,1025.0,2025-07-10,2025-09-01,,,,True,95.0,0,1
SR1092,乘客158,NWC,不需輔助工具,上學,12345,"['Mon', 'Tue', 'Wed', 'Thu', 'Fri']",薄扶林道131號（心光學校）（恩望平台）,南區,22.2670062113718,114.132168228478,15:30:00,930.0,西環皇后大道西新景樓,南區,22.28635364155,114.133310380951,16:05:00,965.0,2025-07-16,2025-09-01,,,,True,35.0,0,1
SR1096,乘客159,NWC,手動輪椅可以過椅,工作,6,['Sat'],筲箕灣東欣苑歡欣閣,東區,22.2806185521272,114.221410046412,08:20:00,500.0,藍田復康徑7號藍田綜合中心,東區,22.3080382817291,114.23042037906,08:35:00,515.0,2003-01-02,2022-08-01,,,2026-12-31,True,15.0,0,1
SR1096,乘客160,WC,其他 / 特殊情況,工作,6,['Sat'],將軍澳日出康城9期OCEAN MARINI,將軍澳,22.2946178139022,114.268729771367,08:55:00,535.0,北角渣華道363號中華煤氣有限公司(1樓停車場),將軍澳,22.2914056880494,114.209540839376,09:30:00,570.0,2018-01-23,2022-08-01,,,2032-12-31,True,35.0,1,0
SR1101,乘客161,NWC,手杖,訓練,12345,"['Mon', 'Tue', 'Wed', 'Thu', 'Fri']",鰂魚涌南豐新邨11座,東區,22.2823703693646,114.214376247316,07:00:00,420.0,漁光道85號扶康會康復中心,東區,22.2495951375818,114.158990263625,08:50:00,530.0,2024-10-10,2024-12-01,,,,True,110.0,0,1
SR1101,乘客162,NWC,嬰兒手推車型輪椅,上學,12345,"['Mon', 'Tue', 'Wed', 'Thu', 'Fri']",鰂魚涌康柏徑10號康景花園B座,東區,22.2810164002666,114.213264253411,07:10:00,430.0,薄扶林道131號（心光恩望學校）（恩望平台）,東區,22.2668421342708,114.132194278594,08:15:00,495.0,2023-07-21,2024-03-01,,,,True,65.0,0,1
SR1101,乘客162跟車,WC,,上學,12345,"['Mon', 'Tue', 'Wed', 'Thu', 'Fri']",鰂魚涌康柏徑10號康景花園B座,東區,22.2810164002666,114.213264253411,07:10:00,430.0,薄扶林道131號（心光恩望學校）（恩望平台）,東區,22.2668421342708,114.132194278594,08:15:00,495.0,2023-07-21,2024-03-01,,,,True,65.0,1,0
SR1101,乘客163,NWC,手動輪椅不可過椅,上學,12345,"['Mon', 'Tue', 'Wed', 'Thu', 'Fri']",鰂魚涌康山花園2座,東區,22.2854001024475,114.215959114126,07:30:00,450.0,大口環道15-17號紅十字會甘迺迪中心,東區,22.2709138981953,114.124416113912,08:00:00,480.0,2018-09-18,2022-08-01,,,2031-12-31,True,30.0,0,1
SR1101,乘客163跟車,WC,,上學,12345,"['Mon', 'Tue', 'Wed', 'Thu', 'Fri']",鰂魚涌康山花園2座,東區,22.2854001024475,114.215959114126,07:30:00,450.0,大口環道15-17號紅十字會甘迺迪中心,東區,22.2709138981953,114.124416113912,08:00:00,480.0,2018-09-18,2022-08-01,,,2031-12-31,True,30.0,1,0
SR1101,乘客163跟車,NWC,,上學,12345,"['Mon', 'Tue', 'Wed', 'Thu', 'Fri']",鰂魚涌康山花園2座,東區,22.2854001024475,114.215959114126,07:30:00,450.0,大口環道15-17號紅十字會甘迺迪中心,東區,22.2709138981953,114.124416113912,08:00:00,480.0,2018-09-18,2022-08-01,,,2031-12-31,True,30.0,0,1
SR1101,乘客164,NWC,手推架;手杖,訓練,12345,"['Mon', 'Tue', 'Wed', 'Thu', 'Fri']",金粟街10-12號昌麗閣,南區,22.2706571837532,114.126716102239,08:25:00,505.0,華貴邨東華三院莫羅瑞華復康中心,南區,22.2500808928871,114.137973599442,09:00:00,540.0,2020-01-30,2022-08-01,,,2030-12-31,True,35.0,0,1
SR1101,乘客165,NWC,其他 / 特殊情況,訓練,12345,"['Mon', 'Tue', 'Wed', 'Thu', 'Fri']",薄扶林道147號(傷健協會共融軒),南區,22.2602284783082,114.135933970017,08:40:00,520.0,華貴邨東華三院莫羅瑞華復康中心,南區,22.2500808928871,114.137973599442,09:00:00,540.0,2017-08-17,2022-08-01,,,2026-12-31,True,20.0,0,1
SR1101,乘客166,NWC,其他 / 特殊情況,訓練,12345,"['Mon', 'Tue', 'Wed', 'Thu', 'Fri']",薄扶林道147號(傷健協會共融軒),南區,22.2602284783082,114.135933970017,08:40:00,520.0,華貴邨東華三院莫羅瑞華復康中心,南區,22.2500808928871,114.137973599442,09:00:00,540.0,2017-08-15,2022-08-01,,,2026-12-31,True,20.0,0,1
SR1101,乘客167,NWC,其他 / 特殊情況,訓練,12345,"['Mon', 'Tue', 'Wed', 'Thu', 'Fri']",薄扶林道147號(傷健協會共融軒),南區,22.2602284783082,114.135933970017,08:40:00,520.0,華貴邨東華三院莫羅瑞華復康中心,南區,22.2500808928871,114.137973599442,09:00:00,540.0,2017-08-15,2022-08-01,,,2026-12-31,True,20.0,0,1
SR1101,乘客168,NWC,手杖,訓練,12345,"['Mon', 'Tue', 'Wed', 'Thu', 'Fri']",薄扶林道147號(傷健協會共融軒),南區,22.2602284783082,114.135933970017,08:40:00,520.0,華貴邨東華三院莫羅瑞華復康中心,南區,22.2500808928871,114.137973599442,09:00:00,540.0,2018-01-03,2022-08-01,,,2028-12-31,True,20.0,0,1
SR1101,乘客169,NWC,手動輪椅不可過椅,就診,124,"['Mon', 'Tue', 'Thu']",海怡半島怡南路30號30座慧景閣,南區,22.2440242379473,114.149784312073,09:18:00,558.0,沙灣徑7號麥理浩復康院,南區,22.2699346951986,114.124138097177,09:50:00,590.0,2012-04-25,2022-08-01,,,2026-12-31,True,32.0,0,1
SR1102,乘客170,WC,不需輔助工具,訓練,12345,"['Mon', 'Tue', 'Wed', 'Thu', 'Fri']",柴灣興華(二)邨安興樓香港耀能協會賽馬會柴灣工場,東區,22.2638034556923,114.233421936519,15:00:00,900.0,薄扶林道147號(傷健協會共融軒),東區,22.2602284783082,114.135933970017,16:30:00,990.0,2023-11-22,2024-03-01,,,2070-10-31,True,90.0,1,0
SR1102,乘客171,NWC,不需輔助工具,訓練,12345,"['Mon', 'Tue', 'Wed', 'Thu', 'Fri']",柴灣興華(二)邨安興樓香港耀能協會賽馬會柴灣工場,東區,22.2638034556923,114.233421936519,15:00:00,900.0,柴灣泰民街13號樂翠台1座,東區,22.2677510598311,114.234439481065,15:10:00,910.0,2024-07-17,2024-09-01,,,,True,10.0,0,1
SR1102,乘客172,NWC,其他 / 特殊情況,訓練,12345,"['Mon', 'Tue', 'Wed', 'Thu', 'Fri']",堅尼地道100號聖雅各賽馬會力行工場,灣仔,22.2726781131103,114.173695109941,15:50:00,950.0,海怡半島海怡路3號3座海雅閣,灣仔,22.2446036627286,114.14783357395,16:15:00,975.0,2018-01-10,2022-08-01,,,2028-12-31,True,25.0,0,1
SR1102,乘客173,NWC,其他 / 特殊情況,訓練,12345,"['Mon', 'Tue', 'Wed', 'Thu', 'Fri']",上環必列者士街51號中華基督教必愛之家工場,中西區,22.2838776695374,114.149481556306,16:45:00,1005.0,彩虹道啟德花園(對出近巴士站),中西區,22.3376641035422,114.195084521333,18:20:00,1100.0,2005-03-14,2022-08-01,,,2026-12-31,True,95.0,0,1
SR1102,乘客174,NWC,其他 / 特殊情況,訓練,12345,"['Mon', 'Tue', 'Wed', 'Thu', 'Fri']",上環必列者士街51號中華基督教必愛之家工場,中西區,22.2838776695374,114.149481556306,16:45:00,1005.0,大王東街7-11號銳興樓,中西區,22.2758666312116,114.171054887366,17:45:00,1065.0,2018-03-24,2022-08-01,,,2028-12-31,True,60.0,0,1
SR1102,乘客175,NWC,手杖,訓練,12345,"['Mon', 'Tue', 'Wed', 'Thu', 'Fri']",上環必列者士街51號中華基督教必愛之家工場,中西區,22.2838776695374,114.149481556306,16:45:00,1005.0,堅尼地城西環邨南苑台,中西區,22.2812547313227,114.12595781343,17:15:00,1035.0,2020-01-24,2022-08-01,,,2030-12-31,True,30.0,0,1
SR1102,乘客176,NWC,電動輪椅;手杖,訓練,12345,"['Mon', 'Tue', 'Wed', 'Thu', 'Fri']",上環必列者士街51號中華基督教必愛之家工場,中西區,22.2838776695374,114.149481556306,16:45:00,1005.0,中環5號碼頭,中西區,22.2874496109085,114.15931444686,17:30:00,1050.0,2025-03-11,2025-05-01,,,,True,45.0,0,1
SR1102,乘客177,WC,電動輪椅,工作,12345,"['Mon', 'Tue', 'Wed', 'Thu', 'Fri']",九龍灣啟成街3號機電工程署,觀塘,22.3263118756401,114.202880114749,18:40:00,1120.0,筲箕灣太安街28號逸濤灣冬和軒,觀塘,22.2835657281075,114.224729344075,19:10:00,1150.0,2020-04-20,2022-08-01,,,2030-12-31,True,30.0,1,0
SR1102,乘客177跟車,WC,,工作,12345,"['Mon', 'Tue', 'Wed', 'Thu', 'Fri']",九龍灣啟成街3號機電工程署,觀塘,22.3263118756401,114.202880114749,18:40:00,1120.0,筲箕灣太安街28號逸濤灣冬和軒,觀塘,22.2835657281075,114.224729344075,19:10:00,1150.0,2020-04-20,2022-08-01,,,2030-12-31,True,30.0,1,0
SR1111,乘客178,NWC,電動輪椅,工作,12345,"['Mon', 'Tue', 'Wed', 'Thu', 'Fri']",筲箕灣太安街28號逸濤灣冬和軒,東區,22.2835657281075,114.224729344075,06:40:00,400.0,九龍灣啟成街3號機電工程署,東區,22.3263118756401,114.202880114749,07:10:00,430.0,2020-04-20,2022-08-01,,,2030-12-31,True,30.0,0,1
SR1111,乘客178跟車,WC,,工作,12345,"['Mon', 'Tue', 'Wed', 'Thu', 'Fri']",筲箕灣太安街28號逸濤灣冬和軒,東區,22.2835657281075,114.224729344075,06:40:00,400.0,九龍灣啟成街3號機電工程署,東區,22.3263118756401,114.202880114749,07:10:00,430.0,2020-04-20,2022-08-01,,,2030-12-31,True,30.0,1,0
SR1111,乘客179,NWC,其他 / 特殊情況,訓練,12345,"['Mon', 'Tue', 'Wed', 'Thu', 'Fri']",大角咀福全街27號宏福樓(7-11便利店),油尖旺,22.3208460106683,114.164564331181,08:15:00,495.0,葵盛西邨10座新生精神康復會工場,油尖旺,22.36005167918,114.122914075675,09:40:00,580.0,2016-08-03,2022-08-01,,,2026-12-31,True,85.0,0,1
SR1111,乘客180,NWC,手杖,訓練,12345,"['Mon', 'Tue', 'Wed', 'Thu', 'Fri']",長青邨青槐樓(入閘),青衣,22.3457463517919,114.108498720091,08:35:00,515.0,葵盛西邨10座新生精神康復會工場,青衣,22.36005167918,114.122914075675,09:40:00,580.0,2018-07-05,2022-08-01,,,2028-12-31,True,65.0,0,1
SR1111,乘客181,NWC,其他 / 特殊情況,訓練,12345,"['Mon', 'Tue', 'Wed', 'Thu', 'Fri']",長宏邨(入閘迴旋處),青衣,22.3571097182493,114.096374273119,08:50:00,530.0,葵盛圍310號保良局夏利萊博士伉儷復康中心,青衣,22.3606246094388,114.125004068297,09:35:00,575.0,2014-10-30,2022-08-01,,,2026-12-31,True,45.0,0,1
SR1111,乘客182,NWC,其他 / 特殊情況,訓練,12345,"['Mon', 'Tue', 'Wed', 'Thu', 'Fri']",長亨邨亨翠樓(路口),青衣,22.3537245760401,114.097784294152,08:55:00,535.0,葵盛圍310號保良局夏利萊博士伉儷復康中心,青衣,22.3606246094388,114.125004068297,09:35:00,575.0,2013-03-27,2022-08-01,,,2026-12-31,True,40.0,0,1
SR1111,乘客183,NWC,其他 / 特殊情況,訓練,12345,"['Mon', 'Tue', 'Wed', 'Thu', 'Fri']",長亨邨亨翠樓(路口),青衣,22.3537245760401,114.097784294152,08:55:00,535.0,葵盛圍310號保良局夏利萊博士伉儷復康中心,青衣,22.3606246094388,114.125004068297,09:35:00,575.0,2015-07-23,2022-08-01,,,2026-12-31,True,40.0,0,1
SR1111,乘客184,NWC,其他 / 特殊情況,訓練,12345,"['Mon', 'Tue', 'Wed', 'Thu', 'Fri']",青泰苑(閘口迴旋處),青衣,22.3624940566022,114.102011078112,09:10:00,550.0,葵盛圍310號保良局夏利萊博士伉儷復康中心,青衣,22.3606246094388,114.125004068297,09:35:00,575.0,2011-08-24,2022-08-01,,,2026-12-31,True,25.0,0,1
SR1111,乘客185,NWC,手動輪椅可以過椅,訓練,12345,"['Mon', 'Tue', 'Wed', 'Thu', 'Fri']",青泰苑(閘口迴旋處),青衣,22.3624940566022,114.102011078112,09:10:00,550.0,葵盛圍310號保良局夏利萊博士伉儷復康中心,青衣,22.3606246094388,114.125004068297,09:35:00,575.0,2015-06-24,2022-08-01,,,2026-12-31,True,25.0,0,1
SR1111,乘客186,WC,其他 / 特殊情況,訓練,12345,"['Mon', 'Tue', 'Wed', 'Thu', 'Fri']",長安邨安湄樓,青衣,22.3607659301666,114.105234255033,09:20:00,560.0,葵盛圍310號保良局夏利萊博士伉儷復康中心,青衣,22.3606246094388,114.125004068297,09:35:00,575.0,2011-08-05,2022-08-01,,,2026-12-31,True,15.0,1,0
SR1111,乘客187,NWC,其他 / 特殊情況,訓練,12345,"['Mon', 'Tue', 'Wed', 'Thu', 'Fri']",長安邨安湄樓,青衣,22.3607659301666,114.105234255033,09:20:00,560.0,葵盛圍310號保良局夏利萊博士伉儷復康中心,青衣,22.3606246094388,114.125004068297,09:35:00,575.0,2011-03-08,2022-08-01,,,2026-12-31,True,15.0,0,1
SR1111,乘客188,NWC,白手杖,工作,12345,"['Mon', 'Tue', 'Wed', 'Thu', 'Fri']",葵涌怡峰苑豪峰閣,葵涌,22.3618497662214,114.138954664578,09:55:00,595.0,銅鑼灣道123號中華游樂會停車場門口,葵涌,22.2799602475116,114.192261047626,10:40:00,640.0,2025-07-25,2025-09-01,,,,True,45.0,0,1
SR1112,乘客189,NWC,其他 / 特殊情況,訓練,12345,"['Mon', 'Tue', 'Wed', 'Thu', 'Fri']",堅尼地道100號聖雅各賽馬會力行工場,灣仔,22.2726781131103,114.173695109941,15:20:00,920.0,華富(一)邨華信樓(停車場),灣仔,22.2506974034814,114.135261431609,15:50:00,950.0,2016-01-11,2022-08-01,,,2026-12-31,True,30.0,0,1
SR1112,乘客190,NWC,其他 / 特殊情況,訓練,12345,"['Mon', 'Tue', 'Wed', 'Thu', 'Fri']",堅尼地道100號聖雅各賽馬會力行工場,灣仔,22.2726781131103,114.173695109941,15:20:00,920.0,華富(一)邨華信樓(停車場),灣仔,22.2506974034814,114.135261431609,15:50:00,950.0,2016-06-15,2022-08-01,,,2026-12-31,True,30.0,0,1
SR1112,乘客191,NWC,其他 / 特殊情況,訓練,12345,"['Mon', 'Tue', 'Wed', 'Thu', 'Fri']",堅尼地道100號聖雅各賽馬會力行工場,灣仔,22.2726781131103,114.173695109941,15:20:00,920.0,華富(一)邨華信樓(停車場),灣仔,22.2506974034814,114.135261431609,15:50:00,950.0,2016-06-14,2022-08-01,,,2026-12-31,True,30.0,0,1
SR1112,乘客192,NWC,其他 / 特殊情況,訓練,12345,"['Mon', 'Tue', 'Wed', 'Thu', 'Fri']",堅尼地道100號聖雅各賽馬會力行工場,灣仔,22.2726781131103,114.173695109941,15:20:00,920.0,華富(一)邨華信樓(停車場),灣仔,22.2506974034814,114.135261431609,15:50:00,950.0,2016-08-12,2022-08-01,,,2026-12-31,True,30.0,0,1
SR1112,乘客193,NWC,其他 / 特殊情況,訓練,12345,"['Mon', 'Tue', 'Wed', 'Thu', 'Fri']",堅尼地道100號聖雅各賽馬會力行工場,灣仔,22.2726781131103,114.173695109941,15:20:00,920.0,華富(一)邨華信樓(停車場),灣仔,22.2506974034814,114.135261431609,15:50:00,950.0,2017-06-05,2022-08-01,,,2026-12-31,True,30.0,0,1
SR1112,乘客194,NWC,其他 / 特殊情況,訓練,12345,"['Mon', 'Tue', 'Wed', 'Thu', 'Fri']",堅尼地道100號聖雅各賽馬會力行工場,灣仔,22.2726781131103,114.173695109941,15:20:00,920.0,華富(一)邨華信樓(停車場),灣仔,22.2506974034814,114.135261431609,15:50:00,950.0,2017-07-27,2022-08-01,,,2026-12-31,True,30.0,0,1
SR1112,乘客195,NWC,其他 / 特殊情況,訓練,12345,"['Mon', 'Tue', 'Wed', 'Thu', 'Fri']",堅尼地道100號聖雅各賽馬會力行工場,灣仔,22.2726781131103,114.173695109941,15:20:00,920.0,華富(一)邨華信樓(停車場),灣仔,22.2506974034814,114.135261431609,15:50:00,950.0,2015-08-13,2022-08-01,,,2026-12-31,True,30.0,0,1
SR1112,乘客196,NWC,手杖,訓練,12345,"['Mon', 'Tue', 'Wed', 'Thu', 'Fri']",堅尼地道100號聖雅各賽馬會力行工場,灣仔,22.2726781131103,114.173695109941,15:20:00,920.0,華富(一)邨華信樓(停車場),灣仔,22.2506974034814,114.135261431609,15:50:00,950.0,2017-10-04,2022-08-01,,,2026-12-31,True,30.0,0,1
SR1112,乘客197,NWC,不需輔助工具,訓練,12345,"['Mon', 'Tue', 'Wed', 'Thu', 'Fri']",堅尼地道100號聖雅各賽馬會力行工場,灣仔,22.2726781131103,114.173695109941,15:20:00,920.0,華富(一)邨華信樓(停車場),灣仔,22.2506974034814,114.135261431609,15:50:00,950.0,2017-06-23,2022-08-01,,,2031-12-31,True,30.0,0,1
SR1112,乘客198,NWC,手動輪椅不可過椅,訓練,12345,"['Mon', 'Tue', 'Wed', 'Thu', 'Fri']",惠福道4號東華三院賽馬會復康中心,南區,22.24645704531,114.164066940409,16:25:00,985.0,鰂魚涌太古灣道太古城海景花園(巴士站),南區,22.2873375202241,114.219464843032,17:15:00,1035.0,2016-05-28,2022-08-01,,,2026-12-31,True,50.0,0,1
SR1112,乘客198跟車,WC,,訓練,12345,"['Mon', 'Tue', 'Wed', 'Thu', 'Fri']",惠福道4號東華三院賽馬會復康中心,南區,22.24645704531,114.164066940409,16:25:00,985.0,鰂魚涌太古灣道太古城海景花園(巴士站),南區,22.2873375202241,114.219464843032,17:15:00,1035.0,2016-05-28,2022-08-01,,,2026-12-31,True,50.0,1,0
SR1112,乘客199,NWC,手動輪椅不可過椅,訓練,12345,"['Mon', 'Tue', 'Wed', 'Thu', 'Fri']",北角渣華道123號北角服務設施大樓(北角匯對出近巴士站),東區,22.2923201613246,114.20010120295,16:55:00,1015.0,太古城青松閣,東區,22.2873207105696,114.214430846406,17:25:00,1045.0,2024-10-14,2025-12-01,,,,True,30.0,0,1
SR1121,乘客200,WC,手動輪椅不可過椅,上學,12345,"['Mon', 'Tue', 'Wed', 'Thu', 'Fri']",將軍澳日出康城9期OCEAN MARINI,將軍澳,22.2946178139022,114.268729771367,08:15:00,495.0,大口環道15-17號紅十字會甘迺迪中心,將軍澳,22.2709138981953,114.124416113912,09:55:00,595.0,2024-09-04,2024-10-01,,,,True,100.0,1,0
SR1121,乘客201,WC,其他 / 特殊情況,訓練,12345,"['Mon', 'Tue', 'Wed', 'Thu', 'Fri']",將軍澳日出康城路1號LP6,將軍澳,22.2930061548011,114.270273473085,08:25:00,505.0,筲箕灣愛東邨愛善樓(迴旋處),將軍澳,22.2807960507043,114.226949708977,09:05:00,545.0,2025-07-17,2025-09-01,,,,True,40.0,1,0
SR1121,乘客202,NWC,白手杖,上學,12345,"['Mon', 'Tue', 'Wed', 'Thu', 'Fri']",將軍澳日出康城晉海(會所),將軍澳,22.293023398601,114.270942391499,08:30:00,510.0,薄扶林道131號（心光幼兒中心）,將軍澳,22.2670041872954,114.1318223853,09:45:00,585.0,2024-12-13,2025-01-01,,,,True,75.0,0,1
SR1121,乘客202跟車,NWC,,上學,12345,"['Mon', 'Tue', 'Wed', 'Thu', 'Fri']",將軍澳日出康城晉海(會所),將軍澳,22.293023398601,114.270942391499,08:30:00,510.0,薄扶林道131號（心光幼兒中心）,將軍澳,22.2670041872954,114.1318223853,09:45:00,585.0,2024-12-13,2025-01-01,,,,True,75.0,0,1
SR1121,乘客203,NWC,白手杖,上學,12345,"['Mon', 'Tue', 'Wed', 'Thu', 'Fri']",將軍澳緻藍天迴旋處上落客區,將軍澳,22.2966195095831,114.27020954575,08:40:00,520.0,薄扶林道131號（心光恩望學校）,將軍澳,22.2666677548545,114.132209053304,09:45:00,585.0,2025-10-03,2025-11-01,,,,True,65.0,0,1
SR1121,乘客203跟車,NWC,,上學,12345,"['Mon', 'Tue', 'Wed', 'Thu', 'Fri']",將軍澳緻藍天迴旋處上落客區,將軍澳,22.2966195095831,114.27020954575,08:40:00,520.0,薄扶林道131號（心光恩望學校）,將軍澳,22.2666677548545,114.132209053304,09:45:00,585.0,2025-10-03,2025-11-01,,,,True,65.0,0,1
SR1121,乘客204,NWC,嬰兒手推車型輪椅,訓練,134,"['Mon', 'Wed', 'Thu']",羅便臣道垃圾收集站（衛城道入）,中西區,22.2817530407247,114.148061677462,09:30:00,570.0,大口環道19號協康會大樓慶華特殊幼兒中心,中西區,22.2704982527423,114.124268747061,10:00:00,600.0,2024-08-16,2024-09-01,,,,True,30.0,0,1
SR1121,乘客204跟車,WC,,訓練,134,"['Mon', 'Wed', 'Thu']",羅便臣道垃圾收集站（衛城道入）,中西區,22.2817530407247,114.148061677462,09:30:00,570.0,大口環道19號協康會大樓慶華特殊幼兒中心,中西區,22.2704982527423,114.124268747061,10:00:00,600.0,2024-08-16,2024-09-01,,,,True,30.0,1,0
SR1122,乘客205,NWC,白手杖,上學,12345,"['Mon', 'Tue', 'Wed', 'Thu', 'Fri']",薄扶林道131號（心光恩望學校）,南區,22.2666677548545,114.132209053304,15:35:00,935.0,將軍澳緻藍天迴旋處上落客區,南區,22.2966195095831,114.27020954575,17:25:00,1045.0,2025-10-03,2025-11-01,,,,True,110.0,0,1
SR1122,乘客205跟車,NWC,,上學,12345,"['Mon', 'Tue', 'Wed', 'Thu', 'Fri']",薄扶林道131號（心光恩望學校）,南區,22.2666677548545,114.132209053304,15:35:00,935.0,將軍澳緻藍天迴旋處上落客區,南區,22.2966195095831,114.27020954575,17:25:00,1045.0,2025-10-03,2025-11-01,,,,True,110.0,0,1
SR1122,乘客206,NWC,嬰兒手推車型輪椅,上學,12345,"['Mon', 'Tue', 'Wed', 'Thu', 'Fri']",薄扶林道131號（心光恩望學校）,南區,22.2666677548545,114.132209053304,15:35:00,935.0,鰂魚涌康柏徑10號康景花園B座,南區,22.2810164002666,114.213264253411,16:20:00,980.0,2023-07-21,2024-03-01,,,,True,45.0,0,1
SR1122,乘客206跟車,WC,,上學,12345,"['Mon', 'Tue', 'Wed', 'Thu', 'Fri']",薄扶林道131號（心光恩望學校）,南區,22.2666677548545,114.132209053304,15:35:00,935.0,鰂魚涌康柏徑10號康景花園B座,南區,22.2810164002666,114.213264253411,16:20:00,980.0,2023-07-21,2024-03-01,,,,True,45.0,1,0
SR1122,乘客207,NWC,白手杖,上學,12345,"['Mon', 'Tue', 'Wed', 'Thu', 'Fri']",薄扶林道131號（心光幼兒中心）,南區,22.2670041872954,114.1318223853,15:35:00,935.0,將軍澳日出康城晉海(會所),南區,22.293023398601,114.270942391499,17:20:00,1040.0,2024-12-13,2025-01-01,,,,True,105.0,0,1
SR1122,乘客207跟車,NWC,,上學,12345,"['Mon', 'Tue', 'Wed', 'Thu', 'Fri']",薄扶林道131號（心光幼兒中心）,南區,22.2670041872954,114.1318223853,15:35:00,935.0,將軍澳日出康城晉海(會所),南區,22.293023398601,114.270942391499,17:20:00,1040.0,2024-12-13,2025-01-01,,,,True,105.0,0,1
SR1122,乘客208,NWC,手動輪椅不可過椅,上學,12345,"['Mon', 'Tue', 'Wed', 'Thu', 'Fri']",大口環道15-17號紅十字會甘迺迪中心,南區,22.2709138981953,114.124416113912,15:50:00,950.0,將軍澳日出康城9期OCEAN MARINI,南區,22.2946178139022,114.268729771367,17:05:00,1025.0,2024-09-04,2024-10-01,,,,True,75.0,0,1
SR1122,乘客209,WC,手動輪椅不可過椅,上學,12345,"['Mon', 'Tue', 'Wed', 'Thu', 'Fri']",大口環道15-17號紅十字會甘迺迪中心,南區,22.2709138981953,114.124416113912,15:50:00,950.0,鰂魚涌康山花園2座,南區,22.2854001024475,114.215959114126,16:30:00,990.0,2018-09-18,2022-08-01,,,2031-12-31,True,40.0,1,0
SR1122,乘客209跟車,WC,,上學,12345,"['Mon', 'Tue', 'Wed', 'Thu', 'Fri']",大口環道15-17號紅十字會甘迺迪中心,南區,22.2709138981953,114.124416113912,15:50:00,950.0,鰂魚涌康山花園2座,南區,22.2854001024475,114.215959114126,16:30:00,990.0,2018-09-18,2022-08-01,,,2031-12-31,True,40.0,1,0
SR1122,乘客209跟車,NWC,,上學,12345,"['Mon', 'Tue', 'Wed', 'Thu', 'Fri']",大口環道15-17號紅十字會甘迺迪中心,南區,22.2709138981953,114.124416113912,15:50:00,950.0,鰂魚涌康山花園2座,南區,22.2854001024475,114.215959114126,16:30:00,990.0,2018-09-18,2022-08-01,,,2031-12-31,True,40.0,0,1
SR1122,乘客210,NWC,其他 / 特殊情況,訓練,12345,"['Mon', 'Tue', 'Wed', 'Thu', 'Fri']",筲箕灣愛東邨愛善樓(迴旋處),東區,22.2807960507043,114.226949708977,16:40:00,1000.0,將軍澳日出康城路1號LP6,東區,22.2930061548011,114.270273473085,17:15:00,1035.0,2025-07-17,2025-09-01,,,,True,35.0,0,1
SR1131,乘客211,NWC,手動輪椅可以過椅,工作,12345,"['Mon', 'Tue', 'Wed', 'Thu', 'Fri']",筲箕灣東欣苑歡欣閣,東區,22.2806185521272,114.221410046412,06:45:00,405.0,藍田復康徑7號藍田綜合中心,東區,22.3080382817291,114.23042037906,07:00:00,420.0,2003-01-02,2022-08-01,,,2026-12-31,True,15.0,0,1
SR1131,乘客212,WC,電動輪椅,工作,12345,"['Mon', 'Tue', 'Wed', 'Thu', 'Fri']",和明苑和暉閣,將軍澳,22.3156239580713,114.267032484809,07:15:00,435.0,中環干諾道中111號永安中心,將軍澳,22.2865576714029,114.152958478176,07:50:00,470.0,2011-10-27,2022-08-01,,,2026-12-31,True,35.0,1,0
SR1131,乘客213,WC,手杖,訓練,2345,"['Tue', 'Wed', 'Thu', 'Fri']",上環皇后街仁濟醫院晴晞閣(近高陞街口),中西區,22.287070404981,114.146756509075,08:10:00,490.0,堅尼地道100號聖雅各賽馬會力行工場,中西區,22.2726781131103,114.173695109941,08:50:00,530.0,2025-04-10,2025-05-01,,,,True,40.0,1,0
SR1131,乘客214,NWC,手杖,訓練,1,['Mon'],北角屈臣道15號維多利中心,東區,22.2873500849998,114.190410411037,08:10:00,490.0,堅尼地道100號聖雅各賽馬會力行工場,東區,22.2726781131103,114.173695109941,08:50:00,530.0,2025-04-10,2025-05-01,,,,True,40.0,0,1
SR1131,乘客215,NWC,其他 / 特殊情況,訓練,12345,"['Mon', 'Tue', 'Wed', 'Thu', 'Fri']",中環5號碼頭,中西區,22.2874496109085,114.15931444686,08:30:00,510.0,堅尼地道100號聖雅各賽馬會力行工場,中西區,22.2726781131103,114.173695109941,08:50:00,530.0,2016-11-18,2022-08-01,,,2026-12-31,True,20.0,0,1
SR1132,乘客216,NWC,手動輪椅不可過椅,上學,12345,"['Mon', 'Tue', 'Wed', 'Thu', 'Fri']",薄扶林道131號（心光幼兒中心）,南區,22.2670041872954,114.1318223853,15:30:00,930.0,長沙灣幸福邨福明樓,南區,22.3353362080761,114.154398987246,16:20:00,980.0,2021-07-21,2022-08-01,,,2031-12-31,True,50.0,0,1
SR1132,乘客216跟車,WC,,上學,12345,"['Mon', 'Tue', 'Wed', 'Thu', 'Fri']",薄扶林道131號（心光幼兒中心）,南區,22.2670041872954,114.1318223853,15:30:00,930.0,長沙灣幸福邨福明樓,南區,22.3353362080761,114.154398987246,16:20:00,980.0,2021-07-21,2022-08-01,,,2031-12-31,True,50.0,1,0
SR1132,乘客217,NWC,白手杖,上學,12345,"['Mon', 'Tue', 'Wed', 'Thu', 'Fri']",薄扶林道131號（心光學校）,南區,22.2669638153015,114.131786989264,15:30:00,930.0,石硤尾邨美盛樓(南昌街巴士站),南區,22.3333232283319,114.166788240568,16:40:00,1000.0,2012-06-13,2022-08-01,,,2026-12-31,True,70.0,0,1
SR1132,乘客218,NWC,白手杖,上學,12345,"['Mon', 'Tue', 'Wed', 'Thu', 'Fri']",薄扶林道131號（心光學校）,南區,22.2669638153015,114.131786989264,15:30:00,930.0,深水埗新高登電腦商場,南區,22.3328435258793,114.162503212468,16:55:00,1015.0,2025-07-10,2025-09-01,,,,True,85.0,0,1
SR1132,乘客219,NWC,手杖;腳架,訓練,12345,"['Mon', 'Tue', 'Wed', 'Thu', 'Fri']",九龍塘牛津道1D號展亮技能發展中心,九龍城,22.3287326259366,114.180324023198,17:20:00,1040.0,筲箕灣愛賢街愛東商場 (避車處),九龍城,22.2809424110773,114.228074829474,18:45:00,1125.0,2025-08-29,2025-11-01,,,,True,85.0,0,1
SR1132,乘客220,NWC,手動輪椅不可過椅,工作,12345,"['Mon', 'Tue', 'Wed', 'Thu', 'Fri']",東京街西3號庫務大樓(西九龍法院大樓對面),深水埗,22.3306236259907,114.153982346527,17:35:00,1055.0,鰂魚涌南豐新邨2座,深水埗,22.2826239920749,114.213728393149,18:30:00,1110.0,2022-03-31,2022-08-01,,,2032-12-31,True,55.0,0,1
SR1132,乘客221,WC,電動輪椅,工作,12345,"['Mon', 'Tue', 'Wed', 'Thu', 'Fri']",香港理工大學文康大樓S座,油尖旺,22.304450926769,114.17959876698,18:00:00,1080.0,北角電氣道華凱大廈 B 座,油尖旺,22.2893596152224,114.193695048698,18:20:00,1100.0,2024-08-24,2024-10-01,,,2034-12-31,True,20.0,1,0
SR1132,乘客221跟車,WC,,工作,12345,"['Mon', 'Tue', 'Wed', 'Thu', 'Fri']",香港理工大學文康大樓S座,油尖旺,22.304450926769,114.17959876698,18:00:00,1080.0,北角電氣道華凱大廈 B 座,油尖旺,22.2893596152224,114.193695048698,18:20:00,1100.0,2024-08-24,2024-10-01,,,2034-12-31,True,20.0,1,0
SR1141,乘客222,NWC,手動輪椅可以過椅,訓練,1235,"['Mon', 'Tue', 'Wed', 'Fri']",何文田文運道恆信園4期,九龍城,22.3187840156258,114.178014495369,08:00:00,480.0,土瓜灣九龍城道66-82號 U PLACE,九龍城,22.3179407051852,114.188857221475,09:40:00,580.0,2026-01-21,2026-02-01,,,,True,100.0,0,1
SR1141,乘客223,WC,手推架,訓練,12345,"['Mon', 'Tue', 'Wed', 'Thu', 'Fri']",何文田邨適文樓,九龍城,22.3147113505901,114.183016237532,08:10:00,490.0,土瓜灣九龍城道66-82號 U PLACE,九龍城,22.3179407051852,114.188857221475,09:40:00,580.0,2024-11-11,2025-01-01,,,,True,90.0,1,0
SR1141,乘客224,NWC,其他 / 特殊情況,訓練,12345,"['Mon', 'Tue', 'Wed', 'Thu', 'Fri']",何文田愛民邨敦民樓,九龍城,22.3129214504028,114.177532417313,08:20:00,500.0,土瓜灣九龍城道66-82號 U PLACE,九龍城,22.3179407051852,114.188857221475,09:40:00,580.0,2024-11-11,2025-01-01,,,,True,80.0,0,1
SR1141,乘客225,NWC,手動輪椅不可過椅,訓練,245,"['Tue', 'Thu', 'Fri']",何文田愛民邨頌民樓,九龍城,22.3128553540314,114.178400919185,08:30:00,510.0,土瓜灣九龍城道66-82號 U PLACE,九龍城,22.3179407051852,114.188857221475,09:40:00,580.0,2024-11-11,2025-01-01,,,,True,70.0,0,1
SR1141,乘客226,WC,手推架,訓練,12345,"['Mon', 'Tue', 'Wed', 'Thu', 'Fri']",荔枝角道246號,深水埗,22.3271646004089,114.162969194128,09:00:00,540.0,石硤尾邨美山樓保良局服務中心,深水埗,22.3320977574593,114.165573715176,09:20:00,560.0,2019-04-23,2022-08-01,,,2031-12-31,True,20.0,1,0
SR1141,乘客227,NWC,手杖,訓練,12345,"['Mon', 'Tue', 'Wed', 'Thu', 'Fri']",青山道64號名人商業中心聖康會,深水埗,22.33432204985,114.161954629873,09:10:00,550.0,石硤尾邨美山樓保良局服務中心,深水埗,22.3320977574593,114.165573715176,09:20:00,560.0,2019-03-25,2022-08-01,,,2031-12-31,True,10.0,0,1
SR1142,乘客228,NWC,其他 / 特殊情況,上學,12345,"['Mon', 'Tue', 'Wed', 'Thu', 'Fri']",薄扶林道131號（心光恩望學校）,南區,22.2666677548545,114.132209053304,15:20:00,920.0,藍田麗港城16座,南區,22.3058200416887,114.227591545743,16:25:00,985.0,2025-11-17,2026-01-01,,,,True,65.0,0,1
SR1142,乘客228跟車,NWC,,上學,12345,"['Mon', 'Tue', 'Wed', 'Thu', 'Fri']",薄扶林道131號（心光恩望學校）,南區,22.2666677548545,114.132209053304,15:20:00,920.0,藍田麗港城16座,南區,22.3058200416887,114.227591545743,16:25:00,985.0,2025-11-17,2026-01-01,,,,True,65.0,0,1
SR1142,乘客229,NWC,其他 / 特殊情況,上學,12345,"['Mon', 'Tue', 'Wed', 'Thu', 'Fri']",薄扶林道131號（心光恩望學校）,南區,22.2666677548545,114.132209053304,15:20:00,920.0,藍田德田街1號康逸苑康庭閣,南區,22.3106458666528,114.234410000684,16:05:00,965.0,2025-07-08,2025-09-01,,,,True,45.0,0,1
SR1142,乘客229跟車,NWC,,上學,12345,"['Mon', 'Tue', 'Wed', 'Thu', 'Fri']",薄扶林道131號（心光恩望學校）,南區,22.2666677548545,114.132209053304,15:20:00,920.0,藍田德田街1號康逸苑康庭閣,南區,22.3106458666528,114.234410000684,16:05:00,965.0,2025-07-08,2025-09-01,,,,True,45.0,0,1
SR1142,乘客230,NWC,手動輪椅不可過椅;嬰兒手推車型輪椅,上學,12345,"['Mon', 'Tue', 'Wed', 'Thu', 'Fri']",薄扶林道131號（心光幼兒中心）,南區,22.2670041872954,114.1318223853,15:20:00,920.0,藍田麗港城16座,南區,22.3058200416887,114.227591545743,16:25:00,985.0,2022-05-26,2022-08-01,,,2032-12-31,True,65.0,0,1
SR1142,乘客230跟車,WC,,上學,12345,"['Mon', 'Tue', 'Wed', 'Thu', 'Fri']",薄扶林道131號（心光幼兒中心）,南區,22.2670041872954,114.1318223853,15:20:00,920.0,藍田麗港城16座,南區,22.3058200416887,114.227591545743,16:25:00,985.0,2022-05-26,2022-08-01,,,2032-12-31,True,65.0,1,0
SR1142,乘客231,NWC,手動輪椅不可過椅;嬰兒手推車型輪椅,上學,12345,"['Mon', 'Tue', 'Wed', 'Thu', 'Fri']",薄扶林道131號（心光恩望學校）,南區,22.2666677548545,114.132209053304,15:20:00,920.0,油塘油麗邨智麗樓,南區,22.3016053432016,114.236178402865,16:35:00,995.0,2024-03-05,2024-09-01,,,,True,75.0,0,1
SR1142,乘客231跟車,WC,,上學,12345,"['Mon', 'Tue', 'Wed', 'Thu', 'Fri']",薄扶林道131號（心光恩望學校）,南區,22.2666677548545,114.132209053304,15:20:00,920.0,油塘油麗邨智麗樓,南區,22.3016053432016,114.236178402865,16:35:00,995.0,2024-03-05,2024-09-01,,,,True,75.0,1,0
SR1142,乘客232,NWC,手動輪椅不可過椅,上學,12345,"['Mon', 'Tue', 'Wed', 'Thu', 'Fri']",薄扶林道131號（心光恩望學校）,南區,22.2666677548545,114.132209053304,15:20:00,920.0,藍田德田邨德樂樓,南區,22.3091762142243,114.239426811745,16:15:00,975.0,2025-11-05,2026-01-01,,,,True,55.0,0,1
SR1142,乘客232跟車,WC,,上學,12345,"['Mon', 'Tue', 'Wed', 'Thu', 'Fri']",薄扶林道131號（心光恩望學校）,南區,22.2666677548545,114.132209053304,15:20:00,920.0,藍田德田邨德樂樓,南區,22.3091762142243,114.239426811745,16:15:00,975.0,2025-11-05,2026-01-01,,,,True,55.0,1,0
SR1142,乘客233,NWC,電動輪椅,上學,12345,"['Mon', 'Tue', 'Wed', 'Thu', 'Fri']",達之路香港城市大學,深水埗,22.3372458830647,114.172865119396,17:45:00,1065.0,華貴邨華廉樓,深水埗,22.2507796246697,114.139648665266,18:30:00,1110.0,2023-08-28,2024-03-01,,,,True,45.0,0,1
SR1142,乘客233跟車,WC,,上學,12345,"['Mon', 'Tue', 'Wed', 'Thu', 'Fri']",達之路香港城市大學,深水埗,22.3372458830647,114.172865119396,17:45:00,1065.0,華貴邨華廉樓,深水埗,22.2507796246697,114.139648665266,18:30:00,1110.0,2023-08-28,2024-03-01,,,,True,45.0,1,0
SR3001,乘客234,NWC,電動輪椅,訓練,12345,"['Mon', 'Tue', 'Wed', 'Thu', 'Fri']",彩明苑(入閘天橋底),將軍澳,22.3076025636752,114.253649969497,07:15:00,435.0,翠林邨安林樓基督教家庭翠林工場,將軍澳,22.3237467156139,114.248915045451,08:10:00,490.0,2008-10-08,2022-08-01,,,2026-12-31,True,55.0,0,1
SR3001,乘客235,WC,電動輪椅,訓練,12345,"['Mon', 'Tue', 'Wed', 'Thu', 'Fri']",尚德邨尚信樓,將軍澳,22.3105841412192,114.257411492033,07:25:00,445.0,油塘鯉魚門邨鯉隆樓循道衛理楊震晉朗中心,將軍澳,22.293988923552,114.239381747937,08:30:00,510.0,2015-01-13,2022-08-01,,,2026-12-31,True,65.0,1,0
SR3001,乘客236,WC,其他 / 特殊情況,訓練,12345,"['Mon', 'Tue', 'Wed', 'Thu', 'Fri']",尚德邨尚美樓基督教懷智復康中心,將軍澳,22.3111220770495,114.256956429368,07:30:00,450.0,翠林邨安林樓基督教家庭翠林工場,將軍澳,22.3237467156139,114.248915045451,08:10:00,490.0,2016-07-13,2022-08-01,,,2026-12-31,True,40.0,1,0
SR3001,乘客237,NWC,嬰兒手推車型輪椅,訓練,2345,"['Tue', 'Wed', 'Thu', 'Fri']",尚德邨尚美樓基督教懷智復康中心,將軍澳,22.3111220770495,114.256956429368,07:30:00,450.0,福塘道4號啟能康復大樓基督教家庭服務中心,將軍澳,22.3118059268488,114.228805720773,09:25:00,565.0,2025-11-07,2025-12-01,,,,True,115.0,0,1
SR3001,乘客238,WC,手杖,訓練,12345,"['Mon', 'Tue', 'Wed', 'Thu', 'Fri']",貿泰路茵怡花園(近小巴站),將軍澳,22.3217802452017,114.256068097664,08:00:00,480.0,翠林邨安林樓基督教家庭翠林工場,將軍澳,22.3237467156139,114.248915045451,08:10:00,490.0,2015-12-02,2022-08-01,,,2026-12-31,True,10.0,1,0
SR3001,乘客239,NWC,手動輪椅不可過椅,治療,234,"['Tue', 'Wed', 'Thu']",油塘大本型(的士站),觀塘,22.296879665238,114.239006857068,08:40:00,520.0,福塘道4號啟能康復大樓基督教家庭服務中心,觀塘,22.3118059268488,114.228805720773,09:25:00,565.0,2026-01-29,2026-03-01,,,,True,45.0,0,1
SR3001,乘客240,WC,手杖,訓練,1245,"['Mon', 'Tue', 'Thu', 'Fri']",油塘油翠苑沃美閣(鯉魚門道巴士站),觀塘,22.2985840800897,114.238587151411,08:50:00,530.0,福塘道4號啟能康復大樓基督教家庭服務中心,觀塘,22.3118059268488,114.228805720773,09:25:00,565.0,2025-08-07,2025-10-01,,,,True,35.0,1,0
SR3001,乘客241,NWC,其他 / 特殊情況,訓練,12345,"['Mon', 'Tue', 'Wed', 'Thu', 'Fri']",翠屏南邨翠榮樓(消防閘口),觀塘,22.3123682623999,114.233080639764,09:00:00,540.0,翠屏北邨翠梅樓香港心理衛生會觀塘庇護工場,觀塘,22.3159432858224,114.22894173631,09:10:00,550.0,2013-03-14,2022-08-01,,,2026-12-31,True,10.0,0,1
SR3001,乘客242,NWC,手推架,訓練,12345,"['Mon', 'Tue', 'Wed', 'Thu', 'Fri']",翠屏南邨翠榮樓(消防閘口),觀塘,22.3123682623999,114.233080639764,09:00:00,540.0,翠屏北邨翠梅樓香港心理衛生會觀塘庇護工場,觀塘,22.3159432858224,114.22894173631,09:10:00,550.0,2019-12-11,2022-08-01,,,2033-12-31,True,10.0,0,1
SR3001,乘客243,NWC,手杖,訓練,12345,"['Mon', 'Tue', 'Wed', 'Thu', 'Fri']",翠屏南邨翠榮樓(消防閘口),觀塘,22.3123682623999,114.233080639764,09:00:00,540.0,翠屏北邨翠梅樓香港心理衛生會觀塘庇護工場,觀塘,22.3159432858224,114.22894173631,09:10:00,550.0,2022-12-10,2022-08-01,,,2033-12-31,True,10.0,0,1
SR3001,乘客244,NWC,手杖,訓練,12345,"['Mon', 'Tue', 'Wed', 'Thu', 'Fri']",翠屏南邨翠榮樓(消防閘口),觀塘,22.3123682623999,114.233080639764,09:00:00,540.0,翠屏北邨翠梅樓香港心理衛生會觀塘庇護工場,觀塘,22.3159432858224,114.22894173631,09:10:00,550.0,2023-07-31,2024-03-01,,,,True,10.0,0,1
SR3001,乘客245,NWC,其他 / 特殊情況,訓練,12345,"['Mon', 'Tue', 'Wed', 'Thu', 'Fri']",翠屏南邨翠杏樓(消防閘口),觀塘,22.3123460642954,114.232129571049,09:20:00,560.0,翠屏北邨翠梅樓香港心理衛生會觀塘庇護工場,觀塘,22.3159432858224,114.22894173631,09:40:00,580.0,2016-07-21,2022-08-01,,,2026-12-31,True,20.0,0,1
SR3001,乘客246,NWC,手杖,訓練,12345,"['Mon', 'Tue', 'Wed', 'Thu', 'Fri']",翠屏南邨翠杏樓(消防閘口),觀塘,22.3123460642954,114.232129571049,09:20:00,560.0,翠屏北邨翠梅樓香港心理衛生會觀塘庇護工場,觀塘,22.3159432858224,114.22894173631,09:40:00,580.0,2009-10-12,2022-08-01,,,2026-12-31,True,20.0,0,1
SR3001,乘客247,NWC,手杖,訓練,12345,"['Mon', 'Tue', 'Wed', 'Thu', 'Fri']",翠屏南邨翠杏樓(消防閘口),觀塘,22.3123460642954,114.232129571049,09:20:00,560.0,翠屏北邨翠梅樓香港心理衛生會觀塘庇護工場,觀塘,22.3159432858224,114.22894173631,09:40:00,580.0,2022-12-12,2022-08-01,,,2033-12-31,True,20.0,0,1
SR3001,乘客248,NWC,手杖,訓練,12345,"['Mon', 'Tue', 'Wed', 'Thu', 'Fri']",翠屏南邨翠杏樓(消防閘口),觀塘,22.3123460642954,114.232129571049,09:20:00,560.0,翠屏北邨翠梅樓香港心理衛生會觀塘庇護工場,觀塘,22.3159432858224,114.22894173631,09:40:00,580.0,2023-03-10,2022-08-01,,,2033-12-31,True,20.0,0,1
SR3001,乘客249,NWC,白手杖,訓練,12345,"['Mon', 'Tue', 'Wed', 'Thu', 'Fri']",翠屏南邨翠杏樓(消防閘口),觀塘,22.3123460642954,114.232129571049,09:20:00,560.0,翠屏北邨翠梅樓香港心理衛生會觀塘庇護工場,觀塘,22.3159432858224,114.22894173631,09:40:00,580.0,2023-09-29,2024-03-01,,,,True,20.0,0,1
SR3001,乘客250,NWC,手杖,訓練,12345,"['Mon', 'Tue', 'Wed', 'Thu', 'Fri']",翠屏南邨翠杏樓(消防閘口),觀塘,22.3123460642954,114.232129571049,09:20:00,560.0,翠屏北邨翠梅樓香港心理衛生會觀塘庇護工場,觀塘,22.3159432858224,114.22894173631,09:40:00,580.0,2024-04-02,2024-05-01,,,,True,20.0,0,1
SR3001,乘客251,NWC,手杖,訓練,12345,"['Mon', 'Tue', 'Wed', 'Thu', 'Fri']",翠屏南邨翠杏樓(消防閘口),觀塘,22.3123460642954,114.232129571049,09:20:00,560.0,翠屏北邨翠梅樓香港心理衛生會觀塘庇護工場,觀塘,22.3159432858224,114.22894173631,09:40:00,580.0,2024-05-29,2024-07-01,,,,True,20.0,0,1
SR3001,乘客252,NWC,手杖,訓練,12345,"['Mon', 'Tue', 'Wed', 'Thu', 'Fri']",翠屏南邨翠杏樓(消防閘口),觀塘,22.3123460642954,114.232129571049,09:20:00,560.0,翠屏北邨翠梅樓香港心理衛生會觀塘庇護工場,觀塘,22.3159432858224,114.22894173631,09:40:00,580.0,2025-08-01,2025-09-01,,,,True,20.0,0,1
SR3001,乘客253,NWC,手動輪椅可以過椅,訓練,12345,"['Mon', 'Tue', 'Wed', 'Thu', 'Fri']",福塘道4號啟能康復大樓基督教家庭服務中心,觀塘,22.3118059268488,114.228805720773,09:25:00,565.0,翠屏北邨翠梅樓香港心理衛生會觀塘庇護工場,觀塘,22.3159432858224,114.22894173631,09:40:00,580.0,2020-10-22,2022-08-01,,,2030-12-31,True,15.0,0,1
SR3002,乘客254,WC,其他 / 特殊情況,訓練,12345,"['Mon', 'Tue', 'Wed', 'Thu', 'Fri']",翠屏北邨翠梅樓香港心理衛生會觀塘庇護工場,觀塘,22.3159432858224,114.22894173631,15:00:00,900.0,翠屏南邨翠榮樓(消防閘口),觀塘,22.3123682623999,114.233080639764,15:10:00,910.0,2013-03-14,2022-08-01,,,2026-12-31,True,10.0,1,0
SR3002,乘客255,NWC,手推架,訓練,12345,"['Mon', 'Tue', 'Wed', 'Thu', 'Fri']",翠屏北邨翠梅樓香港心理衛生會觀塘庇護工場,觀塘,22.3159432858224,114.22894173631,15:00:00,900.0,翠屏南邨翠榮樓(消防閘口),觀塘,22.3123682623999,114.233080639764,15:10:00,910.0,2019-12-11,2022-08-01,,,2033-12-31,True,10.0,0,1
SR3002,乘客256,NWC,手杖,訓練,12345,"['Mon', 'Tue', 'Wed', 'Thu', 'Fri']",翠屏北邨翠梅樓香港心理衛生會觀塘庇護工場,觀塘,22.3159432858224,114.22894173631,15:00:00,900.0,翠屏南邨翠榮樓(消防閘口),觀塘,22.3123682623999,114.233080639764,15:10:00,910.0,2022-12-10,2022-08-01,,,2033-12-31,True,10.0,0,1
SR3002,乘客257,NWC,手杖,訓練,12345,"['Mon', 'Tue', 'Wed', 'Thu', 'Fri']",翠屏北邨翠梅樓香港心理衛生會觀塘庇護工場,觀塘,22.3159432858224,114.22894173631,15:00:00,900.0,翠屏南邨翠榮樓(消防閘口),觀塘,22.3123682623999,114.233080639764,15:10:00,910.0,2023-07-31,2024-03-01,,,,True,10.0,0,1
SR3002,乘客258,NWC,白手杖,訓練,12345,"['Mon', 'Tue', 'Wed', 'Thu', 'Fri']",翠屏北邨翠梅樓香港心理衛生會觀塘庇護工場,觀塘,22.3159432858224,114.22894173631,15:15:00,915.0,翠屏南邨翠杏樓(消防閘口),觀塘,22.3123460642954,114.232129571049,15:25:00,925.0,2023-09-29,2024-03-01,,,,True,10.0,0,1
SR3002,乘客259,NWC,不需輔助工具,訓練,12345,"['Mon', 'Tue', 'Wed', 'Thu', 'Fri']",翠屏北邨翠梅樓香港心理衛生會觀塘庇護工場,觀塘,22.3159432858224,114.22894173631,15:15:00,915.0,健明邨健曦樓,觀塘,22.3056652255567,114.251025430957,16:20:00,980.0,2024-11-04,2024-12-01,,,,True,65.0,0,1
SR3002,乘客260,NWC,手杖,訓練,12345,"['Mon', 'Tue', 'Wed', 'Thu', 'Fri']",翠屏北邨翠梅樓香港心理衛生會觀塘庇護工場,觀塘,22.3159432858224,114.22894173631,15:15:00,915.0,翠屏南邨翠杏樓(消防閘口),觀塘,22.3123460642954,114.232129571049,15:25:00,925.0,2025-08-01,2025-09-01,,,,True,10.0,0,1
SR3002,乘客261,NWC,其他 / 特殊情況,訓練,12345,"['Mon', 'Tue', 'Wed', 'Thu', 'Fri']",翠屏北邨翠梅樓香港心理衛生會觀塘庇護工場,觀塘,22.3159432858224,114.22894173631,15:20:00,920.0,翠屏南邨翠杏樓(消防閘口),觀塘,22.3123460642954,114.232129571049,15:25:00,925.0,2016-07-21,2022-08-01,,,2026-12-31,True,5.0,0,1
SR3002,乘客262,NWC,手杖,訓練,12345,"['Mon', 'Tue', 'Wed', 'Thu', 'Fri']",翠屏北邨翠梅樓香港心理衛生會觀塘庇護工場,觀塘,22.3159432858224,114.22894173631,15:20:00,920.0,翠屏南邨翠杏樓(消防閘口),觀塘,22.3123460642954,114.232129571049,15:25:00,925.0,2009-10-12,2022-08-01,,,2026-12-31,True,5.0,0,1
SR3002,乘客263,NWC,手杖,訓練,12345,"['Mon', 'Tue', 'Wed', 'Thu', 'Fri']",翠屏北邨翠梅樓香港心理衛生會觀塘庇護工場,觀塘,22.3159432858224,114.22894173631,15:20:00,920.0,翠屏南邨翠杏樓(消防閘口),觀塘,22.3123460642954,114.232129571049,15:25:00,925.0,2022-12-12,2022-08-01,,,2033-12-31,True,5.0,0,1
SR3002,乘客264,NWC,手杖,訓練,12345,"['Mon', 'Tue', 'Wed', 'Thu', 'Fri']",翠屏北邨翠梅樓香港心理衛生會觀塘庇護工場,觀塘,22.3159432858224,114.22894173631,15:20:00,920.0,翠屏南邨翠杏樓(消防閘口),觀塘,22.3123460642954,114.232129571049,15:25:00,925.0,2023-03-10,2022-08-01,,,2033-12-31,True,5.0,0,1
SR3002,乘客265,NWC,手杖,訓練,12345,"['Mon', 'Tue', 'Wed', 'Thu', 'Fri']",翠屏北邨翠梅樓香港心理衛生會觀塘庇護工場,觀塘,22.3159432858224,114.22894173631,15:20:00,920.0,翠屏南邨翠杏樓(消防閘口),觀塘,22.3123460642954,114.232129571049,15:25:00,925.0,2024-04-02,2024-05-01,,,,True,5.0,0,1
SR3002,乘客266,NWC,手杖,訓練,12345,"['Mon', 'Tue', 'Wed', 'Thu', 'Fri']",翠屏北邨翠梅樓香港心理衛生會觀塘庇護工場,觀塘,22.3159432858224,114.22894173631,15:20:00,920.0,翠屏南邨翠杏樓(消防閘口),觀塘,22.3123460642954,114.232129571049,15:25:00,925.0,2024-05-29,2024-07-01,,,,True,5.0,0,1
SR3002,乘客267,NWC,其他 / 特殊情況,訓練,12345,"['Mon', 'Tue', 'Wed', 'Thu', 'Fri']",翠屏道3號基督教家庭迪智展能中心,觀塘,22.3116795188017,114.2289173688,15:30:00,930.0,健明邨健曦樓,觀塘,22.3056652255567,114.251025430957,16:20:00,980.0,2021-03-22,2022-08-01,,,2031-12-31,True,50.0,0,1
SR3002,乘客268,NWC,其他 / 特殊情況,上學,12345,"['Mon', 'Tue', 'Wed', 'Thu', 'Fri']",藍田復康徑8號紅十字會雅麗珊學校,觀塘,22.3074345515783,114.230656003018,15:40:00,940.0,怡明邨怡情樓,觀塘,22.3070533121753,114.263459993628,16:35:00,995.0,2018-09-18,2022-08-01,,,2028-12-31,True,55.0,0,1
SR3002,乘客269,NWC,不需輔助工具,上學,12345,"['Mon', 'Tue', 'Wed', 'Thu', 'Fri']",藍田復康徑8號紅十字會雅麗珊學校,觀塘,22.3074345515783,114.230656003018,15:40:00,940.0,將軍澳日出康城10期,觀塘,22.2936858742744,114.267881449881,17:00:00,1020.0,2023-08-08,2025-09-01,,,,True,80.0,0,1
SR3002,乘客270,NWC,電動輪椅;手動輪椅可以過椅,上學,12345,"['Mon', 'Tue', 'Wed', 'Thu', 'Fri']",藍田復康徑8號紅十字會雅麗珊學校,觀塘,22.3074345515783,114.230656003018,15:40:00,940.0,健明邨健曦樓,觀塘,22.3056652255567,114.251025430957,16:20:00,980.0,2012-10-16,2022-08-01,,,2033-12-31,True,40.0,0,1
SR3002,乘客271,WC,不需輔助工具,上學,12345,"['Mon', 'Tue', 'Wed', 'Thu', 'Fri']",藍田復康徑8號紅十字會雅麗珊學校,觀塘,22.3074345515783,114.230656003018,15:40:00,940.0,健明邨健曦樓,觀塘,22.3056652255567,114.251025430957,16:20:00,980.0,2023-01-10,2022-08-01,,,2033-12-31,True,40.0,1,0
SR3002,乘客272,NWC,嬰兒手推車型輪椅,上學,12345,"['Mon', 'Tue', 'Wed', 'Thu', 'Fri']",藍田復康徑8號紅十字會雅麗珊學校,觀塘,22.3074345515783,114.230656003018,15:40:00,940.0,將軍澳彩明苑(彩耀閣回旋處),觀塘,22.3069742976611,114.253795404157,16:10:00,970.0,2025-04-01,2025-05-01,,,,True,30.0,0,1
SR3002,乘客273,WC,其他 / 特殊情況,上學,12345,"['Mon', 'Tue', 'Wed', 'Thu', 'Fri']",藍田復康徑8號紅十字會雅麗珊學校,觀塘,22.3074345515783,114.230656003018,15:40:00,940.0,將軍澳彩明苑(彩耀閣回旋處),觀塘,22.3069742976611,114.253795404157,16:10:00,970.0,2025-06-23,2025-09-01,,,,True,30.0,1,0
SR3002,乘客273跟車,NWC,,上學,12345,"['Mon', 'Tue', 'Wed', 'Thu', 'Fri']",藍田復康徑8號紅十字會雅麗珊學校,觀塘,22.3074345515783,114.230656003018,15:40:00,940.0,將軍澳彩明苑(彩耀閣回旋處),觀塘,22.3069742976611,114.253795404157,16:10:00,970.0,2025-06-23,2025-09-01,,,,True,30.0,0,1
SR3002,乘客274,NWC,其他 / 特殊情況,上學,12345,"['Mon', 'Tue', 'Wed', 'Thu', 'Fri']",藍田復康徑8號紅十字會雅麗珊學校,觀塘,22.3074345515783,114.230656003018,15:40:00,940.0,將軍澳日出康城領都 (回旋處),觀塘,22.2943881119807,114.272230585364,17:05:00,1025.0,2025-08-27,2025-10-01,,,,True,85.0,0,1
SR3011,乘客275,NWC,電動輪椅,訓練,12345,"['Mon', 'Tue', 'Wed', 'Thu', 'Fri']",九龍灣啟業邨啟盛樓(入閘左面),觀塘,22.329605803183,114.20936933608,07:00:00,420.0,景林邨景榆樓,觀塘,22.3196747591992,114.261514275835,07:55:00,475.0,2002-08-18,2022-08-01,,,2026-12-31,True,55.0,0,1
SR3011,乘客276,WC,其他 / 特殊情況,訓練,12345,"['Mon', 'Tue', 'Wed', 'Thu', 'Fri']",牛頭角花園大廈畫眉樓,觀塘,22.3171771514481,114.219222551835,07:15:00,435.0,翠林邨安林樓基督教家庭翠林工場,觀塘,22.3237467156139,114.248915045451,08:05:00,485.0,2010-08-05,2022-08-01,,,2026-12-31,True,50.0,1,0
SR3011,乘客277,NWC,手動輪椅可以過椅,上學,12345,"['Mon', 'Tue', 'Wed', 'Thu', 'Fri']",觀塘康利道23號南康大廈,觀塘,22.3185038157938,114.220515794642,07:25:00,445.0,將軍澳景嶺路3號 香港專業教育學院(李惠利),觀塘,22.3057225024412,114.253677469486,07:45:00,465.0,2025-07-24,2025-09-01,,,,True,20.0,0,1
SR3011,乘客278,WC,手杖,訓練,12345,"['Mon', 'Tue', 'Wed', 'Thu', 'Fri']",景林邨景榆樓,將軍澳,22.3196747591992,114.261514275835,07:55:00,475.0,翠林邨安林樓基督教家庭翠林工場,將軍澳,22.3237467156139,114.248915045451,08:05:00,485.0,2014-11-05,2022-08-01,,,2026-12-31,True,10.0,1,0
SR3011,乘客279,NWC,手杖,訓練,12345,"['Mon', 'Tue', 'Wed', 'Thu', 'Fri']",大角咀棕樹街2號榮富苑1座,油尖旺,22.3193737288232,114.165507441524,08:55:00,535.0,慈雲山慈正邨正怡樓循道衛理楊震晉業中心,油尖旺,22.3510733093282,114.201289236573,09:45:00,585.0,2024-10-03,2024-11-01,,,,True,50.0,0,1
SR3011,乘客280,NWC,手動輪椅不可過椅,訓練,24,"['Tue', 'Thu']",黃大仙下邨龍華樓,黃大仙,22.3386639635235,114.194771471134,09:15:00,555.0,九龍灣臨華街南豐商業中心  (停車場出入口),黃大仙,22.3228937737599,114.207553513947,10:15:00,615.0,2024-08-13,2024-12-01,,,,True,60.0,0,1
SR3011,乘客281,WC,手動輪椅可以過椅,訓練,135,"['Mon', 'Wed', 'Fri']",藍田廣田邨廣逸樓,觀塘,22.3027176976613,114.240661241029,09:20:00,560.0,九龍灣臨華街南豐商業中心  (停車場出入口),觀塘,22.3228937737599,114.207553513947,10:15:00,615.0,2025-03-21,2025-07-01,,,,True,55.0,1,0
SR3011,乘客282,WC,電動輪椅,治療,24,"['Tue', 'Thu']",香港馬仔坑竹園道天宏苑：C座（宏美閣）,黃大仙,22.3440208,114.1866883,09:25:00,565.0,九龍灣臨華街南豐商業中心  (停車場出入口),觀塘,22.3228937737599,114.207553513947,10:15:00,615.0,2024-09-12,2024-12-01,,,,True,50.0,1,0
SR3011,乘客283,WC,手杖;手動輪椅可以過椅,訓練,12345,"['Mon', 'Tue', 'Wed', 'Thu', 'Fri']",鳳德邨黛鳳樓,黃大仙,22.3437863199204,114.201912549513,09:35:00,575.0,九龍灣臨華街南豐商業中心  (停車場出入口),黃大仙,22.3228937737599,114.207553513947,10:15:00,615.0,2025-09-30,2025-11-01,,,,True,40.0,1,0
SR3011,乘客284,WC,電動輪椅,訓練,12345,"['Mon', 'Tue', 'Wed', 'Thu', 'Fri']",慈雲山慈正邨正怡樓循道衛理楊震晉業中心,黃大仙,22.3510733093282,114.201289236573,09:45:00,585.0,藍田德田邨德盛樓耀能協會德田工場,黃大仙,22.3073859320734,114.239077121155,10:40:00,640.0,2024-11-28,2025-01-01,,,,True,55.0,1,0
SR3011,乘客285,WC,電動輪椅;手動輪椅不可過椅,訓練,24,"['Tue', 'Thu']",慈雲山慈樂邨樂信樓,黃大仙,22.347103294875,114.19928632702,09:55:00,595.0,九龍灣臨華街南豐商業中心  (停車場出入口),黃大仙,22.3228937737599,114.207553513947,10:15:00,615.0,2025-09-30,2025-11-01,,,,True,20.0,1,0
SR3012,乘客286,WC,其他 / 特殊情況,上學,12345,"['Mon', 'Tue', 'Wed', 'Thu', 'Fri']",藍田復康徑8號紅十字會雅麗珊學校,觀塘,22.3074345515783,114.230656003018,15:40:00,940.0,坑口厚德邨德志樓,觀塘,22.3180042025818,114.264579244917,16:35:00,995.0,2018-07-03,2022-08-01,,,2028-12-31,True,55.0,1,0
SR3012,乘客287,NWC,其他 / 特殊情況,上學,12345,"['Mon', 'Tue', 'Wed', 'Thu', 'Fri']",藍田復康徑8號紅十字會雅麗珊學校,觀塘,22.3074345515783,114.230656003018,15:40:00,940.0,將軍澳東港城(上落客區),觀塘,22.3159808014305,114.26517327686,16:30:00,990.0,2021-07-15,2025-10-01,,,2032-12-31,True,50.0,0,1
SR3012,乘客288,NWC,手動輪椅不可過椅,上學,12345,"['Mon', 'Tue', 'Wed', 'Thu', 'Fri']",藍田復康徑8號紅十字會雅麗珊學校,觀塘,22.3074345515783,114.230656003018,15:40:00,940.0,秀茂坪安達邨誠達樓(停車場入口),觀塘,22.3212730821277,114.234132203417,16:05:00,965.0,2016-12-01,2022-08-01,,,2029-12-31,True,25.0,0,1
SR3012,乘客288跟車,WC,,上學,12345,"['Mon', 'Tue', 'Wed', 'Thu', 'Fri']",藍田復康徑8號紅十字會雅麗珊學校,觀塘,22.3074345515783,114.230656003018,15:40:00,940.0,秀茂坪安達邨誠達樓(停車場入口),觀塘,22.3212730821277,114.234132203417,16:05:00,965.0,2016-12-01,2022-08-01,,,2029-12-31,True,25.0,1,0
SR3012,乘客289,NWC,手動輪椅不可過椅,上學,12345,"['Mon', 'Tue', 'Wed', 'Thu', 'Fri']",藍田復康徑8號紅十字會雅麗珊學校,觀塘,22.3074345515783,114.230656003018,15:40:00,940.0,將軍澳銀澳路1號新寶城(7-11對面),觀塘,22.3144238680171,114.26647490546,16:40:00,1000.0,2022-01-19,2022-08-01,,,2032-12-31,True,60.0,0,1
SR3012,乘客290,WC,手推架,上學,12345,"['Mon', 'Tue', 'Wed', 'Thu', 'Fri']",藍田復康徑8號紅十字會雅麗珊學校,觀塘,22.3074345515783,114.230656003018,15:40:00,940.0,坑口厚德邨德裕樓(健康中心迴旋處),觀塘,22.317513659257,114.267690733903,16:25:00,985.0,2018-04-23,2022-08-01,,,2028-12-31,True,45.0,1,0
SR3012,乘客291,NWC,電動輪椅,訓練,12345,"['Mon', 'Tue', 'Wed', 'Thu', 'Fri']",景林邨景榆樓,將軍澳,22.3196747591992,114.261514275835,16:45:00,1005.0,九龍灣啟業邨啟盛樓(入閘左面),將軍澳,22.329605803183,114.20936933608,17:35:00,1055.0,2002-08-18,2022-08-01,,,2026-12-31,True,50.0,0,1
SR3012,乘客292,WC,電動輪椅,工作,12345,"['Mon', 'Tue', 'Wed', 'Thu', 'Fri']",紅磡祟平街9號建業中心,九龍城,22.3113293669678,114.190790038259,17:50:00,1070.0,竹園北邨橡園樓,九龍城,22.3463911997596,114.192920222061,18:20:00,1100.0,2016-05-05,2022-08-01,,,2026-12-31,True,30.0,1,0
SR3021,乘客293,WC,手動輪椅不可過椅,工作,12345,"['Mon', 'Tue', 'Wed', 'Thu', 'Fri']",藍田康華苑怡康閣,觀塘,22.3139294220918,114.240194473893,07:00:00,420.0,黃大仙警署 (親仁街正門外),觀塘,22.3398149144763,114.196593351406,07:25:00,445.0,2025-10-21,2025-12-01,,,,True,25.0,1,0
SR3021,乘客294,WC,電動輪椅,工作,12345,"['Mon', 'Tue', 'Wed', 'Thu', 'Fri']",黃大仙悅庭軒 (入停車場),黃大仙,22.3416832766837,114.201711385036,07:15:00,435.0,九龍醫院康復大樓,黃大仙,22.3252331276068,114.183113649018,07:40:00,460.0,2025-11-13,2026-02-01,,,,True,25.0,1,0
SR3021,乘客295,WC,手杖,訓練,12345,"['Mon', 'Tue', 'Wed', 'Thu', 'Fri']",黃大仙中心北館（停車場落客區）,黃大仙,22.3427567681724,114.190501442282,07:55:00,475.0,清水灣道16號聖公會聖約翰小學,黃大仙,22.3339065754751,114.211555319516,09:05:00,545.0,2024-08-05,2024-09-01,,,,True,70.0,1,0
SR3021,乘客296,NWC,白手杖,訓練,12345,"['Mon', 'Tue', 'Wed', 'Thu', 'Fri']",黃大仙中心北館（停車場落客區）,黃大仙,22.3427567681724,114.190501442282,07:55:00,475.0,清水灣道16號聖公會聖約翰小學,黃大仙,22.3339065754751,114.211555319516,09:05:00,545.0,2024-09-10,2024-10-01,,,,True,70.0,0,1
SR3021,乘客297,NWC,其他 / 特殊情況,訓練,12345,"['Mon', 'Tue', 'Wed', 'Thu', 'Fri']",香港牛頭角功樂道53號碧麗苑,觀塘,22.3179746,114.2188771,08:15:00,495.0,新蒲崗大有街萬迪廣場,黃大仙,22.3383179327812,114.19903624205,08:45:00,525.0,2024-02-23,2024-03-01,,,,True,30.0,0,1
SR3021,乘客298,NWC,手動輪椅不可過椅,訓練,12345,"['Mon', 'Tue', 'Wed', 'Thu', 'Fri']",沙浦道83號御豪門(賈炳達道入卸貨區),九龍城,22.3311319308203,114.192199797571,08:30:00,510.0,新蒲崗大有街萬迪廣場,九龍城,22.3383179327812,114.19903624205,08:45:00,525.0,2023-07-05,2024-03-01,,,,True,15.0,0,1
SR3021,乘客298跟車,WC,,訓練,12345,"['Mon', 'Tue', 'Wed', 'Thu', 'Fri']",沙浦道83號御豪門(賈炳達道入卸貨區),九龍城,22.3311319308203,114.192199797571,08:30:00,510.0,新蒲崗大有街萬迪廣場,九龍城,22.3383179327812,114.19903624205,08:45:00,525.0,2023-07-05,2024-03-01,,,,True,15.0,1,0
SR3022,乘客299,NWC,其他 / 特殊情況,上學,12345,"['Mon', 'Tue', 'Wed', 'Thu', 'Fri']",藍田復康徑8號紅十字會雅麗珊學校,觀塘,22.3074345515783,114.230656003018,15:35:00,935.0,長沙灣深旺道38號海達邨海榮樓,觀塘,22.3301887314421,114.150250557952,17:20:00,1040.0,2021-04-01,2022-08-01,,,2031-12-30,True,105.0,0,1
SR3022,乘客300,NWC,手杖;其他 / 特殊情況,上學,12345,"['Mon', 'Tue', 'Wed', 'Thu', 'Fri']",藍田復康徑8號紅十字會雅麗珊學校,觀塘,22.3074345515783,114.230656003018,15:35:00,935.0,何文田愛民邨昭民樓(避車處),觀塘,22.3133419794008,114.178530987557,16:15:00,975.0,2021-12-01,2022-08-01,,,2032-12-31,True,40.0,0,1
SR3022,乘客301,NWC,手動輪椅可以過椅,上學,12345,"['Mon', 'Tue', 'Wed', 'Thu', 'Fri']",藍田復康徑8號紅十字會雅麗珊學校,觀塘,22.3074345515783,114.230656003018,15:35:00,935.0,元洲邨元豐樓,觀塘,22.3376197465186,114.155187465765,16:55:00,1015.0,2021-09-10,2025-09-01,,,2031-12-31,True,80.0,0,1
SR3022,乘客301跟車,WC,,上學,12345,"['Mon', 'Tue', 'Wed', 'Thu', 'Fri']",藍田復康徑8號紅十字會雅麗珊學校,觀塘,22.3074345515783,114.230656003018,15:35:00,935.0,元洲邨元豐樓,觀塘,22.3376197465186,114.155187465765,16:55:00,1015.0,2021-09-10,2025-09-01,,,2031-12-31,True,80.0,1,0
SR3022,乘客302,NWC,嬰兒手推車型輪椅,上學,12345,"['Mon', 'Tue', 'Wed', 'Thu', 'Fri']",藍田復康徑8號紅十字會雅麗珊學校,觀塘,22.3074345515783,114.230656003018,15:35:00,935.0,長沙灣深盛路宇晴軒,觀塘,22.3338447235389,114.149253060301,16:40:00,1000.0,2024-08-16,2024-09-01,,,,True,65.0,0,1
SR3022,乘客302跟車,WC,,上學,12345,"['Mon', 'Tue', 'Wed', 'Thu', 'Fri']",藍田復康徑8號紅十字會雅麗珊學校,觀塘,22.3074345515783,114.230656003018,15:35:00,935.0,長沙灣深盛路宇晴軒,觀塘,22.3338447235389,114.149253060301,16:40:00,1000.0,2024-08-16,2024-09-01,,,,True,65.0,1,0
SR3022,乘客303,NWC,其他 / 特殊情況,上學,1235,"['Mon', 'Tue', 'Wed', 'Fri']",藍田復康徑8號紅十字會雅麗珊學校,觀塘,22.3074345515783,114.230656003018,15:35:00,935.0,海達邨海盛樓,觀塘,22.3300038381758,114.150669901693,17:15:00,1035.0,2025-10-13,2025-12-01,,,,True,100.0,0,1
SR3022,乘客304,NWC,手動輪椅不可過椅,上學,12345,"['Mon', 'Tue', 'Wed', 'Thu', 'Fri']",牛池灣平定道東10號紅十字會瑪嘉烈戴麟趾學校,黃大仙,22.3358516256126,114.212872452501,16:00:00,960.0,元州邨元泰樓,黃大仙,22.3374792223738,114.155413850426,16:55:00,1015.0,2024-05-23,2025-09-01,,,,True,55.0,0,1
SR3022,乘客305,WC,手動輪椅不可過椅;手杖,工作,2,['Tue'],西九龍法院大樓,深水埗,22.3314008243019,114.153231382633,17:35:00,1055.0,紅磡海逸豪園25座(戴亞街),深水埗,22.3064540597498,114.193279395224,18:15:00,1095.0,2025-12-31,2026-02-01,,,,True,40.0,1,0
SR3022,乘客306,WC,手動輪椅不可過椅;手杖,工作,1345,"['Mon', 'Wed', 'Thu', 'Fri']",伊利沙伯醫院(衛理道入),油尖旺,22.3083860639393,114.174317371751,17:35:00,1055.0,紅磡海逸豪園25座(戴亞街),油尖旺,22.3064540597498,114.193279395224,18:15:00,1095.0,2025-12-31,2026-02-01,,,,True,40.0,1,0
SR3031,乘客307,WC,手杖;腳架,工作,12345,"['Mon', 'Tue', 'Wed', 'Thu', 'Fri']",牛頭角上邨常榮樓(入閘),觀塘,22.3194180664513,114.21667683058,07:35:00,455.0,白田壩街36-44號信義工業大廈,觀塘,22.3743378567199,114.110097714847,08:20:00,500.0,2023-07-31,2024-04-01,,,,True,45.0,1,0
SR3031,乘客308,NWC,電動輪椅,訓練,12345,"['Mon', 'Tue', 'Wed', 'Thu', 'Fri']",黃大仙上邨耀善樓,黃大仙,22.3427654137339,114.191862317492,07:55:00,475.0,石圍角邨石芳樓仁濟醫院盧李佩貞工場,黃大仙,22.3745413868958,114.124062087162,08:40:00,520.0,2002-08-18,2022-08-01,,,2026-12-31,True,45.0,0,1
SR3031,乘客309,WC,手動輪椅可以過椅,訓練,12345,"['Mon', 'Tue', 'Wed', 'Thu', 'Fri']",荔枝角道236號荔聯大廈慶楠護老院,深水埗,22.3268930685749,114.162932251128,09:15:00,555.0,南山邨南明樓基督教懷智南山中心,深水埗,22.3351490381511,114.172327982211,09:40:00,580.0,2021-04-15,2022-08-01,,,2031-12-31,True,25.0,1,0
SR3031,乘客310,WC,手杖;其他 / 特殊情況,訓練,12345,"['Mon', 'Tue', 'Wed', 'Thu', 'Fri']",南山邨道南逸樓循道衛理楊震南山晉逸居(近啟智學校),深水埗,22.3348166130929,114.171855061719,09:30:00,570.0,石硤尾邨美山樓保良局服務中心,深水埗,22.3320977574593,114.165573715176,09:55:00,595.0,2025-10-18,2025-12-01,,,,True,25.0,1,0
SR3031,乘客311,NWC,不需輔助工具,訓練,12345,"['Mon', 'Tue', 'Wed', 'Thu', 'Fri']",南山邨道南逸樓循道衛理楊震南山晉逸居(近啟智學校),深水埗,22.3348166130929,114.171855061719,09:40:00,580.0,石硤尾邨美山樓保良局服務中心,深水埗,22.3320977574593,114.165573715176,09:55:00,595.0,2022-09-28,2022-08-01,,,2032-12-31,True,15.0,0,1
SR3031,乘客312,NWC,手杖,工作,12345,"['Mon', 'Tue', 'Wed', 'Thu', 'Fri']",南山邨道南逸樓循道衛理楊震南山晉逸居(近啟智學校),深水埗,22.3348166130929,114.171855061719,09:40:00,580.0,石硤尾邨美山樓保良局服務中心,深水埗,22.3320977574593,114.165573715176,09:55:00,595.0,2023-12-15,2024-03-01,,,,True,15.0,0,1
SR3032,乘客313,NWC,其他 / 特殊情況,就診,12345,"['Mon', 'Tue', 'Wed', 'Thu', 'Fri']",福塘道4號啟能康復大樓基督教家庭服務中心,觀塘,22.3118059268488,114.228805720773,15:00:00,900.0,何文田亞皆老街122號旺角大廈,觀塘,22.3199861101783,114.175895532835,16:55:00,1015.0,2019-12-17,2022-08-01,,,2030-12-31,True,115.0,0,1
SR3032,乘客314,NWC,手杖,訓練,245,"['Tue', 'Thu', 'Fri']",福塘道4號啟能康復大樓基督教家庭服務中心,觀塘,22.3118059268488,114.228805720773,15:00:00,900.0,牛頭角樂華北邨普華樓,觀塘,22.3220050755295,114.22044711374,15:20:00,920.0,2022-12-06,2022-08-01,,,2033-12-31,True,20.0,0,1
SR3032,乘客315,NWC,手杖,就診,135,"['Mon', 'Wed', 'Fri']",福塘道4號啟能康復大樓基督教家庭服務中心,觀塘,22.3118059268488,114.228805720773,15:00:00,900.0,牛頭角上邨常逸樓(停車場出口),觀塘,22.3188943710829,114.217279305595,15:35:00,935.0,2023-03-14,2022-08-01,,,2033-12-31,True,35.0,0,1
SR3032,乘客316,NWC,手杖,治療,135,"['Mon', 'Wed', 'Fri']",福塘道4號啟能康復大樓基督教家庭服務中心,觀塘,22.3118059268488,114.228805720773,15:00:00,900.0,九龍灣宏照道啟業邨閘口前,觀塘,22.3289987128566,114.208194145508,16:05:00,965.0,2026-02-04,2026-04-01,,,,True,65.0,0,1
SR3032,乘客317,NWC,手動輪椅不可過椅,治療,135,"['Mon', 'Wed', 'Fri']",九龍灣臨華街南豐商業中心  (停車場出入口),觀塘,22.3228937737599,114.207553513947,15:45:00,945.0,彩雲邨日月樓(7-11店),觀塘,22.3343122764597,114.214635589151,16:15:00,975.0,2025-02-04,2025-03-01,,,,True,30.0,0,1
SR3032,乘客317跟車,WC,,治療,135,"['Mon', 'Wed', 'Fri']",九龍灣臨華街南豐商業中心  (停車場出入口),觀塘,22.3228937737599,114.207553513947,15:45:00,945.0,彩雲邨日月樓(7-11店),觀塘,22.3343122764597,114.214635589151,16:15:00,975.0,2025-02-04,2025-03-01,,,,True,30.0,1,0
SR3032,乘客318,NWC,電動輪椅,治療,23,"['Tue', 'Wed']",九龍灣臨華街南豐商業中心  (停車場出入口),觀塘,22.3228937737599,114.207553513947,15:45:00,945.0,坪石邨藍石樓(停車場),觀塘,22.3327869985576,114.209807207357,16:25:00,985.0,2025-04-22,2025-06-01,,,,True,40.0,0,1
SR3032,乘客318跟車,WC,,治療,23,"['Tue', 'Wed']",九龍灣臨華街南豐商業中心  (停車場出入口),觀塘,22.3228937737599,114.207553513947,15:45:00,945.0,坪石邨藍石樓(停車場),觀塘,22.3327869985576,114.209807207357,16:25:00,985.0,2025-04-22,2025-06-01,,,,True,40.0,1,0
SR3041,乘客319,NWC,白手杖,訓練,12345,"['Mon', 'Tue', 'Wed', 'Thu', 'Fri']",秀茂坪曉光街26號曉光護老中心,觀塘,22.3178540300396,114.230836321406,08:10:00,490.0,彩雲邨伴月樓靈實創毅中心,觀塘,22.3332861996755,114.216138210779,09:00:00,540.0,2020-05-25,2022-08-01,,,2030-12-31,True,50.0,0,1
SR3041,乘客320,NWC,手杖,訓練,12345,"['Mon', 'Tue', 'Wed', 'Thu', 'Fri']",秀茂坪曉光街26號曉光護老中心,觀塘,22.3178540300396,114.230836321406,08:10:00,490.0,彩雲邨伴月樓靈實創毅中心,觀塘,22.3332861996755,114.216138210779,09:00:00,540.0,2023-07-28,2024-03-01,,,,True,50.0,0,1
SR3041,乘客321,NWC,手杖,工作,12345,"['Mon', 'Tue', 'Wed', 'Thu', 'Fri']",彩虹邨紅萼樓(近垃圾站),黃大仙,22.3367943926575,114.205820355215,08:25:00,505.0,彩雲邨伴月樓靈實創毅中心,黃大仙,22.3332861996755,114.216138210779,09:00:00,540.0,2024-01-17,2024-03-01,,,,True,35.0,0,1
SR3041,乘客322,NWC,手杖;腳架,訓練,135,"['Mon', 'Wed', 'Fri']",斧山道宏景花園,黃大仙,22.3413190303914,114.207756993871,08:45:00,525.0,彩雲邨伴月樓靈實創毅中心,黃大仙,22.3332861996755,114.216138210779,09:00:00,540.0,2024-08-29,2024-10-01,,,,True,15.0,0,1
SR3041,乘客323,NWC,電動輪椅;手動輪椅不可過椅,訓練,12345,"['Mon', 'Tue', 'Wed', 'Thu', 'Fri']",富山邨富信樓(近消防閘口),黃大仙,22.3426313659486,114.20880131538,08:50:00,530.0,彩雲邨伴月樓靈實創毅中心,黃大仙,22.3332861996755,114.216138210779,09:00:00,540.0,2002-08-19,2022-08-01,,,2033-12-31,True,10.0,0,1
SR3041,乘客324,WC,手杖,訓練,12345,"['Mon', 'Tue', 'Wed', 'Thu', 'Fri']",彩雲邨日月樓(7-11店),黃大仙,22.3343122764597,114.214635589151,09:05:00,545.0,牛頭角功樂道2號香港心理衛生會賽馬會大樓,黃大仙,22.3173085960269,114.222380189506,09:25:00,565.0,2011-02-23,2022-08-01,,,2026-12-31,True,20.0,1,0
SR3042,乘客325,NWC,腳架,訓練,12345,"['Mon', 'Tue', 'Wed', 'Thu', 'Fri']",藍田德田邨德盛樓耀能協會德田工場,觀塘,22.3073859320734,114.239077121155,15:10:00,910.0,藍田匯景花園10座(花園內地鐵站D2出口方向),觀塘,22.3071579891354,114.233264286221,15:20:00,920.0,2023-02-09,2022-08-01,,,2033-12-31,True,10.0,0,1
SR3042,乘客326,NWC,電動輪椅,訓練,12345,"['Mon', 'Tue', 'Wed', 'Thu', 'Fri']",藍田德田邨德盛樓耀能協會德田工場,觀塘,22.3073859320734,114.239077121155,15:10:00,910.0,慈雲山慈正邨正怡樓循道衛理楊震晉業中心,觀塘,22.3510733093282,114.201289236573,16:40:00,1000.0,2024-11-28,2025-01-01,,,,True,90.0,0,1
SR3042,乘客327,WC,其他 / 特殊情況,訓練,12345,"['Mon', 'Tue', 'Wed', 'Thu', 'Fri']",翠屏北邨翠梅樓香港心理衛生會觀塘庇護工場,觀塘,22.3159432858224,114.22894173631,16:15:00,975.0,黃大仙下邨龍滿樓,觀塘,22.3387621007529,114.192534286863,17:00:00,1020.0,2018-09-20,2022-08-01,,,2030-12-31,True,45.0,1,0
SR3042,乘客328,NWC,手動輪椅可以過椅,訓練,12345,"['Mon', 'Tue', 'Wed', 'Thu', 'Fri']",翠屏北邨翠梅樓香港心理衛生會觀塘庇護工場,觀塘,22.3159432858224,114.22894173631,16:15:00,975.0,福塘道4號啟能康復大樓基督教家庭服務中心,觀塘,22.3118059268488,114.228805720773,16:20:00,980.0,2020-10-22,2022-08-01,,,2030-12-31,True,5.0,0,1
SR3042,乘客329,WC,其他 / 特殊情況,訓練,1234,"['Mon', 'Tue', 'Wed', 'Thu']",福塘道4號啟能康復大樓基督教家庭服務中心翠業坊,觀塘,22.3117942711562,114.228789989713,16:20:00,980.0,黃大仙下邨龍慧樓,觀塘,22.3398956772892,114.193860077335,17:05:00,1025.0,2025-05-09,2025-07-01,,,,True,45.0,1,0
SR3042,乘客330,NWC,手杖,工作,12345,"['Mon', 'Tue', 'Wed', 'Thu', 'Fri']",伊利沙伯醫院(衛理道入),油尖旺,22.3083860639393,114.174317371751,18:10:00,1090.0,何文田邨適文樓,油尖旺,22.3147113505901,114.183016237532,18:30:00,1110.0,2004-11-09,2022-08-01,,,2026-12-31,True,20.0,0,1
SR3051,乘客331,NWC,手杖,工作,12345,"['Mon', 'Tue', 'Wed', 'Thu', 'Fri']",何文田邨適文樓,九龍城,22.3147113505901,114.183016237532,07:45:00,465.0,伊利沙伯醫院(衛理道入),九龍城,22.3083860639393,114.174317371751,08:00:00,480.0,2004-11-09,2022-08-01,,,2026-12-31,True,15.0,0,1
SR3051,乘客332,NWC,其他 / 特殊情況,訓練,12345,"['Mon', 'Tue', 'Wed', 'Thu', 'Fri']",香港九龍城福佬村道25號,九龍城,22.3281545182381,114.187543766129,08:15:00,495.0,安秀道23號安泰邨服務設施大樓,觀塘,22.3252464981736,114.231040191223,09:20:00,560.0,2023-08-08,2023-09-01,,,,True,65.0,0,1
SR3051,乘客332跟車,NWC,,訓練,12345,"['Mon', 'Tue', 'Wed', 'Thu', 'Fri']",香港九龍城福佬村道25號,九龍城,22.3281545182381,114.187543766129,08:15:00,495.0,安秀道23號安泰邨服務設施大樓,觀塘,22.3252464981736,114.231040191223,09:20:00,560.0,2023-08-08,2023-09-01,,,,True,65.0,0,1
SR3051,乘客333,NWC,手杖,訓練,12345,"['Mon', 'Tue', 'Wed', 'Thu', 'Fri']",黃大仙下邨龍慧樓,黃大仙,22.3398956772892,114.193860077335,08:25:00,505.0,安秀道23號安泰邨服務設施大樓 (聖雅各忻悅中心),黃大仙,22.3253866507369,114.23050724649,09:20:00,560.0,2021-02-01,2022-08-01,,,2031-12-31,True,55.0,0,1
SR3051,乘客334,NWC,手杖,訓練,12345,"['Mon', 'Tue', 'Wed', 'Thu', 'Fri']",黃大仙下邨龍慧樓,黃大仙,22.3398956772892,114.193860077335,08:25:00,505.0,安秀道23號安泰邨服務設施大樓,黃大仙,22.3252464981736,114.231040191223,09:20:00,560.0,2025-04-09,2025-05-01,,,,True,55.0,0,1
SR3051,乘客335,NWC,手動輪椅不可過椅,訓練,12345,"['Mon', 'Tue', 'Wed', 'Thu', 'Fri']",鑽石山星河明居(閘口過避車處),黃大仙,22.3410683151834,114.202693678614,08:35:00,515.0,安秀道23號安泰邨服務設施大樓,黃大仙,22.3252464981736,114.231040191223,09:20:00,560.0,2025-07-05,2025-09-01,,,,True,45.0,0,1
SR3051,乘客336,WC,其他 / 特殊情況,訓練,12345,"['Mon', 'Tue', 'Wed', 'Thu', 'Fri']",彩虹邨紅萼樓(近垃圾站),黃大仙,22.3367943926575,114.205820355215,08:45:00,525.0,翠屏北邨翠梅樓香港心理衛生會觀塘庇護工場,黃大仙,22.3159432858224,114.22894173631,09:05:00,545.0,2010-07-15,2022-08-01,,,2026-12-31,True,20.0,1,0
SR3051,乘客337,NWC,手杖,訓練,12345,"['Mon', 'Tue', 'Wed', 'Thu', 'Fri']",坪石邨藍石樓(停車場),觀塘,22.3327869985576,114.209807207357,08:50:00,530.0,藍田德田邨德盛樓耀能協會德田工場,觀塘,22.3073859320734,114.239077121155,10:10:00,610.0,2003-08-19,2022-08-01,,,2033-12-31,True,80.0,0,1
SR3051,乘客338,NWC,不需輔助工具,訓練,12345,"['Mon', 'Tue', 'Wed', 'Thu', 'Fri']",坪石邨藍石樓(停車場),觀塘,22.3327869985576,114.209807207357,08:50:00,530.0,藍田德田邨德盛樓耀能協會德田工場,觀塘,22.3073859320734,114.239077121155,10:10:00,610.0,2023-07-28,2023-08-01,,,,True,80.0,0,1
SR3051,乘客339,NWC,手動輪椅不可過椅,訓練,12345,"['Mon', 'Tue', 'Wed', 'Thu', 'Fri']",油塘邨貴塘樓（入閘）,觀塘,22.2980659854337,114.238453850571,09:40:00,580.0,藍田德田邨德欣樓救世軍展能中心,觀塘,22.308409444856,114.239758498651,10:15:00,615.0,2025-11-27,2026-01-01,,,,True,35.0,0,1
SR3051,乘客340,WC,電動輪椅,訓練,12345,"['Mon', 'Tue', 'Wed', 'Thu', 'Fri']",油塘邨榮塘樓與華塘樓中間(入閘),觀塘,22.2990330583806,114.238115909599,09:45:00,585.0,安秀道23號安泰邨服務設施大樓 (聖雅各忻悅中心),觀塘,22.3253866507369,114.23050724649,10:35:00,635.0,2019-07-30,2022-08-01,,,2029-12-31,True,50.0,1,0
SR3051,乘客341,WC,其他 / 特殊情況,訓練,12345,"['Mon', 'Tue', 'Wed', 'Thu', 'Fri']",油塘油麗邨盈麗樓,觀塘,22.3003527844432,114.236569500349,09:50:00,590.0,藍田德田邨德欣樓救世軍展能中心,觀塘,22.308409444856,114.239758498651,10:15:00,615.0,2025-07-08,2025-09-01,,,,True,25.0,1,0
SR3051,乘客342,NWC,其他 / 特殊情況,訓練,12345,"['Mon', 'Tue', 'Wed', 'Thu', 'Fri']",藍田麗港城第1期第6座,觀塘,22.3066986571901,114.227154156417,10:00:00,600.0,藍田德田邨德欣樓救世軍展能中心,觀塘,22.308409444856,114.239758498651,10:15:00,615.0,2025-09-05,2025-11-01,,,,True,15.0,0,1
SR3051,乘客342跟車,NWC,,訓練,12345,"['Mon', 'Tue', 'Wed', 'Thu', 'Fri']",藍田麗港城第1期第6座,觀塘,22.3066986571901,114.227154156417,10:00:00,600.0,藍田德田邨德欣樓救世軍展能中心,觀塘,22.308409444856,114.239758498651,10:15:00,615.0,2025-09-05,2025-11-01,,,,True,15.0,0,1
SR3052,乘客343,NWC,其他 / 特殊情況,訓練,12345,"['Mon', 'Tue', 'Wed', 'Thu', 'Fri']",禾輋邨民和樓香港耀能協會禾輋工場,沙田,22.3896818562553,114.195226190129,15:00:00,900.0,大圍豐盛苑富盛閣(入閘),沙田,22.3723072231528,114.188702182039,15:35:00,935.0,2017-05-12,2024-12-01,,,2026-12-31,True,35.0,0,1
SR3052,乘客344,NWC,其他 / 特殊情況,訓練,12345,"['Mon', 'Tue', 'Wed', 'Thu', 'Fri']",禾輋邨民和樓香港耀能協會禾輋工場,沙田,22.3896818562553,114.195226190129,15:00:00,900.0,崗背街1-3號花園城2期雅翠苑,沙田,22.3810277202227,114.196401513571,16:05:00,965.0,2021-05-31,2022-08-01,,,2031-12-31,True,65.0,0,1
SR3052,乘客345,NWC,其他 / 特殊情況,訓練,12345,"['Mon', 'Tue', 'Wed', 'Thu', 'Fri']",瀝源邨榮瑞樓唐氏綜合症協會卓業中心,沙田,22.3852687392622,114.191284794365,15:25:00,925.0,美林邨美桃樓B座,沙田,22.377796488264,114.177529901391,15:55:00,955.0,2003-12-15,2022-08-01,,,2026-12-31,True,30.0,0,1
SR3052,乘客346,NWC,手杖,訓練,12345,"['Mon', 'Tue', 'Wed', 'Thu', 'Fri']",瀝源邨榮瑞樓唐氏綜合症協會卓業中心,沙田,22.3852687392622,114.191284794365,15:25:00,925.0,馬鞍山頌安商場(的士站近麥當勞),沙田,22.4224903946955,114.226786126365,16:30:00,990.0,2021-11-01,2022-08-01,,,2031-12-31,True,65.0,0,1
SR3052,乘客347,NWC,手杖,訓練,12345,"['Mon', 'Tue', 'Wed', 'Thu', 'Fri']",瀝源邨榮瑞樓唐氏綜合症協會卓業中心,沙田,22.3852687392622,114.191284794365,15:25:00,925.0,沙田灰窰下村窰圍街 (迴旋處小巴站),沙田,22.3763135359605,114.196941142664,16:15:00,975.0,2025-02-03,2025-03-01,,,,True,50.0,0,1
SR3052,乘客348,NWC,其他 / 特殊情況,就診,12345,"['Mon', 'Tue', 'Wed', 'Thu', 'Fri']",馬鞍山恆安邨恆海樓(垃圾站),沙田,22.4160924293129,114.227907744528,16:40:00,1000.0,富豪花園豪華閣,沙田,22.3853483215162,114.199297110418,17:00:00,1020.0,2015-11-26,2022-08-01,,,2026-12-31,True,20.0,0,1
SR3061,乘客349,NWC,電動輪椅,工作,12345,"['Mon', 'Tue', 'Wed', 'Thu', 'Fri']",藍田匯景花園1座,觀塘,22.3069768548009,114.233627178426,07:15:00,435.0,何文田迦密村街何文田政府合署,觀塘,22.3148270097878,114.180257586167,08:10:00,490.0,2014-08-01,2022-08-01,,,2026-12-31,True,55.0,0,1
SR3061,乘客349跟車,WC,,工作,12345,"['Mon', 'Tue', 'Wed', 'Thu', 'Fri']",藍田匯景花園1座,觀塘,22.3069768548009,114.233627178426,07:15:00,435.0,何文田迦密村街何文田政府合署,觀塘,22.3148270097878,114.180257586167,08:10:00,490.0,2014-08-01,2022-08-01,,,2026-12-31,True,55.0,1,0
SR3061,乘客350,NWC,腳架,工作,12345,"['Mon', 'Tue', 'Wed', 'Thu', 'Fri']",黃大仙下邨龍達樓,黃大仙,22.3398327358775,114.195621260254,07:35:00,455.0,何文田牧愛街房屋署(停車場口),黃大仙,22.3152737116199,114.180853117543,08:00:00,480.0,2002-08-19,2022-08-01,,,2029-12-31,True,25.0,0,1
SR3061,乘客351,NWC,其他 / 特殊情況,上學,12345,"['Mon', 'Tue', 'Wed', 'Thu', 'Fri']",何文田邨適文樓,九龍城,22.3147113505901,114.183016237532,07:50:00,470.0,安達臣道301號靈實恩光學校,九龍城,22.3214554498288,114.244014640255,09:30:00,570.0,2024-08-20,2024-10-01,,,,True,100.0,0,1
SR3061,乘客351跟車,NWC,,上學,12345,"['Mon', 'Tue', 'Wed', 'Thu', 'Fri']",何文田邨適文樓,九龍城,22.3147113505901,114.183016237532,07:50:00,470.0,安達臣道301號靈實恩光學校,九龍城,22.3214554498288,114.244014640255,09:30:00,570.0,2024-08-20,2024-10-01,,,,True,100.0,0,1
SR3061,乘客352,NWC,嬰兒手推車型輪椅,上學,12345,"['Mon', 'Tue', 'Wed', 'Thu', 'Fri']",何文田忠孝街欣圖軒 (近巴士站),九龍城,22.3158267120949,114.180440519236,08:05:00,485.0,安達臣道301號靈實恩光學校,九龍城,22.3214554498288,114.244014640255,09:30:00,570.0,2019-07-10,2022-08-01,,,2033-12-31,True,85.0,0,1
SR3061,乘客352跟車,WC,,上學,12345,"['Mon', 'Tue', 'Wed', 'Thu', 'Fri']",何文田忠孝街欣圖軒 (近巴士站),九龍城,22.3158267120949,114.180440519236,08:05:00,485.0,安達臣道301號靈實恩光學校,九龍城,22.3214554498288,114.244014640255,09:30:00,570.0,2019-07-10,2022-08-01,,,2033-12-31,True,85.0,1,0
SR3061,乘客353,NWC,手推架;腳架;手動輪椅可以過椅,上學,12345,"['Mon', 'Tue', 'Wed', 'Thu', 'Fri']",新蒲崗越秀廣場,黃大仙,22.3339149223098,114.195509048102,08:25:00,505.0,安達臣道301號靈實恩光學校,黃大仙,22.3214554498288,114.244014640255,09:30:00,570.0,2025-10-30,2025-12-01,,,,True,65.0,0,1
SR3061,乘客353跟車,WC,,上學,12345,"['Mon', 'Tue', 'Wed', 'Thu', 'Fri']",新蒲崗越秀廣場,黃大仙,22.3339149223098,114.195509048102,08:25:00,505.0,安達臣道301號靈實恩光學校,黃大仙,22.3214554498288,114.244014640255,09:30:00,570.0,2025-10-30,2025-12-01,,,,True,65.0,1,0
SR3061,乘客354,NWC,其他 / 特殊情況,上學,12345,"['Mon', 'Tue', 'Wed', 'Thu', 'Fri']",翠竹花園11座(近巴士總站),黃大仙,22.3463060460727,114.187428966754,08:50:00,530.0,安達臣道301號靈實恩光學校,黃大仙,22.3214554498288,114.244014640255,09:30:00,570.0,2018-07-03,2024-03-01,,,2033-12-31,True,40.0,0,1
SR3061,乘客354跟車,NWC,,上學,12345,"['Mon', 'Tue', 'Wed', 'Thu', 'Fri']",翠竹花園11座(近巴士總站),黃大仙,22.3463060460727,114.187428966754,08:50:00,530.0,安達臣道301號靈實恩光學校,黃大仙,22.3214554498288,114.244014640255,09:30:00,570.0,2018-07-03,2024-03-01,,,2033-12-31,True,40.0,0,1
SR3061,乘客355,NWC,手動輪椅不可過椅,上學,12345,"['Mon', 'Tue', 'Wed', 'Thu', 'Fri']",彩虹邨錦雲樓,黃大仙,22.3368521565974,114.205018834871,09:05:00,545.0,安達臣道301號靈實恩光學校,黃大仙,22.3214554498288,114.244014640255,09:30:00,570.0,2023-07-25,2024-12-01,,,,True,25.0,0,1
SR3061,乘客355跟車,WC,,上學,12345,"['Mon', 'Tue', 'Wed', 'Thu', 'Fri']",彩虹邨錦雲樓,黃大仙,22.3368521565974,114.205018834871,09:05:00,545.0,安達臣道301號靈實恩光學校,黃大仙,22.3214554498288,114.244014640255,09:30:00,570.0,2023-07-25,2024-12-01,,,,True,25.0,1,0
SR3062,乘客356,NWC,其他 / 特殊情況,訓練,12345,"['Mon', 'Tue', 'Wed', 'Thu', 'Fri']",紅磡黃埔花園明愛樂然展能中心(德定街小巴總站),九龍城,22.3047972623069,114.190699873669,15:25:00,925.0,土瓜灣落山道富裕閣(錶位),九龍城,22.3180997828583,114.186918509527,15:55:00,955.0,2016-05-28,2022-08-01,,,2026-12-31,True,30.0,0,1
SR3062,乘客357,NWC,手動輪椅不可過椅,訓練,12345,"['Mon', 'Tue', 'Wed', 'Thu', 'Fri']",紅磡黃埔花園明愛樂然展能中心(德定街小巴總站),九龍城,22.3047972623069,114.190699873669,15:25:00,925.0,紅磡機利士南路63號合義樓(近巴士站),九龍城,22.3075833907925,114.184791042927,15:35:00,935.0,2021-01-15,2022-08-01,,,2031-12-31,True,10.0,0,1
SR3062,乘客358,WC,手杖,訓練,12345,"['Mon', 'Tue', 'Wed', 'Thu', 'Fri']",紅磡黃埔花園明愛樂然展能中心(德定街小巴總站),九龍城,22.3047972623069,114.190699873669,15:25:00,925.0,旺角彌敦道636號銀行中心,九龍城,22.3184906702207,114.169907594104,16:35:00,995.0,2022-07-05,2022-08-01,,,2032-12-31,True,70.0,1,0
SR3062,乘客359,NWC,其他 / 特殊情況,訓練,12345,"['Mon', 'Tue', 'Wed', 'Thu', 'Fri']",何文田常康街51號耀能協會盛康園(閘口),九龍城,22.3202049408109,114.182679177075,16:05:00,965.0,何文田太子道西310A嘉樂園,九龍城,22.3269397472309,114.183801404833,16:50:00,1010.0,2015-10-06,2022-08-01,,,2030-12-31,True,45.0,0,1
SR3062,乘客360,NWC,手動輪椅不可過椅;手杖,訓練,12345,"['Mon', 'Tue', 'Wed', 'Thu', 'Fri']",何文田常康街51號耀能協會盛康園(閘口),九龍城,22.3202049408109,114.182679177075,16:05:00,965.0,何文田邨景文樓,九龍城,22.3180915429257,114.180709344994,16:10:00,970.0,2014-12-22,2022-08-01,,,2032-12-31,True,5.0,0,1
SR3062,乘客361,WC,手動輪椅不可過椅,訓練,12345,"['Mon', 'Tue', 'Wed', 'Thu', 'Fri']",何文田常康街51號耀能協會盛康園(閘口),九龍城,22.3202049408109,114.182679177075,16:05:00,965.0,何文田邨景文樓,九龍城,22.3180915429257,114.180709344994,16:10:00,970.0,2025-01-22,2025-03-01,,,,True,5.0,1,0
SR3062,乘客362,WC,手推架,訓練,12345,"['Mon', 'Tue', 'Wed', 'Thu', 'Fri']",何文田常康街51號耀能協會盛康園(閘口),九龍城,22.3202049408109,114.182679177075,16:05:00,965.0,何文田愛民邨建民樓,九龍城,22.3123313521932,114.179365077339,16:20:00,980.0,2024-12-09,2025-01-01,,,,True,15.0,1,0
SR3062,乘客363,NWC,手杖,工作,12345,"['Mon', 'Tue', 'Wed', 'Thu', 'Fri']",藍田復康徑7號藍田綜合中心,觀塘,22.3080382817291,114.23042037906,17:20:00,1040.0,寶達邨巴士總站(迴旋處),觀塘,22.3178571640076,114.236379579172,17:35:00,1055.0,2010-08-30,2022-08-01,,,2032-12-31,True,15.0,0,1
SR3062,乘客364,NWC,電動輪椅,工作,12345,"['Mon', 'Tue', 'Wed', 'Thu', 'Fri']",將軍澳政府合署,將軍澳,22.3048196488232,114.256936958886,18:00:00,1080.0,大圍新翠商場,將軍澳,22.3696964258972,114.181226898263,18:45:00,1125.0,2025-08-19,2025-10-01,,,,True,45.0,0,1
SR3071,乘客365,WC,電動輪椅,工作,12345,"['Mon', 'Tue', 'Wed', 'Thu', 'Fri']",麗瑤邨貴瑤樓,葵涌,22.3534104177219,114.131967617552,07:15:00,435.0,旺角深旺道1號匯豐中心(奧運巴士總站),葵涌,22.3186856075281,114.16071936992,07:40:00,460.0,2025-09-06,2025-10-01,,,,True,25.0,1,0
SR3071,乘客366,WC,其他 / 特殊情況,工作,12345,"['Mon', 'Tue', 'Wed', 'Thu', 'Fri']",富昌邨富萊樓,深水埗,22.3289881070813,114.154024581654,07:50:00,470.0,長沙灣道303號政府合署大樓,深水埗,22.3319248130452,114.160629481343,08:00:00,480.0,2022-11-17,2022-08-01,,,2032-12-31,True,10.0,1,0
SR3071,乘客367,NWC,手杖,訓練,12345,"['Mon', 'Tue', 'Wed', 'Thu', 'Fri']",旺角登打士街1號智選假日酒店,油尖旺,22.3149430464249,114.167319575005,08:15:00,495.0,南昌街332號新生精神康復會工場(入大閘),油尖旺,22.3385267002217,114.168272698843,08:55:00,535.0,2025-09-26,2025-11-01,,,,True,40.0,0,1
SR3071,乘客368,NWC,其他 / 特殊情況,訓練,12345,"['Mon', 'Tue', 'Wed', 'Thu', 'Fri']",太子大南街德誠居,油尖旺,22.3240810181963,114.167465539167,08:25:00,505.0,李鄭屋邨道德樓心理衛生會李鄭屋工場,油尖旺,22.3396314422768,114.158737309022,08:35:00,515.0,2025-07-30,2025-09-01,,,,True,10.0,0,1
SR3071,乘客369,NWC,其他 / 特殊情況,訓練,12345,"['Mon', 'Tue', 'Wed', 'Thu', 'Fri']",深水埗李鄭屋邨道德樓,深水埗,22.3395370413576,114.158747888305,08:35:00,515.0,荔景山路200號救世軍荔景院,深水埗,22.3450479206061,114.127917588699,09:50:00,590.0,2024-06-13,2024-09-01,,,,True,75.0,0,1
SR3071,乘客370,NWC,手杖,訓練,12345,"['Mon', 'Tue', 'Wed', 'Thu', 'Fri']",石硤尾偉倫街 (近12號小巴站),深水埗,22.3348696584651,114.167354009249,09:25:00,565.0,荔枝嶺路31號明愛賽馬會荔景中心,深水埗,22.3457368930055,114.131738690038,10:00:00,600.0,2025-10-27,2025-12-01,,,,True,35.0,0,1
SR3071,乘客371,NWC,其他 / 特殊情況,訓練,12345,"['Mon', 'Tue', 'Wed', 'Thu', 'Fri']",石硤尾邨6期美柏樓(石硤尾街上落),深水埗,22.3313481838745,114.166777789668,09:30:00,570.0,荔景山路200號救世軍荔景院,深水埗,22.3450479206061,114.127917588699,09:50:00,590.0,2020-07-03,2022-08-01,,,2030-12-31,True,20.0,0,1
SR3071,乘客372,NWC,其他 / 特殊情況,訓練,12345,"['Mon', 'Tue', 'Wed', 'Thu', 'Fri']",石硤尾邨6期美柏樓(石硤尾街上落),深水埗,22.3313481838745,114.166777789668,09:30:00,570.0,荔景山路200號救世軍荔景院,深水埗,22.3450479206061,114.127917588699,09:50:00,590.0,2020-07-02,2022-08-01,,,2030-12-31,True,20.0,0,1
SR3071,乘客372跟車,NWC,,訓練,12345,"['Mon', 'Tue', 'Wed', 'Thu', 'Fri']",石硤尾邨6期美柏樓(石硤尾街上落),深水埗,22.3313481838745,114.166777789668,09:30:00,570.0,荔景山路200號救世軍荔景院,深水埗,22.3450479206061,114.127917588699,09:50:00,590.0,2020-07-02,2022-08-01,,,2030-12-31,True,20.0,0,1
SR3072,乘客373,NWC,電動輪椅,訓練,12345,"['Mon', 'Tue', 'Wed', 'Thu', 'Fri']",禾輋邨民和樓香港耀能協會禾輋工場,沙田,22.3896818562553,114.195226190129,15:00:00,900.0,樂富邨宏康樓(小巴站後),沙田,22.3390754353478,114.186997761219,15:35:00,935.0,2013-12-02,2022-08-01,,,2029-12-31,True,35.0,0,1
SR3072,乘客374,WC,手杖,訓練,12345,"['Mon', 'Tue', 'Wed', 'Thu', 'Fri']",禾輋邨民和樓香港耀能協會禾輋工場,沙田,22.3896818562553,114.195226190129,15:00:00,900.0,竹園南邨貴園樓,沙田,22.3440152687876,114.190796413412,15:25:00,925.0,2022-09-13,2022-08-01,,,2032-12-31,True,25.0,1,0
SR3072,乘客375,NWC,不需輔助工具,訓練,12345,"['Mon', 'Tue', 'Wed', 'Thu', 'Fri']",禾輋邨民和樓香港耀能協會禾輋工場,沙田,22.3896818562553,114.195226190129,15:00:00,900.0,東頭邨振東樓,沙田,22.3356552956895,114.192918624929,15:45:00,945.0,2023-07-25,2023-08-01,,,,True,45.0,0,1
SR3072,乘客376,NWC,其他 / 特殊情況,訓練,12345,"['Mon', 'Tue', 'Wed', 'Thu', 'Fri']",梨木樹邨5座,荃灣,22.3790526829252,114.134743807776,16:10:00,970.0,寧峰苑(梨木道梯口),荃灣,22.3724289324554,114.138358519704,16:20:00,980.0,2002-08-19,2022-08-01,,,2029-12-31,True,10.0,0,1
SR3072,乘客377,NWC,手杖,訓練,12345,"['Mon', 'Tue', 'Wed', 'Thu', 'Fri']",梨木樹邨5座,荃灣,22.3790526829252,114.134743807776,16:10:00,970.0,綠楊新邨S座,荃灣,22.372725423362,114.121508526724,16:35:00,995.0,2024-03-21,2024-04-01,,,,True,25.0,0,1
SR3072,乘客377跟車,NWC,,訓練,12345,"['Mon', 'Tue', 'Wed', 'Thu', 'Fri']",梨木樹邨5座,荃灣,22.3790526829252,114.134743807776,16:10:00,970.0,綠楊新邨S座,荃灣,22.372725423362,114.121508526724,16:35:00,995.0,2024-03-21,2024-04-01,,,,True,25.0,0,1
SR3072,乘客378,NWC,其他 / 特殊情況,訓練,12345,"['Mon', 'Tue', 'Wed', 'Thu', 'Fri']",石圍角邨扶康會石圍角工場（2號停車場）,荃灣,22.3757653825779,114.122868868763,16:40:00,1000.0,荃景圍荃灣中心彩怡之家(入閘平台近OK便利店),荃灣,22.3784794739281,114.107936342715,17:50:00,1070.0,2017-01-04,2022-08-01,,,2026-12-31,True,70.0,0,1
SR3072,乘客379,NWC,手杖,訓練,12345,"['Mon', 'Tue', 'Wed', 'Thu', 'Fri']",石圍角邨扶康會石圍角工場（2號停車場）,荃灣,22.3757653825779,114.122868868763,16:40:00,1000.0,葵涌葵芳邨葵喜樓(停車場閘口),荃灣,22.3593659217159,114.128646941945,17:20:00,1040.0,2014-09-01,2022-08-01,,,2026-12-31,True,40.0,0,1
SR3072,乘客380,NWC,手杖,訓練,12345,"['Mon', 'Tue', 'Wed', 'Thu', 'Fri']",石圍角邨扶康會石圍角工場（2號停車場）,荃灣,22.3757653825779,114.122868868763,16:40:00,1000.0,荃灣青山公路荃灣段405號(福來邨永康樓門口),荃灣,22.3745862381876,114.113288080568,18:00:00,1080.0,2024-07-02,2024-08-01,,,,True,80.0,0,1
SR3072,乘客381,NWC,其他 / 特殊情況,訓練,12345,"['Mon', 'Tue', 'Wed', 'Thu', 'Fri']",石圍角邨石芳樓仁濟醫院盧李佩貞工場,荃灣,22.3745413868958,114.124062087162,16:50:00,1010.0,長安邨安湄樓,荃灣,22.3607659301666,114.105234255033,17:10:00,1030.0,2002-08-19,2022-08-01,,,2026-12-31,True,20.0,0,1
SR3072,乘客382,NWC,手杖,訓練,12345,"['Mon', 'Tue', 'Wed', 'Thu', 'Fri']",石圍角邨石芳樓仁濟醫院盧李佩貞工場,荃灣,22.3745413868958,114.124062087162,16:50:00,1010.0,葵盛東邨盛安樓,荃灣,22.3650299363925,114.126314640073,17:30:00,1050.0,2021-09-07,2022-08-01,,,2031-12-31,True,40.0,0,1
SR3072,乘客383,NWC,白手杖,訓練,12345,"['Mon', 'Tue', 'Wed', 'Thu', 'Fri']",石圍角邨石芳樓仁濟醫院盧李佩貞工場,荃灣,22.3745413868958,114.124062087162,16:50:00,1010.0,葵涌葵芳邨葵喜樓(停車場閘口),荃灣,22.3593659217159,114.128646941945,17:20:00,1040.0,2002-08-19,2022-08-01,,,2026-12-31,True,30.0,0,1
SR3081,乘客384,NWC,電動輪椅,工作,12345,"['Mon', 'Tue', 'Wed', 'Thu', 'Fri']",橫頭磡東道 (近福德祠),黃大仙,22.3414491205266,114.188319509883,07:35:00,455.0,藍田復康徑7號藍田綜合中心,黃大仙,22.3080382817291,114.23042037906,08:35:00,515.0,2024-02-22,2024-03-01,,,,True,60.0,0,1
SR3081,乘客385,WC,手動輪椅可以過椅,上學,12345,"['Mon', 'Tue', 'Wed', 'Thu', 'Fri']",橫頭磡東道 (近福德祠),黃大仙,22.3414491205266,114.188319509883,07:35:00,455.0,藍田復康徑8號香港紅十字會雅麗珊郡主學校,黃大仙,22.3076024450916,114.230544232306,08:30:00,510.0,2025-06-24,2025-09-01,,,,True,55.0,1,0
SR3081,乘客386,WC,手動輪椅不可過椅,工作,12345,"['Mon', 'Tue', 'Wed', 'Thu', 'Fri']",慈雲山慈康邨康潤樓,黃大仙,22.3477095073681,114.20336921319,07:50:00,470.0,觀塘道392號創紀之城6期,黃大仙,22.3135598148604,114.221973146736,08:15:00,495.0,2025-11-04,2025-12-01,,,,True,25.0,1,0
SR3081,乘客387,WC,手動輪椅不可過椅;嬰兒手推車型輪椅,上學,12345,"['Mon', 'Tue', 'Wed', 'Thu', 'Fri']",鑽石山瓊東街1號瓊軒苑A座,黃大仙,22.3411314161805,114.208893530438,08:00:00,480.0,藍田復康徑8號紅十字會雅麗珊學校,黃大仙,22.3074345515783,114.230656003018,08:30:00,510.0,2022-01-07,2022-08-01,,,2032-12-31,True,30.0,1,0
SR3081,乘客388,WC,手動輪椅不可過椅,訓練,12345,"['Mon', 'Tue', 'Wed', 'Thu', 'Fri']",藍田麗港城第1期第6座,觀塘,22.3066986571901,114.227154156417,08:50:00,530.0,新蒲崗大有街萬迪廣場,觀塘,22.3383179327812,114.19903624205,09:20:00,560.0,2023-08-02,2024-12-01,,,,True,30.0,1,0
SR3081,乘客388跟車,WC,,訓練,12345,"['Mon', 'Tue', 'Wed', 'Thu', 'Fri']",藍田麗港城第1期第6座,觀塘,22.3066986571901,114.227154156417,08:50:00,530.0,新蒲崗大有街萬迪廣場,觀塘,22.3383179327812,114.19903624205,09:20:00,560.0,2023-08-02,2024-12-01,,,,True,30.0,1,0
SR3081,乘客389,NWC,不需輔助工具,訓練,12345,"['Mon', 'Tue', 'Wed', 'Thu', 'Fri']",藍田匯景花園12座,觀塘,22.3065753141359,114.232971751106,09:00:00,540.0,新蒲崗大有街萬迪廣場,觀塘,22.3383179327812,114.19903624205,09:20:00,560.0,2023-08-01,2024-12-01,,,,True,20.0,0,1
SR3081,乘客389跟車,NWC,,訓練,12345,"['Mon', 'Tue', 'Wed', 'Thu', 'Fri']",藍田匯景花園12座,觀塘,22.3065753141359,114.232971751106,09:00:00,540.0,新蒲崗大有街萬迪廣場,觀塘,22.3383179327812,114.19903624205,09:20:00,560.0,2023-08-01,2024-12-01,,,,True,20.0,0,1
SR3081,乘客389跟車,NWC,,訓練,12345,"['Mon', 'Tue', 'Wed', 'Thu', 'Fri']",藍田匯景花園12座,觀塘,22.3065753141359,114.232971751106,09:00:00,540.0,新蒲崗大有街萬迪廣場,觀塘,22.3383179327812,114.19903624205,09:20:00,560.0,2023-08-01,2024-12-01,,,,True,20.0,0,1
SR3081,乘客390,NWC,其他 / 特殊情況,訓練,12345,"['Mon', 'Tue', 'Wed', 'Thu', 'Fri']",黃大仙下邨龍滿樓,黃大仙,22.3387621007529,114.192534286863,09:35:00,575.0,翠屏北邨翠梅樓香港心理衛生會觀塘庇護工場,黃大仙,22.3159432858224,114.22894173631,10:10:00,610.0,2018-09-20,2022-08-01,,,2030-12-31,True,35.0,0,1
SR3081,乘客391,NWC,其他 / 特殊情況,訓練,1234,"['Mon', 'Tue', 'Wed', 'Thu']",黃大仙下邨龍慧樓,黃大仙,22.3398956772892,114.193860077335,09:40:00,580.0,福塘道4號啟能康復大樓基督教家庭服務中心翠業坊,黃大仙,22.3117942711562,114.228789989713,10:05:00,605.0,2025-05-09,2025-07-01,,,,True,25.0,0,1
SR3081,乘客392,NWC,電動輪椅,訓練,12345,"['Mon', 'Tue', 'Wed', 'Thu', 'Fri']",彩頤里采頤花園12座,黃大仙,22.3367535874803,114.202094346689,09:50:00,590.0,福塘道4號啟能康復大樓基督教家庭服務中心翠業坊,黃大仙,22.3117942711562,114.228789989713,10:05:00,605.0,2020-09-24,2022-08-01,,,2032-12-31,True,15.0,0,1
SR3082,乘客393,WC,其他 / 特殊情況,訓練,12345,"['Mon', 'Tue', 'Wed', 'Thu', 'Fri']",翠屏北邨翠梅樓香港心理衛生會觀塘庇護工場,觀塘,22.3159432858224,114.22894173631,15:00:00,900.0,彩虹邨紅萼樓(近垃圾站),觀塘,22.3367943926575,114.205820355215,16:45:00,1005.0,2010-07-15,2022-08-01,,,2026-12-31,True,105.0,1,0
SR3082,乘客394,NWC,手杖,訓練,12345,"['Mon', 'Tue', 'Wed', 'Thu', 'Fri']",翠屏北邨翠梅樓香港心理衛生會觀塘庇護工場,觀塘,22.3159432858224,114.22894173631,15:00:00,900.0,藍田平田邨平誠樓(消防閘口),觀塘,22.3061970215183,114.237158031581,15:30:00,930.0,2018-02-07,2022-08-01,,,2028-12-31,True,30.0,0,1
SR3082,乘客395,NWC,其他 / 特殊情況,訓練,12345,"['Mon', 'Tue', 'Wed', 'Thu', 'Fri']",藍田德田邨德盛樓耀能協會德田工場,觀塘,22.3073859320734,114.239077121155,15:20:00,920.0,黃大仙下邨龍滿樓,觀塘,22.3387621007529,114.192534286863,17:20:00,1040.0,2003-08-19,2022-08-01,,,2030-12-31,True,120.0,0,1
SR3082,乘客396,NWC,其他 / 特殊情況,訓練,12345,"['Mon', 'Tue', 'Wed', 'Thu', 'Fri']",藍田德田邨德盛樓耀能協會德田工場,觀塘,22.3073859320734,114.239077121155,15:20:00,920.0,黃大仙東頭村道龍豐樓 (近小巴站),觀塘,22.3393773155834,114.19454774267,17:15:00,1035.0,2017-05-05,2022-08-01,,,2030-12-31,True,115.0,0,1
SR3082,乘客397,NWC,手杖,訓練,12345,"['Mon', 'Tue', 'Wed', 'Thu', 'Fri']",藍田德田邨德盛樓耀能協會德田工場,觀塘,22.3073859320734,114.239077121155,15:20:00,920.0,坪石邨藍石樓(停車場),觀塘,22.3327869985576,114.209807207357,17:00:00,1020.0,2003-08-19,2022-08-01,,,2033-12-31,True,100.0,0,1
SR3082,乘客398,NWC,手動輪椅可以過椅;腳架,訓練,12345,"['Mon', 'Tue', 'Wed', 'Thu', 'Fri']",藍田德田邨德盛樓耀能協會德田工場,觀塘,22.3073859320734,114.239077121155,15:20:00,920.0,黃大仙下邨龍裕樓(閘口),觀塘,22.3398369198445,114.195540570644,17:10:00,1030.0,2019-04-30,2022-08-01,,,2030-12-31,True,110.0,0,1
SR3082,乘客399,WC,電動輪椅,訓練,12345,"['Mon', 'Tue', 'Wed', 'Thu', 'Fri']",藍田德田邨德盛樓耀能協會德田工場,觀塘,22.3073859320734,114.239077121155,15:20:00,920.0,黃大仙東頭村道龍豐樓 (近小巴站),觀塘,22.3397681474209,114.194905979211,17:15:00,1035.0,2022-10-11,2022-08-01,,,2032-12-31,True,115.0,1,0
SR3082,乘客400,WC,不需輔助工具,訓練,12345,"['Mon', 'Tue', 'Wed', 'Thu', 'Fri']",藍田德田邨德盛樓耀能協會德田工場,觀塘,22.3073859320734,114.239077121155,15:20:00,920.0,坪石邨藍石樓(停車場),觀塘,22.3327869985576,114.209807207357,17:00:00,1020.0,2023-07-28,2023-08-01,,,,True,100.0,1,0
SR3082,乘客401,NWC,其他 / 特殊情況,上學,12345,"['Mon', 'Tue', 'Wed', 'Thu', 'Fri']",藍田復康徑8號紅十字會雅麗珊學校,觀塘,22.3074345515783,114.230656003018,15:40:00,940.0,順天邨天韻樓,觀塘,22.3257380285682,114.228084339447,16:00:00,960.0,2013-09-25,2022-08-01,,,2026-12-31,True,20.0,0,1
SR3082,乘客402,NWC,不需輔助工具,上學,12345,"['Mon', 'Tue', 'Wed', 'Thu', 'Fri']",藍田復康徑8號紅十字會雅麗珊學校,觀塘,22.3074345515783,114.230656003018,15:40:00,940.0,彩虹邨綠晶樓,觀塘,22.3345476237415,114.206676821766,16:50:00,1010.0,2022-12-15,2022-08-01,,,2033-12-31,True,70.0,0,1
SR3082,乘客403,NWC,手杖,上學,12345,"['Mon', 'Tue', 'Wed', 'Thu', 'Fri']",藍田復康徑8號紅十字會雅麗珊學校,觀塘,22.3074345515783,114.230656003018,15:40:00,940.0,沐虹街聖公會聖十架小學,觀塘,22.3328910842264,114.204133590077,16:25:00,985.0,2023-07-11,2024-03-01,,,,True,45.0,0,1
SR3082,乘客404,NWC,手杖,上學,12345,"['Mon', 'Tue', 'Wed', 'Thu', 'Fri']",藍田復康徑8號紅十字會雅麗珊學校,觀塘,22.3074345515783,114.230656003018,15:40:00,940.0,沐虹街聖公會聖十架小學,觀塘,22.3328910842264,114.204133590077,16:25:00,985.0,2023-07-11,2024-03-01,,,,True,45.0,0,1
SR3082,乘客405,NWC,手動輪椅不可過椅,上學,12345,"['Mon', 'Tue', 'Wed', 'Thu', 'Fri']",藍田復康徑8號紅十字會雅麗珊學校,觀塘,22.3074345515783,114.230656003018,15:40:00,940.0,啟德沐安街啟福居,觀塘,22.3278015570003,114.203406260603,16:20:00,980.0,2024-08-30,2024-10-01,,,,True,40.0,0,1
SR3091,乘客406,WC,不需輔助工具,上學,12345,"['Mon', 'Tue', 'Wed', 'Thu', 'Fri']",馬鞍山利安邨利豐樓,沙田,22.4249268460408,114.241118217688,07:40:00,460.0,富忠里1號耀能協會賽馬會田綺玲學校,沙田,22.4568945063632,114.17293747176,08:25:00,505.0,2025-07-08,2025-09-01,,,2036-08-31,True,45.0,1,0
SR3091,乘客407,NWC,嬰兒手推車型輪椅,上學,12345,"['Mon', 'Tue', 'Wed', 'Thu', 'Fri']",馬鞍山富寶花園11座,沙田,22.4241648975222,114.23686482088,07:50:00,470.0,富忠里1號耀能協會賽馬會田綺玲學校,沙田,22.4568945063632,114.17293747176,08:25:00,505.0,2025-07-03,2025-09-01,,,2030-08-31,True,35.0,0,1
SR3091,乘客407跟車,WC,,上學,12345,"['Mon', 'Tue', 'Wed', 'Thu', 'Fri']",馬鞍山富寶花園11座,沙田,22.4241648975222,114.23686482088,07:50:00,470.0,富忠里1號耀能協會賽馬會田綺玲學校,沙田,22.4568945063632,114.17293747176,08:25:00,505.0,2025-07-03,2025-09-01,,,2030-08-31,True,35.0,1,0
SR3091,乘客408,NWC,手動輪椅不可過椅,上學,12345,"['Mon', 'Tue', 'Wed', 'Thu', 'Fri']",馬鞍山頌安邨頌德樓(錦豐苑消防閘入),沙田,22.4219218267131,114.22572384594,08:00:00,480.0,富忠里1號耀能協會賽馬會田綺玲學校,沙田,22.4568945063632,114.17293747176,08:25:00,505.0,2024-06-03,2025-09-01,,,,True,25.0,0,1
SR3091,乘客409,WC,手杖,訓練,12345,"['Mon', 'Tue', 'Wed', 'Thu', 'Fri']",富亨邨(巴士總站OK便利店),大埔,22.4580743225304,114.171245660303,09:40:00,580.0,廣福邨廣惠樓匡智慧妍雅集工場,大埔,22.4492097544123,114.174235752166,10:10:00,610.0,2024-08-12,2024-10-01,,,,True,30.0,1,0
SR3091,乘客410,NWC,手杖,訓練,12345,"['Mon', 'Tue', 'Wed', 'Thu', 'Fri']",廣福邨廣智樓,大埔,22.448940815271,114.173101189123,10:00:00,600.0,廣福邨廣惠樓匡智慧妍雅集工場,大埔,22.4492097544123,114.174235752166,10:10:00,610.0,2006-08-16,2022-08-01,,,2026-12-31,True,10.0,0,1
SR3091,乘客411,NWC,手杖,訓練,12345,"['Mon', 'Tue', 'Wed', 'Thu', 'Fri']",廣福邨廣智樓,大埔,22.448940815271,114.173101189123,10:00:00,600.0,廣福邨廣惠樓匡智慧妍雅集工場,大埔,22.4492097544123,114.174235752166,10:10:00,610.0,2006-08-16,2022-08-01,,,2026-12-31,True,10.0,0,1
SR3092,乘客412,NWC,其他 / 特殊情況,訓練,12345,"['Mon', 'Tue', 'Wed', 'Thu', 'Fri']",上水祥龍圍邨服務設施大樓匡智中心(入停車場),北區,22.4947736395863,114.123674830658,15:00:00,900.0,粉嶺祥華邨商場(卸貨區近大昌食品),北區,22.4930283222047,114.140656713938,15:45:00,945.0,2017-12-07,2022-08-01,,,2029-12-31,True,45.0,0,1
SR3092,乘客413,NWC,其他 / 特殊情況,訓練,12345,"['Mon', 'Tue', 'Wed', 'Thu', 'Fri']",上水祥龍圍邨服務設施大樓匡智中心(入停車場),北區,22.4947736395863,114.123674830658,15:00:00,900.0,上水彩園邨彩華樓,北區,22.5004872294032,114.126639106474,15:15:00,915.0,2017-12-05,2022-08-01,,,2027-12-31,True,15.0,0,1
SR3092,乘客414,NWC,其他 / 特殊情況,訓練,12345,"['Mon', 'Tue', 'Wed', 'Thu', 'Fri']",上水祥龍圍邨服務設施大樓匡智中心(入停車場),北區,22.4947736395863,114.123674830658,15:00:00,900.0,上水天平路翠麗花園3座(70K巴士站),北區,22.5088217585183,114.128812851634,15:25:00,925.0,2018-01-10,2022-08-01,,,2028-12-31,True,25.0,0,1
SR3092,乘客415,NWC,不需輔助工具,訓練,135,"['Mon', 'Wed', 'Fri']",上水祥龍圍邨服務設施大樓匡智中心(入停車場),北區,22.4947736395863,114.123674830658,15:00:00,900.0,上水天平邨天怡樓(入閘),北區,22.5042557745893,114.13229999957,15:30:00,930.0,2018-01-02,2022-08-01,,,2028-01-02,True,30.0,0,1
SR3092,乘客416,NWC,其他 / 特殊情況,訓練,12345,"['Mon', 'Tue', 'Wed', 'Thu', 'Fri']",南坑頌雅路松嶺村匡智訓練中心(入閘後轉右),大埔,22.4629730153313,114.173215238748,16:02:00,962.0,富亨邨(巴士總站OK便利店),大埔,22.4580743225304,114.171245660303,16:15:00,975.0,2019-04-10,2022-08-01,,,2029-12-31,True,13.0,0,1
SR3092,乘客417,NWC,電動輪椅,訓練,12345,"['Mon', 'Tue', 'Wed', 'Thu', 'Fri']",南坑頌雅路松嶺村匡智訓練中心(入閘後轉右),大埔,22.4629730153313,114.173215238748,16:02:00,962.0,上水祥龍圍邨服務設施大樓仁濟醫院何德心宿舍(入停車場),大埔,22.4947289794845,114.123583847154,17:30:00,1050.0,2017-05-18,2022-08-01,,,2029-12-31,True,88.0,0,1
SR3092,乘客418,WC,其他 / 特殊情況,上學,12345,"['Mon', 'Tue', 'Wed', 'Thu', 'Fri']",富忠里1號耀能協會賽馬會田綺玲學校,大埔,22.4568945063632,114.17293747176,16:05:00,965.0,粉嶺暉明邨泰暉樓,大埔,22.4811280704035,114.136260617987,17:15:00,1035.0,2025-10-03,2025-11-01,,,,True,70.0,1,0
SR3092,乘客419,NWC,不需輔助工具,上學,12345,"['Mon', 'Tue', 'Wed', 'Thu', 'Fri']",富忠里1號耀能協會賽馬會田綺玲學校,大埔,22.4568945063632,114.17293747176,16:05:00,965.0,華明邨耀明樓,大埔,22.4829931524619,114.141910268811,17:05:00,1025.0,2024-09-19,2024-11-01,,,,True,60.0,0,1
SR3092,乘客420,NWC,其他 / 特殊情況,訓練,12345,"['Mon', 'Tue', 'Wed', 'Thu', 'Fri']",廣福邨廣惠樓匡智慧妍雅集工場,大埔,22.4492097544123,114.174235752166,16:25:00,985.0,上水祥龍圍邨服務設施大樓仁濟醫院何德心宿舍(入停車場),大埔,22.4947289794845,114.123583847154,17:30:00,1050.0,2025-10-16,2025-12-01,,,,True,65.0,0,1
SR3101,乘客421,NWC,手杖,工作,12345,"['Mon', 'Tue', 'Wed', 'Thu', 'Fri']",馬鞍山迎海 (第22座),沙田,22.4301906823916,114.244650754203,07:00:00,420.0,沙田源順圍25號,沙田,22.38154824139,114.207261550696,07:20:00,440.0,2025-04-20,2025-06-01,,,,True,20.0,0,1
SR3101,乘客422,NWC,手動輪椅不可過椅,上學,12345,"['Mon', 'Tue', 'Wed', 'Thu', 'Fri']",大圍隆亨邨樂善堂楊葛小琳中學,沙田,22.3669871429106,114.177775343445,07:30:00,450.0,禾輋邨豐禾里2號耀能協會高福耀學校,沙田,22.3880619400787,114.193646480171,09:10:00,550.0,2025-04-16,2025-06-01,,,,True,100.0,0,1
SR3101,乘客423,WC,手動輪椅可以過椅,上學,12345,"['Mon', 'Tue', 'Wed', 'Thu', 'Fri']",大圍徑口里 (過雙黃線),沙田,22.3644922959154,114.175312558017,07:40:00,460.0,禾輋邨豐禾里2號耀能協會高福耀學校,沙田,22.3880619400787,114.193646480171,09:10:00,550.0,2024-09-19,2024-11-01,,,,True,90.0,1,0
SR3101,乘客423跟車,WC,,上學,12345,"['Mon', 'Tue', 'Wed', 'Thu', 'Fri']",大圍徑口里 (過雙黃線),沙田,22.3644922959154,114.175312558017,07:40:00,460.0,禾輋邨豐禾里2號耀能協會高福耀學校,沙田,22.3880619400787,114.193646480171,09:10:00,550.0,2024-09-19,2024-11-01,,,,True,90.0,1,0
SR3101,乘客424,NWC,手動輪椅不可過椅;嬰兒手推車型輪椅,上學,12345,"['Mon', 'Tue', 'Wed', 'Thu', 'Fri']",馬鞍山保泰街18號天宇海(入閘),沙田,22.4152783336934,114.223743901424,08:00:00,480.0,禾輋邨豐禾里2號耀能協會高福耀學校,沙田,22.3880619400787,114.193646480171,09:10:00,550.0,2025-07-08,2025-09-01,,,,True,70.0,0,1
SR3101,乘客424跟車,WC,,上學,12345,"['Mon', 'Tue', 'Wed', 'Thu', 'Fri']",馬鞍山保泰街18號天宇海(入閘),沙田,22.4152783336934,114.223743901424,08:00:00,480.0,禾輋邨豐禾里2號耀能協會高福耀學校,沙田,22.3880619400787,114.193646480171,09:10:00,550.0,2025-07-08,2025-09-01,,,,True,70.0,1,0
SR3101,乘客425,NWC,其他 / 特殊情況,上學,12345,"['Mon', 'Tue', 'Wed', 'Thu', 'Fri']",馬鞍山嵐岸1座,沙田,22.4114786357961,114.222844172059,08:10:00,490.0,禾輋邨豐禾里2號耀能協會高福耀學校,沙田,22.3880619400787,114.193646480171,09:10:00,550.0,2026-01-14,2026-03-01,,,,True,60.0,0,1
SR3101,乘客426,NWC,腳架,上學,12345,"['Mon', 'Tue', 'Wed', 'Thu', 'Fri']",馬鞍山恆泰路錦泰苑商場,沙田,22.4090228559449,114.221777238375,08:15:00,495.0,禾輋邨豐禾里2號耀能協會高福耀學校,沙田,22.3880619400787,114.193646480171,09:10:00,550.0,2018-02-27,2022-08-01,,,2029-12-31,True,55.0,0,1
SR3101,乘客427,NWC,其他 / 特殊情況,上學,12345,"['Mon', 'Tue', 'Wed', 'Thu', 'Fri']",馬鞍山大水坑村99號(停車場),沙田,22.4063927208446,114.223445537409,08:25:00,505.0,禾輋邨豐禾里2號耀能協會高福耀學校,沙田,22.3880619400787,114.193646480171,09:10:00,550.0,2021-06-30,2022-08-01,,,2031-12-31,True,45.0,0,1
SR3101,乘客428,NWC,電動輪椅,上學,12345,"['Mon', 'Tue', 'Wed', 'Thu', 'Fri']",沙田第一城30座,沙田,22.385707926941,114.204945094297,08:45:00,525.0,禾輋邨豐禾里2號耀能協會高福耀學校,沙田,22.3880619400787,114.193646480171,09:10:00,550.0,2024-12-03,2025-01-01,,,,True,25.0,0,1
SR3101,乘客429,WC,手動輪椅不可過椅,上學,12345,"['Mon', 'Tue', 'Wed', 'Thu', 'Fri']",沙田第一城11座,沙田,22.3876028608795,114.203206732711,08:55:00,535.0,禾輋邨豐禾里2號耀能協會高福耀學校,沙田,22.3880619400787,114.193646480171,09:10:00,550.0,2024-09-11,2024-11-01,,,,True,15.0,1,0
SR3101,乘客430,WC,其他 / 特殊情況,訓練,12345,"['Mon', 'Tue', 'Wed', 'Thu', 'Fri']",新田圍邨富圍樓(近的士站),沙田,22.3699167318393,114.187154397276,09:35:00,575.0,大圍美田邨美景樓基督教懷智服務處美田綜合復康服務中心,沙田,22.3760011226337,114.170048980861,09:55:00,595.0,2010-12-07,2022-08-01,,,2026-12-31,True,20.0,1,0
SR3101,乘客431,NWC,其他 / 特殊情況,訓練,12345,"['Mon', 'Tue', 'Wed', 'Thu', 'Fri']",新田圍邨富圍樓(近的士站),沙田,22.3699167318393,114.187154397276,09:35:00,575.0,新翠邨新芳樓賽馬會匡智工場,沙田,22.3712104827426,114.182084992603,10:05:00,605.0,2011-07-06,2022-08-01,,,2026-12-31,True,30.0,0,1
SR3102,乘客432,NWC,電動輪椅,訓練,12345,"['Mon', 'Tue', 'Wed', 'Thu', 'Fri']",九龍灣臨華街南豐商業中心  (停車場出入口),觀塘,22.3228937737599,114.207553513947,15:00:00,900.0,彩福邨彩歡樓,觀塘,22.3272037926092,114.217850994799,15:25:00,925.0,2024-01-09,2024-03-01,,,,True,25.0,0,1
SR3102,乘客433,WC,手杖;手動輪椅可以過椅,訓練,12345,"['Mon', 'Tue', 'Wed', 'Thu', 'Fri']",九龍灣臨華街南豐商業中心  (停車場出入口),觀塘,22.3228937737599,114.207553513947,15:00:00,900.0,鳳德邨黛鳳樓,觀塘,22.3437863199204,114.201912549513,15:35:00,935.0,2025-09-30,2025-11-01,,,,True,35.0,1,0
SR3102,乘客434,WC,電動輪椅;手動輪椅不可過椅,訓練,24,"['Tue', 'Thu']",九龍灣臨華街南豐商業中心  (停車場出入口),觀塘,22.3228937737599,114.207553513947,15:00:00,900.0,慈雲山慈樂邨樂信樓,觀塘,22.347103294875,114.19928632702,15:45:00,945.0,2025-09-30,2025-11-01,,,,True,45.0,1,0
SR3102,乘客435,WC,腳架;手杖,訓練,12345,"['Mon', 'Tue', 'Wed', 'Thu', 'Fri']",石圍角邨扶康會石圍角工場（2號停車場）,荃灣,22.3757653825779,114.122868868763,16:20:00,980.0,荔景邨樂景樓(近郵局),荃灣,22.3462593581335,114.126590674448,16:55:00,1015.0,2023-11-23,2024-03-01,,,,True,35.0,1,0
SR3102,乘客436,NWC,其他 / 特殊情況,訓練,12345,"['Mon', 'Tue', 'Wed', 'Thu', 'Fri']",石圍角邨石芳樓仁濟醫院盧李佩貞工場,荃灣,22.3745413868958,114.124062087162,16:25:00,985.0,祖堯邨啟勉樓,荃灣,22.347953890482,114.128774520273,16:50:00,1010.0,2012-05-18,2022-08-01,,,2026-12-31,True,25.0,0,1
SR3102,乘客437,NWC,電動輪椅,訓練,12345,"['Mon', 'Tue', 'Wed', 'Thu', 'Fri']",石圍角邨石芳樓仁濟醫院盧李佩貞工場,荃灣,22.3745413868958,114.124062087162,16:25:00,985.0,黃大仙上邨耀善樓,荃灣,22.3427654137339,114.191862317492,17:35:00,1055.0,2002-08-18,2022-08-01,,,2026-12-31,True,70.0,0,1
SR3102,乘客438,WC,手杖;腳架,工作,12345,"['Mon', 'Tue', 'Wed', 'Thu', 'Fri']",白田壩街36-44號信義工業大廈,葵涌,22.3743378567199,114.110097714847,17:10:00,1030.0,牛頭角上邨常榮樓(入閘),葵涌,22.3194180664513,114.21667683058,18:00:00,1080.0,2023-07-31,2024-04-01,,,,True,50.0,1,0
SR3111,乘客439,NWC,其他 / 特殊情況,上學,12345,"['Mon', 'Tue', 'Wed', 'Thu', 'Fri']",將軍澳日出康城領都 (回旋處),將軍澳,22.2943881119807,114.272230585364,07:00:00,420.0,藍田復康徑8號紅十字會雅麗珊學校,將軍澳,22.3074345515783,114.230656003018,08:10:00,490.0,2025-08-27,2025-10-01,,,,True,70.0,0,1
SR3111,乘客440,NWC,不需輔助工具,上學,12345,"['Mon', 'Tue', 'Wed', 'Thu', 'Fri']",將軍澳日出康城10期,將軍澳,22.2936858742744,114.267881449881,07:05:00,425.0,藍田復康徑8號紅十字會雅麗珊學校,將軍澳,22.3074345515783,114.230656003018,08:10:00,490.0,2023-08-08,2025-09-01,,,,True,65.0,0,1
SR3111,乘客441,NWC,手杖,訓練,12345,"['Mon', 'Tue', 'Wed', 'Thu', 'Fri']",將軍澳日出康城路1號LP6,將軍澳,22.2930061548011,114.270273473085,07:10:00,430.0,牛頭角功樂道2號香港心理衛生會賽馬會大樓,將軍澳,22.3173085960269,114.222380189506,08:55:00,535.0,2025-12-03,2026-02-01,,,,True,105.0,0,1
SR3111,乘客442,NWC,電動輪椅;手動輪椅可以過椅,上學,12345,"['Mon', 'Tue', 'Wed', 'Thu', 'Fri']",健明邨健曦樓,將軍澳,22.3056652255567,114.251025430957,07:20:00,440.0,藍田復康徑8號紅十字會雅麗珊學校,將軍澳,22.3074345515783,114.230656003018,08:10:00,490.0,2012-10-16,2022-08-01,,,2033-12-31,True,50.0,0,1
SR3111,乘客443,WC,不需輔助工具,訓練,12345,"['Mon', 'Tue', 'Wed', 'Thu', 'Fri']",健明邨健曦樓,將軍澳,22.3056652255567,114.251025430957,07:20:00,440.0,翠屏北邨翠梅樓香港心理衛生會觀塘庇護工場,將軍澳,22.3159432858224,114.22894173631,08:30:00,510.0,2024-11-04,2024-12-01,,,,True,70.0,1,0
SR3111,乘客444,NWC,其他 / 特殊情況,上學,12345,"['Mon', 'Tue', 'Wed', 'Thu', 'Fri']",怡明邨怡情樓,將軍澳,22.3070533121753,114.263459993628,07:35:00,455.0,藍田復康徑8號紅十字會雅麗珊學校,將軍澳,22.3074345515783,114.230656003018,08:10:00,490.0,2018-09-18,2022-08-01,,,2028-12-31,True,35.0,0,1
SR3111,乘客445,NWC,其他 / 特殊情況,上學,12345,"['Mon', 'Tue', 'Wed', 'Thu', 'Fri']",將軍澳東港城(上落客區),將軍澳,22.3159808014305,114.26517327686,07:45:00,465.0,藍田復康徑8號紅十字會雅麗珊學校,將軍澳,22.3074345515783,114.230656003018,08:10:00,490.0,2021-07-15,2025-10-01,,,2032-12-31,True,25.0,0,1
SR3111,乘客446,NWC,其他 / 特殊情況,訓練,12345,"['Mon', 'Tue', 'Wed', 'Thu', 'Fri']",翠屏南邨翠杏樓(消防閘口),觀塘,22.3123460642954,114.232129571049,08:25:00,505.0,牛頭角功樂道2號香港心理衛生會賽馬會大樓,觀塘,22.3173085960269,114.222380189506,08:55:00,535.0,2002-09-27,2022-08-01,,,2026-12-31,True,30.0,0,1
SR3111,乘客447,NWC,不需輔助工具,訓練,12345,"['Mon', 'Tue', 'Wed', 'Thu', 'Fri']",翠屏南邨翠杏樓(消防閘口),觀塘,22.3123460642954,114.232129571049,08:25:00,505.0,牛頭角功樂道2號香港心理衛生會賽馬會大樓,觀塘,22.3173085960269,114.222380189506,08:55:00,535.0,2023-07-28,2023-08-01,,,,True,30.0,0,1
SR3111,乘客448,NWC,不需輔助工具,訓練,12345,"['Mon', 'Tue', 'Wed', 'Thu', 'Fri']",順天邨天璣樓鄰舍輔導會順天宿舍,觀塘,22.3263147932079,114.225158976235,08:45:00,525.0,牛頭角功樂道2號香港心理衛生會賽馬會大樓,觀塘,22.3173085960269,114.222380189506,08:55:00,535.0,2026-01-08,2026-03-01,,,,True,10.0,0,1
SR3111,乘客449,NWC,不需輔助工具,訓練,12345,"['Mon', 'Tue', 'Wed', 'Thu', 'Fri']",順天邨天璣樓鄰舍輔導會順天宿舍,觀塘,22.3263147932079,114.225158976235,08:45:00,525.0,牛頭角功樂道2號香港心理衛生會賽馬會大樓,觀塘,22.3173085960269,114.222380189506,08:55:00,535.0,2026-01-08,2026-03-01,,,,True,10.0,0,1
SR3111,乘客450,NWC,不需輔助工具,訓練,12345,"['Mon', 'Tue', 'Wed', 'Thu', 'Fri']",牛頭角下邨貴顯樓,觀塘,22.3216401296051,114.215572052848,09:05:00,545.0,牛頭角功樂道2號香港心理衛生會賽馬會大樓,觀塘,22.3173085960269,114.222380189506,10:25:00,625.0,2018-01-10,2022-08-01,,,2028-12-31,True,80.0,0,1
SR3111,乘客451,NWC,手杖;其他 / 特殊情況,訓練,12345,"['Mon', 'Tue', 'Wed', 'Thu', 'Fri']",油塘鯉魚門邨鯉隆樓,觀塘,22.2940457897993,114.239277878007,09:35:00,575.0,牛頭角功樂道2號香港心理衛生會賽馬會大樓,觀塘,22.3173085960269,114.222380189506,10:25:00,625.0,2017-07-04,2022-08-01,,,2030-12-31,True,50.0,0,1
SR3111,乘客452,NWC,其他 / 特殊情況,訓練,12345,"['Mon', 'Tue', 'Wed', 'Thu', 'Fri']",藍田康逸苑康景閣(連德道巴士站),觀塘,22.3105073073285,114.234806186295,09:50:00,590.0,牛頭角功樂道2號香港心理衛生會賽馬會大樓,觀塘,22.3173085960269,114.222380189506,10:25:00,625.0,2011-06-13,2022-08-01,,,2026-12-31,True,35.0,0,1
SR3112,乘客453,NWC,其他 / 特殊情況,訓練,12345,"['Mon', 'Tue', 'Wed', 'Thu', 'Fri']",油塘鯉魚門邨鯉隆樓循道衛理楊震晉朗中心,觀塘,22.293988923552,114.239381747937,15:00:00,900.0,太子界限街12號A興隆大廈,觀塘,22.3262646336246,114.165575568675,16:20:00,980.0,2012-03-26,2022-08-01,,,2026-12-31,True,80.0,0,1
SR3112,乘客454,NWC,其他 / 特殊情況,訓練,12345,"['Mon', 'Tue', 'Wed', 'Thu', 'Fri']",油塘鯉魚門邨鯉隆樓循道衛理楊震晉朗中心,觀塘,22.293988923552,114.239381747937,15:00:00,900.0,牛頭角上邨常興樓(基顯小學),觀塘,22.3182279999626,114.216712290125,15:35:00,935.0,2009-06-26,2024-12-01,,,2026-12-31,True,35.0,0,1
SR3112,乘客455,NWC,其他 / 特殊情況,訓練,12345,"['Mon', 'Tue', 'Wed', 'Thu', 'Fri']",油塘鯉魚門邨鯉隆樓循道衛理楊震晉朗中心,觀塘,22.293988923552,114.239381747937,15:00:00,900.0,翠屏北邨翠柏樓(巴士站近麥當勞),觀塘,22.3141542159942,114.229350666239,15:20:00,920.0,2009-11-19,2024-12-01,,,2026-12-31,True,20.0,0,1
SR3112,乘客456,NWC,電動輪椅;手動輪椅可以過椅,訓練,12345,"['Mon', 'Tue', 'Wed', 'Thu', 'Fri']",油塘鯉魚門邨鯉隆樓循道衛理楊震晉朗中心,觀塘,22.293988923552,114.239381747937,15:00:00,900.0,樂富邨宏樂樓(入巴士總站),觀塘,22.3386285999822,114.18729233108,16:00:00,960.0,2018-09-11,2022-08-01,,,2028-12-31,True,60.0,0,1
SR3112,乘客457,WC,手杖,工作,12345,"['Mon', 'Tue', 'Wed', 'Thu', 'Fri']",油塘鯉魚門邨鯉隆樓循道衛理楊震晉朗中心,觀塘,22.293988923552,114.239381747937,15:00:00,900.0,翠屏北邨翠柳樓(巴士站),觀塘,22.3139853999149,114.229801802158,15:20:00,920.0,2024-09-03,2024-12-01,,,,True,20.0,1,0
SR3112,乘客458,NWC,其他 / 特殊情況,訓練,12345,"['Mon', 'Tue', 'Wed', 'Thu', 'Fri']",李鄭屋邨道德樓心理衛生會李鄭屋工場,深水埗,22.3396314422768,114.158737309022,16:50:00,1010.0,南昌邨昌謙樓,深水埗,22.3268743227501,114.157826221127,17:25:00,1045.0,2017-01-17,2022-08-01,,,2026-12-31,True,35.0,0,1
SR3112,乘客459,NWC,其他 / 特殊情況,訓練,12345,"['Mon', 'Tue', 'Wed', 'Thu', 'Fri']",李鄭屋邨道德樓心理衛生會李鄭屋工場,深水埗,22.3396314422768,114.158737309022,16:50:00,1010.0,元州邨元慧樓(長沙灣道入閘),深水埗,22.3359850054665,114.156982356283,17:15:00,1035.0,2017-01-17,2022-08-01,,,2026-12-31,True,25.0,0,1
SR3112,乘客460,NWC,手動輪椅不可過椅;腳架,訓練,12345,"['Mon', 'Tue', 'Wed', 'Thu', 'Fri']",李鄭屋邨道德樓心理衛生會李鄭屋工場,深水埗,22.3396314422768,114.158737309022,16:50:00,1010.0,元州邨元慧樓(長沙灣道入閘),深水埗,22.3359850054665,114.156982356283,17:15:00,1035.0,2016-03-16,2022-08-01,,,2026-12-31,True,25.0,0,1
SR3112,乘客461,WC,手杖;手動輪椅可以過椅,訓練,12345,"['Mon', 'Tue', 'Wed', 'Thu', 'Fri']",李鄭屋邨道德樓心理衛生會李鄭屋工場,深水埗,22.3396314422768,114.158737309022,16:50:00,1010.0,石硤尾白田邨雅田樓,深水埗,22.3364449645945,114.166934282643,18:00:00,1080.0,2026-01-21,2026-03-01,,,,True,70.0,1,0
SR3112,乘客462,WC,手杖;手動輪椅可以過椅,訓練,12345,"['Mon', 'Tue', 'Wed', 'Thu', 'Fri']",李鄭屋邨道德樓心理衛生會李鄭屋工場,深水埗,22.3396314422768,114.158737309022,16:50:00,1010.0,石硤尾白田邨雅田樓,深水埗,22.3364449645945,114.166934282643,18:00:00,1080.0,2026-01-21,2026-03-01,,,,True,70.0,1,0
SR3112,乘客463,WC,其他 / 特殊情況,訓練,12345,"['Mon', 'Tue', 'Wed', 'Thu', 'Fri']",李鄭屋邨道德樓心理衛生會李鄭屋工場,深水埗,22.3396314422768,114.158737309022,16:50:00,1010.0,太子大南街德誠居,深水埗,22.3240810181963,114.167465539167,17:35:00,1055.0,2025-07-30,2025-09-01,,,,True,45.0,1,0
SR3112,乘客464,NWC,手推架,訓練,12345,"['Mon', 'Tue', 'Wed', 'Thu', 'Fri']",李鄭屋邨道德樓心理衛生會李鄭屋工場,深水埗,22.3396314422768,114.158737309022,16:50:00,1010.0,元州街2號,深水埗,22.3313457674484,114.164583649404,17:45:00,1065.0,2025-11-24,2026-02-01,,,,True,55.0,0,1
SR3121,乘客465,NWC,其他 / 特殊情況,上學,12345,"['Mon', 'Tue', 'Wed', 'Thu', 'Fri']",粉嶺暉明邨泰暉樓,北區,22.4811280704035,114.136260617987,07:00:00,420.0,富忠里1號耀能協會賽馬會田綺玲學校,北區,22.4568945063632,114.17293747176,08:55:00,535.0,2025-10-03,2025-11-01,,,,True,115.0,0,1
SR3121,乘客466,NWC,腳架,上學,12345,"['Mon', 'Tue', 'Wed', 'Thu', 'Fri']",粉嶺坪輋坪輋路2號孔嶺村兒童遊樂場,北區,22.5145776538135,114.167314639331,07:25:00,445.0,富忠里1號耀能協會賽馬會田綺玲學校,北區,22.4568945063632,114.17293747176,08:55:00,535.0,2019-08-15,2022-08-01,,,2029-12-31,True,90.0,0,1
SR3121,乘客467,NWC,電動輪椅,訓練,12345,"['Mon', 'Tue', 'Wed', 'Thu', 'Fri']",上水祥龍圍邨服務設施大樓仁濟醫院何德心宿舍(入停車場),北區,22.4947289794845,114.123583847154,07:50:00,470.0,南坑頌雅路松嶺村匡智訓練中心(入閘後轉右),北區,22.4629730153313,114.173215238748,09:05:00,545.0,2017-05-18,2022-08-01,,,2029-12-31,True,75.0,0,1
SR3121,乘客468,WC,手動輪椅可以過椅,訓練,2345,"['Tue', 'Wed', 'Thu', 'Fri']",上水古洞青山公路7號可愛忠實之家,北區,22.5039433796622,114.100719711071,08:05:00,485.0,大埔太和邨福和樓,北區,22.452271438746,114.160947530472,09:15:00,555.0,2024-06-18,2025-09-01,,,,True,70.0,1,0
SR3121,乘客469,WC,其他 / 特殊情況,訓練,12345,"['Mon', 'Tue', 'Wed', 'Thu', 'Fri']",上水古洞青山公路7號可愛忠實之家,北區,22.5039433796622,114.100719711071,08:05:00,485.0,大埔太和邨福和樓,北區,22.452271438746,114.160947530472,09:15:00,555.0,2025-08-29,2025-10-01,,,,True,70.0,1,0
SR3121,乘客470,NWC,不需輔助工具,上學,1245,"['Mon', 'Tue', 'Thu', 'Fri']",粉嶺置嘉里嘉福商場,北區,22.4928731804992,114.136045826556,08:25:00,505.0,富忠里1號耀能協會賽馬會田綺玲學校,北區,22.4568945063632,114.17293747176,08:55:00,535.0,2024-10-07,2024-11-01,,,,True,30.0,0,1
SR3121,乘客471,NWC,不需輔助工具,上學,12345,"['Mon', 'Tue', 'Wed', 'Thu', 'Fri']",華明邨耀明樓,北區,22.4829931524619,114.141910268811,08:35:00,515.0,富忠里1號耀能協會賽馬會田綺玲學校,北區,22.4568945063632,114.17293747176,08:55:00,535.0,2024-09-19,2024-11-01,,,,True,20.0,0,1
SR3121,乘客472,NWC,其他 / 特殊情況,訓練,12345,"['Mon', 'Tue', 'Wed', 'Thu', 'Fri']",上水彩園邨彩華樓,北區,22.5004872294032,114.126639106474,09:35:00,575.0,上水祥龍圍邨服務設施大樓匡智中心(入停車場),北區,22.4947736395863,114.123674830658,09:40:00,580.0,2017-12-05,2022-08-01,,,2027-12-31,True,5.0,0,1
SR3121,乘客473,NWC,電動輪椅,訓練,12345,"['Mon', 'Tue', 'Wed', 'Thu', 'Fri']",上水祥龍圍邨服務設施大樓仁濟醫院何德心宿舍(入停車場),北區,22.4947289794845,114.123583847154,09:40:00,580.0,天水圍天耀邨耀民樓耀能協會天耀工場,北區,22.4503067538564,114.003433879632,10:30:00,630.0,2017-05-09,2022-08-01,,,2026-12-31,True,50.0,0,1
SR3121,乘客474,WC,手杖,訓練,12345,"['Mon', 'Tue', 'Wed', 'Thu', 'Fri']",上水祥龍圍邨服務設施大樓仁濟醫院何德心宿舍(入停車場),北區,22.4947289794845,114.123583847154,09:40:00,580.0,天水圍天耀邨耀民樓耀能協會天耀工場,北區,22.4503067538564,114.003433879632,10:30:00,630.0,2022-06-29,2022-08-01,,,2032-12-31,True,50.0,1,0
SR3121,乘客475,NWC,電動輪椅,訓練,12345,"['Mon', 'Tue', 'Wed', 'Thu', 'Fri']",上水祥龍圍邨服務設施大樓仁濟醫院何德心宿舍(入停車場),北區,22.4947289794845,114.123583847154,09:40:00,580.0,天水圍天耀邨耀民樓耀能協會天耀工場,北區,22.4503067538564,114.003433879632,10:30:00,630.0,2025-12-15,2026-02-01,,,,True,50.0,0,1
SR3121,乘客476,WC,電動輪椅,訓練,12345,"['Mon', 'Tue', 'Wed', 'Thu', 'Fri']",朗屏邨繡屏樓(消防閘口),元朗,22.4516745552627,114.023656244269,10:15:00,615.0,天水圍天耀邨耀民樓耀能協會天耀工場,元朗,22.4503067538564,114.003433879632,10:30:00,630.0,2009-06-24,2022-08-01,,,2026-12-31,True,15.0,1,0
SR3122,乘客477,WC,白手杖,訓練,12345,"['Mon', 'Tue', 'Wed', 'Thu', 'Fri']",上水太平邨平治樓匡智中心,北區,22.4983155452065,114.126215744769,15:00:00,900.0,大埔新圍仔球場(門口),北區,22.4559049514523,114.162483397351,15:45:00,945.0,2015-05-07,2022-08-01,,,2026-12-31,True,45.0,1,0
SR3122,乘客478,NWC,其他 / 特殊情況,訓練,12345,"['Mon', 'Tue', 'Wed', 'Thu', 'Fri']",粉嶺雍盛苑雍華閣盛愛之家工場(迴旋處),北區,22.4818616335622,114.136814628172,15:10:00,910.0,富善邨善景樓,北區,22.454668477266,114.176608070568,15:35:00,935.0,2019-01-21,2022-08-01,,,2033-12-31,True,25.0,0,1
SR3122,乘客479,NWC,腳架,上學,12345,"['Mon', 'Tue', 'Wed', 'Thu', 'Fri']",富忠里1號耀能協會賽馬會田綺玲學校,大埔,22.4568945063632,114.17293747176,16:05:00,965.0,粉嶺坪輋坪輋路2號孔嶺村兒童遊樂場,大埔,22.5145776538135,114.167314639331,16:35:00,995.0,2019-08-15,2022-08-01,,,2029-12-31,True,30.0,0,1
SR3122,乘客480,NWC,不需輔助工具,上學,1245,"['Mon', 'Tue', 'Thu', 'Fri']",富忠里1號耀能協會賽馬會田綺玲學校,大埔,22.4568945063632,114.17293747176,16:05:00,965.0,粉嶺置嘉里嘉福商場,大埔,22.4928731804992,114.136045826556,17:00:00,1020.0,2024-10-07,2024-11-01,,,,True,55.0,0,1
SR3122,乘客481,NWC,手動輪椅可以過椅,訓練,1234,"['Mon', 'Tue', 'Wed', 'Thu']",大埔太和邨福和樓,大埔,22.452271438746,114.160947530472,16:15:00,975.0,上水古洞青山公路7號可愛忠實之家,大埔,22.5039433796622,114.100719711071,17:25:00,1045.0,2024-06-18,2025-09-01,,,,True,70.0,0,1
SR3122,乘客482,WC,其他 / 特殊情況,訓練,12345,"['Mon', 'Tue', 'Wed', 'Thu', 'Fri']",大埔太和邨福和樓,大埔,22.452271438746,114.160947530472,16:15:00,975.0,上水古洞青山公路7號可愛忠實之家,大埔,22.5039433796622,114.100719711071,17:25:00,1045.0,2025-08-29,2025-10-01,,,,True,70.0,1,0
SR3122,乘客483,NWC,手動輪椅不可過椅,訓練,12345,"['Mon', 'Tue', 'Wed', 'Thu', 'Fri']",粉嶺靈山路23號匡智粉嶺綜合復康中心,北區,22.5000677973979,114.136999148018,16:50:00,1010.0,上水清濤苑入閘（卸貨區）,北區,22.4953718489693,114.128789811765,17:10:00,1030.0,2025-04-08,2025-12-01,,,,True,20.0,0,1
SR3131,乘客484,WC,電動輪椅;手動輪椅不可過椅,訓練,12345,"['Mon', 'Tue', 'Wed', 'Thu', 'Fri']",深水埗大埔道190號五聯大廈,深水埗,22.3319392389072,114.16476062823,08:00:00,480.0,藍田德田邨德盛樓耀能協會德田工場,深水埗,22.3073859320734,114.239077121155,09:40:00,580.0,2025-07-08,2025-09-01,,,2056-01-01,True,100.0,1,0
SR3131,乘客485,WC,嬰兒手推車型輪椅,上學,12345,"['Mon', 'Tue', 'Wed', 'Thu', 'Fri']",深水埗大埔道128號逸華軒,深水埗,22.3297968675137,114.166352349612,08:05:00,485.0,安達臣道301號靈實恩光學校,深水埗,22.3214554498288,114.244014640255,09:55:00,595.0,2024-07-03,2024-09-01,,,,True,110.0,1,0
SR3131,乘客485跟車,WC,,上學,12345,"['Mon', 'Tue', 'Wed', 'Thu', 'Fri']",深水埗大埔道128號逸華軒,深水埗,22.3297968675137,114.166352349612,08:05:00,485.0,安達臣道301號靈實恩光學校,深水埗,22.3214554498288,114.244014640255,09:55:00,595.0,2024-07-03,2024-09-01,,,,True,110.0,1,0
SR3131,乘客486,NWC,手動輪椅不可過椅;其他 / 特殊情況,訓練,12345,"['Mon', 'Tue', 'Wed', 'Thu', 'Fri']",長沙灣怡閣苑(入閘),深水埗,22.3327225953209,114.158083101327,08:25:00,505.0,南山邨南明樓基督教懷智南山中心,深水埗,22.3351490381511,114.172327982211,08:55:00,535.0,2003-01-21,2025-06-01,,,2026-12-31,True,30.0,0,1
SR3131,乘客486跟車,WC,,訓練,12345,"['Mon', 'Tue', 'Wed', 'Thu', 'Fri']",長沙灣怡閣苑(入閘),深水埗,22.3327225953209,114.158083101327,08:25:00,505.0,南山邨南明樓基督教懷智南山中心,深水埗,22.3351490381511,114.172327982211,08:55:00,535.0,2003-01-21,2025-06-01,,,2026-12-31,True,30.0,1,0
SR3131,乘客487,NWC,手動輪椅可以過椅,訓練,12345,"['Mon', 'Tue', 'Wed', 'Thu', 'Fri']",石硤尾邨美益樓,深水埗,22.3343056866932,114.164872997788,08:45:00,525.0,南山邨南明樓基督教懷智南山中心,深水埗,22.3351490381511,114.172327982211,08:55:00,535.0,2016-09-28,2022-08-01,,,2026-12-31,True,10.0,0,1
SR3131,乘客488,WC,手動輪椅不可過椅,上學,12345,"['Mon', 'Tue', 'Wed', 'Thu', 'Fri']",石硤尾邨美益樓,深水埗,22.3343056866932,114.164872997788,09:10:00,550.0,安達臣道301號靈實恩光學校,深水埗,22.3214554498288,114.244014640255,09:55:00,595.0,2019-08-28,2022-08-01,,,2029-12-31,True,45.0,1,0
SR3131,乘客488跟車,WC,,上學,12345,"['Mon', 'Tue', 'Wed', 'Thu', 'Fri']",石硤尾邨美益樓,深水埗,22.3343056866932,114.164872997788,09:10:00,550.0,安達臣道301號靈實恩光學校,深水埗,22.3214554498288,114.244014640255,09:55:00,595.0,2019-08-28,2022-08-01,,,2029-12-31,True,45.0,1,0
SR3132,乘客489,NWC,電動輪椅;手動輪椅不可過椅,訓練,12345,"['Mon', 'Tue', 'Wed', 'Thu', 'Fri']",藍田德田邨德盛樓耀能協會德田工場,觀塘,22.3073859320734,114.239077121155,15:00:00,900.0,深水埗大埔道190號五聯大廈,觀塘,22.3319392389072,114.16476062823,16:20:00,980.0,2025-07-08,2025-09-01,,,2056-01-01,True,80.0,0,1
SR3132,乘客490,WC,其他 / 特殊情況,上學,12345,"['Mon', 'Tue', 'Wed', 'Thu', 'Fri']",安達臣道301號靈實恩光學校,將軍澳,22.3214554498288,114.244014640255,15:10:00,910.0,翠竹花園11座(近巴士總站),將軍澳,22.3463060460727,114.187428966754,15:35:00,935.0,2018-07-03,2024-03-01,,,2033-12-31,True,25.0,1,0
SR3132,乘客490跟車,NWC,,上學,12345,"['Mon', 'Tue', 'Wed', 'Thu', 'Fri']",安達臣道301號靈實恩光學校,將軍澳,22.3214554498288,114.244014640255,15:10:00,910.0,翠竹花園11座(近巴士總站),將軍澳,22.3463060460727,114.187428966754,15:35:00,935.0,2018-07-03,2024-03-01,,,2033-12-31,True,25.0,0,1
SR3132,乘客491,NWC,手動輪椅不可過椅,上學,12345,"['Mon', 'Tue', 'Wed', 'Thu', 'Fri']",安達臣道301號靈實恩光學校,將軍澳,22.3214554498288,114.244014640255,15:10:00,910.0,石硤尾邨美益樓,將軍澳,22.3343056866932,114.164872997788,16:05:00,965.0,2019-08-28,2022-08-01,,,2029-12-31,True,55.0,0,1
SR3132,乘客491跟車,WC,,上學,12345,"['Mon', 'Tue', 'Wed', 'Thu', 'Fri']",安達臣道301號靈實恩光學校,將軍澳,22.3214554498288,114.244014640255,15:10:00,910.0,石硤尾邨美益樓,將軍澳,22.3343056866932,114.164872997788,16:05:00,965.0,2019-08-28,2022-08-01,,,2029-12-31,True,55.0,1,0
SR3132,乘客492,NWC,嬰兒手推車型輪椅,上學,12345,"['Mon', 'Tue', 'Wed', 'Thu', 'Fri']",安達臣道301號靈實恩光學校,將軍澳,22.3214554498288,114.244014640255,15:10:00,910.0,深水埗大埔道128號逸華軒,將軍澳,22.3297968675137,114.166352349612,16:10:00,970.0,2024-07-03,2024-09-01,,,,True,60.0,0,1
SR3132,乘客492跟車,WC,,上學,12345,"['Mon', 'Tue', 'Wed', 'Thu', 'Fri']",安達臣道301號靈實恩光學校,將軍澳,22.3214554498288,114.244014640255,15:10:00,910.0,深水埗大埔道128號逸華軒,將軍澳,22.3297968675137,114.166352349612,16:10:00,970.0,2024-07-03,2024-09-01,,,,True,60.0,1,0
SR3132,乘客493,NWC,手動輪椅可以過椅,訓練,12345,"['Mon', 'Tue', 'Wed', 'Thu', 'Fri']",南山邨南明樓基督教懷智南山中心,深水埗,22.3351490381511,114.172327982211,15:50:00,950.0,荔枝角道236號荔聯大廈慶楠護老院,深水埗,22.3268930685749,114.162932251128,16:30:00,990.0,2021-04-15,2022-08-01,,,2031-12-31,True,40.0,0,1
SR3132,乘客494,WC,手動輪椅可以過椅,訓練,12345,"['Mon', 'Tue', 'Wed', 'Thu', 'Fri']",南山邨南明樓基督教懷智南山中心,深水埗,22.3351490381511,114.172327982211,15:50:00,950.0,石硤尾邨美益樓,深水埗,22.3343056866932,114.164872997788,16:05:00,965.0,2016-09-28,2022-08-01,,,2026-12-31,True,15.0,1,0
SR3132,乘客495,WC,其他 / 特殊情況,工作,12345,"['Mon', 'Tue', 'Wed', 'Thu', 'Fri']",長沙灣道303號政府合署大樓,深水埗,22.3319248130452,114.160629481343,17:10:00,1030.0,富昌邨富萊樓,深水埗,22.3289881070813,114.154024581654,17:20:00,1040.0,2022-11-17,2022-08-01,,,2032-12-31,True,10.0,1,0
SR3132,乘客496,NWC,腳架,工作,12345,"['Mon', 'Tue', 'Wed', 'Thu', 'Fri']",何文田牧愛街房屋署(停車場口),九龍城,22.3152737116199,114.180853117543,18:00:00,1080.0,黃大仙下邨龍達樓,九龍城,22.3398327358775,114.195621260254,18:30:00,1110.0,2002-08-19,2022-08-01,,,2029-12-31,True,30.0,0,1
SR3132,乘客497,NWC,電動輪椅,工作,12345,"['Mon', 'Tue', 'Wed', 'Thu', 'Fri']",何文田迦密村街何文田政府合署,九龍城,22.3148270097878,114.180257586167,18:05:00,1085.0,藍田匯景花園1座,九龍城,22.3069768548009,114.233627178426,18:50:00,1130.0,2014-08-01,2022-08-01,,,2026-12-31,True,45.0,0,1
SR3132,乘客497跟車,WC,,工作,12345,"['Mon', 'Tue', 'Wed', 'Thu', 'Fri']",何文田迦密村街何文田政府合署,九龍城,22.3148270097878,114.180257586167,18:05:00,1085.0,藍田匯景花園1座,九龍城,22.3069768548009,114.233627178426,18:50:00,1130.0,2014-08-01,2022-08-01,,,2026-12-31,True,45.0,1,0
SR3141,乘客498,NWC,其他 / 特殊情況,訓練,12345,"['Mon', 'Tue', 'Wed', 'Thu', 'Fri']",富善邨善景樓,大埔,22.454668477266,114.176608070568,08:05:00,485.0,粉嶺雍盛苑雍華閣盛愛之家工場(迴旋處),大埔,22.4818616335622,114.136814628172,08:35:00,515.0,2019-01-21,2022-08-01,,,2033-12-31,True,30.0,0,1
SR3141,乘客499,NWC,白手杖,訓練,12345,"['Mon', 'Tue', 'Wed', 'Thu', 'Fri']",大埔新圍仔球場(門口),大埔,22.4559049514523,114.162483397351,08:15:00,495.0,上水太平邨平治樓匡智中心,大埔,22.4983155452065,114.126215744769,08:45:00,525.0,2015-05-07,2022-08-01,,,2026-12-31,True,30.0,0,1
SR3141,乘客500,NWC,手動輪椅不可過椅,訓練,12345,"['Mon', 'Tue', 'Wed', 'Thu', 'Fri']",上水古洞青山公路7號可愛忠實之家,北區,22.5039433796622,114.100719711071,09:05:00,545.0,粉嶺靈山路23號匡智粉嶺綜合復康中心,北區,22.5000677973979,114.136999148018,09:45:00,585.0,2007-07-14,2022-08-01,,,2026-12-31,True,40.0,0,1
SR3141,乘客501,WC,手動輪椅不可過椅,訓練,12345,"['Mon', 'Tue', 'Wed', 'Thu', 'Fri']",上水古洞青山公路7號可愛忠實之家,北區,22.5039433796622,114.100719711071,09:05:00,545.0,粉嶺靈山路23號匡智粉嶺綜合復康中心,北區,22.5000677973979,114.136999148018,09:45:00,585.0,2005-11-30,2022-08-01,,,2026-12-31,True,40.0,1,0
SR3141,乘客502,WC,手動輪椅不可過椅,訓練,12345,"['Mon', 'Tue', 'Wed', 'Thu', 'Fri']",上水古洞青山公路7號可愛忠實之家,北區,22.5039433796622,114.100719711071,09:05:00,545.0,粉嶺靈山路23號匡智粉嶺綜合復康中心,北區,22.5000677973979,114.136999148018,09:45:00,585.0,2005-11-29,2022-08-01,,,2026-12-31,True,40.0,1,0
SR3141,乘客503,WC,手動輪椅可以過椅,訓練,12345,"['Mon', 'Tue', 'Wed', 'Thu', 'Fri']",上水古洞青山公路7號可愛忠實之家,北區,22.5039433796622,114.100719711071,09:05:00,545.0,上水祥龍圍邨服務設施大樓匡智中心(入停車場),北區,22.4947736395863,114.123674830658,10:30:00,630.0,2024-11-07,2024-12-01,,,,True,85.0,1,0
SR3141,乘客503跟車,WC,,訓練,12345,"['Mon', 'Tue', 'Wed', 'Thu', 'Fri']",上水古洞青山公路7號可愛忠實之家,北區,22.5039433796622,114.100719711071,09:05:00,545.0,上水祥龍圍邨服務設施大樓匡智中心(入停車場),北區,22.4947736395863,114.123674830658,10:30:00,630.0,2024-11-07,2024-12-01,,,,True,85.0,1,0
SR3141,乘客504,NWC,手動輪椅不可過椅,訓練,12345,"['Mon', 'Tue', 'Wed', 'Thu', 'Fri']",上水清河邨(入閘後第一個迥旋處),北區,22.4933279710797,114.124933067409,09:30:00,570.0,粉嶺靈山路23號匡智粉嶺綜合復康中心,北區,22.5000677973979,114.136999148018,09:45:00,585.0,2025-04-08,2025-12-01,,,,True,15.0,0,1
SR3141,乘客505,WC,其他 / 特殊情況,訓練,12345,"['Mon', 'Tue', 'Wed', 'Thu', 'Fri']",粉嶺祥華邨商場(卸貨區近大昌食品),北區,22.4930283222047,114.140656713938,10:00:00,600.0,上水祥龍圍邨服務設施大樓匡智中心(入停車場),北區,22.4947736395863,114.123674830658,10:30:00,630.0,2017-12-07,2022-08-01,,,2029-12-31,True,30.0,1,0
SR3141,乘客506,NWC,不需輔助工具,訓練,135,"['Mon', 'Wed', 'Fri']",上水天平邨天怡樓(入閘),北區,22.5042557745893,114.13229999957,10:05:00,605.0,上水祥龍圍邨服務設施大樓匡智中心(入停車場),北區,22.4947736395863,114.123674830658,10:30:00,630.0,2018-01-02,2022-08-01,,,2028-01-02,True,25.0,0,1
SR3141,乘客507,NWC,其他 / 特殊情況,訓練,12345,"['Mon', 'Tue', 'Wed', 'Thu', 'Fri']",上水天平路翠麗花園3座(70K巴士站),北區,22.5088217585183,114.128812851634,10:10:00,610.0,上水祥龍圍邨服務設施大樓匡智中心(入停車場),北區,22.4947736395863,114.123674830658,10:30:00,630.0,2018-01-10,2022-08-01,,,2028-12-31,True,20.0,0,1
SR3142,乘客508,NWC,手動輪椅不可過椅;手推架,上學,12345,"['Mon', 'Tue', 'Wed', 'Thu', 'Fri']",安達臣道301號靈實恩光學校,將軍澳,22.3214554498288,114.244014640255,15:00:00,900.0,土瓜灣欣榮花園(馬頭角道巴士站),將軍澳,22.3220052000922,114.189614915544,15:30:00,930.0,2020-06-26,2022-08-01,,,2030-12-31,True,30.0,0,1
SR3142,乘客509,WC,手動輪椅不可過椅,上學,12345,"['Mon', 'Tue', 'Wed', 'Thu', 'Fri']",安達臣道301號靈實恩光學校,將軍澳,22.3214554498288,114.244014640255,15:00:00,900.0,牛頭角彩德邨彩亮樓,將軍澳,22.330005247013,114.214913826982,15:20:00,920.0,2024-02-17,2024-03-01,,,,True,20.0,1,0
SR3142,乘客509跟車,WC,,上學,12345,"['Mon', 'Tue', 'Wed', 'Thu', 'Fri']",安達臣道301號靈實恩光學校,將軍澳,22.3214554498288,114.244014640255,15:00:00,900.0,牛頭角彩德邨彩亮樓,將軍澳,22.330005247013,114.214913826982,15:20:00,920.0,2024-02-17,2024-03-01,,,,True,20.0,1,0
SR3142,乘客510,NWC,嬰兒手推車型輪椅,上學,12345,"['Mon', 'Tue', 'Wed', 'Thu', 'Fri']",安達臣道301號靈實恩光學校,將軍澳,22.3214554498288,114.244014640255,15:00:00,900.0,馬鞍山保泰街8號嘉華星濤灣,將軍澳,22.4133446317226,114.223079838925,17:00:00,1020.0,2023-12-09,2024-03-01,,,,True,120.0,0,1
SR3142,乘客510跟車,WC,,上學,12345,"['Mon', 'Tue', 'Wed', 'Thu', 'Fri']",安達臣道301號靈實恩光學校,將軍澳,22.3214554498288,114.244014640255,15:00:00,900.0,馬鞍山保泰街8號嘉華星濤灣,將軍澳,22.4133446317226,114.223079838925,17:00:00,1020.0,2023-12-09,2024-03-01,,,,True,120.0,1,0
SR3142,乘客511,NWC,嬰兒手推車型輪椅,上學,12345,"['Mon', 'Tue', 'Wed', 'Thu', 'Fri']",安達臣道301號靈實恩光學校,將軍澳,22.3214554498288,114.244014640255,15:00:00,900.0,愉城苑(沙角邨入閘),將軍澳,22.3778896081992,114.192893726096,16:25:00,985.0,2022-07-29,2022-08-01,,,2032-12-31,True,85.0,0,1
SR3142,乘客511跟車,WC,,上學,12345,"['Mon', 'Tue', 'Wed', 'Thu', 'Fri']",安達臣道301號靈實恩光學校,將軍澳,22.3214554498288,114.244014640255,15:00:00,900.0,愉城苑(沙角邨入閘),將軍澳,22.3778896081992,114.192893726096,16:25:00,985.0,2022-07-29,2022-08-01,,,2032-12-31,True,85.0,1,0
SR3142,乘客512,NWC,電動輪椅,工作,12345,"['Mon', 'Tue', 'Wed', 'Thu', 'Fri']",小瀝源安耀街3號匯達大廈(B1停車場),沙田,22.3902122209164,114.209306112434,17:40:00,1060.0,灰窑角街樂悠居(入停車場),沙田,22.3661622004572,114.118175199892,18:05:00,1085.0,2013-11-26,2022-08-01,,,2029-12-31,True,25.0,0,1
SR3142,乘客513,WC,手杖,工作,12345,"['Mon', 'Tue', 'Wed', 'Thu', 'Fri']",沙咀道26-38號滙力工業中心,荃灣,22.3739054074054,114.108581025153,18:15:00,1095.0,秀茂坪邨秀明樓,荃灣,22.3160168163508,114.233563216407,19:30:00,1170.0,2013-11-15,2022-08-01,,,2029-12-31,True,75.0,1,0
SR3142,乘客514,NWC,電動輪椅;腳架;手杖,工作,12345,"['Mon', 'Tue', 'Wed', 'Thu', 'Fri']",工業街24號威信物流中心,葵涌,22.3616178824902,114.134712369775,18:25:00,1105.0,油塘鯉魚門邨鯉生樓,葵涌,22.2947103309412,114.240211700544,19:10:00,1150.0,2008-11-28,2022-08-01,,,2029-12-31,True,45.0,0,1
SR3151,乘客515,WC,其他 / 特殊情況,上學,12345,"['Mon', 'Tue', 'Wed', 'Thu', 'Fri']",老圍木棉下村 (過停車場出入口),荃灣,22.3762561991186,114.118220616201,08:20:00,500.0,安達臣道301號靈實恩光學校,荃灣,22.3214554498288,114.244014640255,09:55:00,595.0,2025-07-20,2025-09-01,,,,True,95.0,1,0
SR3151,乘客515跟車,NWC,,上學,12345,"['Mon', 'Tue', 'Wed', 'Thu', 'Fri']",老圍木棉下村 (過停車場出入口),荃灣,22.3762561991186,114.118220616201,08:20:00,500.0,安達臣道301號靈實恩光學校,荃灣,22.3214554498288,114.244014640255,09:55:00,595.0,2025-07-20,2025-09-01,,,,True,95.0,0,1
SR3151,乘客516,NWC,手動輪椅不可過椅,工作,12345,"['Mon', 'Tue', 'Wed', 'Thu', 'Fri']",富昌邨富韻樓,深水埗,22.3286268726475,114.155412822929,08:55:00,535.0,創紀之城一期 (入車場),深水埗,22.314168719655,114.21992663703,09:40:00,580.0,2024-08-02,2024-09-01,,,,True,45.0,0,1
SR3151,乘客517,WC,手動輪椅不可過椅,上學,12345,"['Mon', 'Tue', 'Wed', 'Thu', 'Fri']",富昌邨富韻樓,深水埗,22.3286268726475,114.155412822929,08:55:00,535.0,安達臣道301號靈實恩光學校,深水埗,22.3214554498288,114.244014640255,09:55:00,595.0,2019-09-03,2022-08-01,,,2030-12-31,True,60.0,1,0
SR3151,乘客517跟車,WC,,上學,12345,"['Mon', 'Tue', 'Wed', 'Thu', 'Fri']",富昌邨富韻樓,深水埗,22.3286268726475,114.155412822929,08:55:00,535.0,安達臣道301號靈實恩光學校,深水埗,22.3214554498288,114.244014640255,09:55:00,595.0,2019-09-03,2022-08-01,,,2030-12-31,True,60.0,1,0
SR3152,乘客518,NWC,其他 / 特殊情況,訓練,12345,"['Mon', 'Tue', 'Wed', 'Thu', 'Fri']",土瓜灣九龍城道66-82號 U PLACE,九龍城,22.3179407051852,114.188857221475,15:00:00,900.0,何文田愛民邨敦民樓,九龍城,22.3129214504028,114.177532417313,15:15:00,915.0,2024-11-11,2025-01-01,,,,True,15.0,0,1
SR3152,乘客519,NWC,手推架,訓練,12345,"['Mon', 'Tue', 'Wed', 'Thu', 'Fri']",土瓜灣九龍城道66-82號 U PLACE,九龍城,22.3179407051852,114.188857221475,15:00:00,900.0,何文田邨適文樓,九龍城,22.3147113505901,114.183016237532,15:30:00,930.0,2024-11-11,2025-01-01,,,,True,30.0,0,1
SR3152,乘客520,NWC,手動輪椅不可過椅,訓練,245,"['Tue', 'Thu', 'Fri']",土瓜灣九龍城道66-82號 U PLACE,九龍城,22.3179407051852,114.188857221475,15:00:00,900.0,何文田愛民邨頌民樓,九龍城,22.3128553540314,114.178400919185,15:20:00,920.0,2024-11-11,2025-01-01,,,,True,20.0,0,1
SR3152,乘客521,WC,手動輪椅可以過椅,訓練,1235,"['Mon', 'Tue', 'Wed', 'Fri']",土瓜灣九龍城道66-82號 U PLACE,九龍城,22.3179407051852,114.188857221475,15:00:00,900.0,何文田文運道恆信園4期,九龍城,22.3187840156258,114.178014495369,15:35:00,935.0,2026-01-21,2026-02-01,,,,True,35.0,1,0
SR3152,乘客522,WC,手動輪椅不可過椅,訓練,12345,"['Mon', 'Tue', 'Wed', 'Thu', 'Fri']",李鄭屋邨道德樓心理衛生會李鄭屋工場,深水埗,22.3396314422768,114.158737309022,16:00:00,960.0,慈雲山慈正邨正康樓,深水埗,22.3495884416228,114.20280960148,16:25:00,985.0,2012-06-19,2022-08-01,,,2026-12-31,True,25.0,1,0
SR3152,乘客523,WC,不需輔助工具,訓練,135,"['Mon', 'Wed', 'Fri']",李鄭屋邨道德樓心理衛生會李鄭屋工場,深水埗,22.3396314422768,114.158737309022,16:00:00,960.0,大角咀埃華街67-87號大同新邨大眾樓聖榮之家,深水埗,22.3213661774198,114.161209289958,17:45:00,1065.0,2025-07-30,2025-09-01,,,,True,105.0,1,0
SR3152,乘客524,NWC,其他 / 特殊情況,訓練,12345,"['Mon', 'Tue', 'Wed', 'Thu', 'Fri']",九龍塘牛津道1D號展亮技能發展中心,九龍城,22.3287326259366,114.180324023198,16:45:00,1005.0,土瓜灣美善同道26號,九龍城,22.3187212831868,114.186999601769,17:10:00,1030.0,2024-07-30,2024-09-01,,,,True,25.0,0,1
SR3152,乘客525,NWC,手動輪椅可以過椅,訓練,12345,"['Mon', 'Tue', 'Wed', 'Thu', 'Fri']",九龍塘牛津道1D號展亮技能發展中心,九龍城,22.3287326259366,114.180324023198,16:45:00,1005.0,福塘道4號啟能康復大樓基督教家庭服務中心,九龍城,22.3118059268488,114.228805720773,17:25:00,1045.0,2024-07-30,2024-10-01,,,,True,40.0,0,1
SR3152,乘客526,WC,電動輪椅,訓練,12345,"['Mon', 'Tue', 'Wed', 'Thu', 'Fri']",九龍塘牛津道1D號展亮技能發展中心,九龍城,22.3287326259366,114.180324023198,16:45:00,1005.0,福塘道4號啟能康復大樓基督教家庭服務中心,九龍城,22.3118059268488,114.228805720773,17:25:00,1045.0,2024-07-26,2024-10-01,,,2028-08-31,True,40.0,1,0
SR3152,乘客527,WC,電動輪椅,工作,12345,"['Mon', 'Tue', 'Wed', 'Thu', 'Fri']",旺角深旺道1號匯豐中心(奧運巴士總站),油尖旺,22.3186856075281,114.16071936992,18:15:00,1095.0,葵涌麗瑤邨貴瑤樓,油尖旺,22.3536470261493,114.13137088595,18:40:00,1120.0,2025-09-06,2025-10-01,,,,True,25.0,1,0
SR3161,乘客528,WC,電動輪椅,工作,12345,"['Mon', 'Tue', 'Wed', 'Thu', 'Fri']",灰窑角街樂悠居(入停車場),荃灣,22.3661622004572,114.118175199892,07:30:00,450.0,小瀝源安耀街3號匯達大廈(B1停車場),荃灣,22.3902122209164,114.209306112434,08:05:00,485.0,2013-11-26,2022-08-01,,,2029-12-31,True,35.0,1,0
SR3161,乘客529,WC,不需輔助工具,訓練,12345,"['Mon', 'Tue', 'Wed', 'Thu', 'Fri']",火炭禾上墩街彩禾苑,沙田,22.3974756515321,114.188418902573,08:15:00,495.0,水泉澳邨明泉樓匡智中心(停車場),沙田,22.3744457162465,114.198263900373,09:30:00,570.0,2023-07-27,2023-08-01,,,,True,75.0,1,0
SR3161,乘客530,NWC,其他 / 特殊情況,訓練,12345,"['Mon', 'Tue', 'Wed', 'Thu', 'Fri']",博康邨博逸樓,沙田,22.3757113916909,114.194599459967,08:25:00,505.0,馬鞍山恆安邨恆江樓救世軍工場,沙田,22.4170196779085,114.229830151877,10:15:00,615.0,2021-02-17,2022-08-01,,,2031-12-31,True,110.0,0,1
SR3161,乘客531,NWC,手推架;手杖,訓練,12345,"['Mon', 'Tue', 'Wed', 'Thu', 'Fri']",大圍顯徑邨顯貴樓,沙田,22.3610570296263,114.171003715004,08:40:00,520.0,瀝源邨榮瑞樓唐氏綜合症協會卓業中心,沙田,22.3852687392622,114.191284794365,09:55:00,595.0,2024-11-18,2025-01-01,,,,True,75.0,0,1
SR3161,乘客532,NWC,手推架,訓練,12345,"['Mon', 'Tue', 'Wed', 'Thu', 'Fri']",大圍顯徑邨顯田街11號嘉順苑,沙田,22.3620089740097,114.174314936167,08:45:00,525.0,新翠邨新芳樓賽馬會匡智工場,沙田,22.3712104827426,114.182084992603,09:10:00,550.0,2024-10-10,2024-12-01,,,,True,25.0,0,1
SR3161,乘客533,NWC,手動輪椅可以過椅,訓練,12345,"['Mon', 'Tue', 'Wed', 'Thu', 'Fri']",大圍顯徑邨顯沛樓(警署側球場),沙田,22.3657923161317,114.174744695113,08:50:00,530.0,新翠邨新芳樓賽馬會匡智工場,沙田,22.3712104827426,114.182084992603,09:10:00,550.0,2002-11-08,2022-08-01,,,2026-12-31,True,20.0,0,1
SR3161,乘客533跟車,WC,,訓練,12345,"['Mon', 'Tue', 'Wed', 'Thu', 'Fri']",大圍顯徑邨顯沛樓(警署側球場),沙田,22.3657923161317,114.174744695113,08:50:00,530.0,新翠邨新芳樓賽馬會匡智工場,沙田,22.3712104827426,114.182084992603,09:10:00,550.0,2002-11-08,2022-08-01,,,2026-12-31,True,20.0,1,0
SR3161,乘客534,NWC,其他 / 特殊情況,訓練,12345,"['Mon', 'Tue', 'Wed', 'Thu', 'Fri']",大圍雲叠花園商場(後門田心街小巴站),沙田,22.368357683791,114.177577000471,09:00:00,540.0,馬鞍山恆安邨恆江樓救世軍工場,沙田,22.4170196779085,114.229830151877,10:15:00,615.0,2011-04-08,2022-08-01,,,2026-12-31,True,75.0,0,1
SR3161,乘客535,NWC,手杖,訓練,12345,"['Mon', 'Tue', 'Wed', 'Thu', 'Fri']",沙田灰窰下村窰圍街 (迴旋處小巴站),沙田,22.3763135359605,114.196941142664,09:20:00,560.0,瀝源邨榮瑞樓唐氏綜合症協會卓業中心,沙田,22.3852687392622,114.191284794365,09:55:00,595.0,2025-02-03,2025-03-01,,,,True,35.0,0,1
SR3161,乘客536,NWC,手杖,訓練,12345,"['Mon', 'Tue', 'Wed', 'Thu', 'Fri']",水泉澳邨明泉樓東華三院樂活熙庭院舍(停車場),沙田,22.3742482462905,114.198423395601,09:30:00,570.0,瀝源邨榮瑞樓唐氏綜合症協會卓業中心,沙田,22.3852687392622,114.191284794365,09:55:00,595.0,2022-06-01,2022-08-01,,,2032-12-31,True,25.0,0,1
SR3162,乘客537,NWC,手動輪椅不可過椅,訓練,12345,"['Mon', 'Tue', 'Wed', 'Thu', 'Fri']",瀝源邨榮瑞樓唐氏綜合症協會卓業中心,沙田,22.3852687392622,114.191284794365,15:15:00,915.0,亞公角山路30號慈氏白端良小屋,沙田,22.3981924478883,114.217279829105,16:00:00,960.0,2002-11-04,2022-08-01,,,2026-12-31,True,45.0,0,1
SR3162,乘客538,WC,其他 / 特殊情況,訓練,12345,"['Mon', 'Tue', 'Wed', 'Thu', 'Fri']",禾輋邨民和樓香港耀能協會禾輋工場,沙田,22.3896818562553,114.195226190129,15:20:00,920.0,馬鞍山沃泰街8號曉峰灣畔3座,沙田,22.4109600579526,114.222428316028,16:20:00,980.0,2021-04-13,2022-08-01,,,2031-12-31,True,60.0,1,0
SR3162,乘客539,NWC,其他 / 特殊情況,訓練,12345,"['Mon', 'Tue', 'Wed', 'Thu', 'Fri']",禾輋邨民和樓香港耀能協會禾輋工場,沙田,22.3896818562553,114.195226190129,15:20:00,920.0,馬鞍山錦泰苑錦富閣,沙田,22.4092507598793,114.221388551529,16:25:00,985.0,2021-04-16,2022-08-01,,,2031-12-31,True,65.0,0,1
SR3162,乘客540,NWC,手動輪椅不可過椅,訓練,12345,"['Mon', 'Tue', 'Wed', 'Thu', 'Fri']",禾輋邨民和樓香港耀能協會禾輋工場,沙田,22.3896818562553,114.195226190129,15:20:00,920.0,亞公角山路30號慈氏白端良小屋,沙田,22.3981924478883,114.217279829105,16:00:00,960.0,2002-11-04,2022-08-01,,,2026-12-31,True,40.0,0,1
SR3162,乘客541,WC,手動輪椅不可過椅,訓練,12345,"['Mon', 'Tue', 'Wed', 'Thu', 'Fri']",禾輋邨民和樓香港耀能協會禾輋工場,沙田,22.3896818562553,114.195226190129,15:20:00,920.0,亞公角山路30號慈氏白端良小屋,沙田,22.3981924478883,114.217279829105,16:00:00,960.0,2002-11-04,2022-08-01,,,2026-12-31,True,40.0,1,0
SR3162,乘客542,WC,電動輪椅,訓練,12345,"['Mon', 'Tue', 'Wed', 'Thu', 'Fri']",禾輋邨民和樓香港耀能協會禾輋工場,沙田,22.3896818562553,114.195226190129,15:20:00,920.0,亞公角山路30號慈氏白端良小屋,沙田,22.3981924478883,114.217279829105,16:00:00,960.0,2002-10-04,2022-08-01,,,2026-12-31,True,40.0,1,0
SR3162,乘客543,WC,手杖,訓練,12345,"['Mon', 'Tue', 'Wed', 'Thu', 'Fri']",禾輋邨民和樓香港耀能協會禾輋工場,沙田,22.3896818562553,114.195226190129,15:20:00,920.0,馬鞍山耀安邨耀遜樓,沙田,22.4190134241472,114.231447324054,16:45:00,1005.0,2025-08-01,2025-10-01,,,,True,85.0,1,0
SR3162,乘客544,NWC,電動輪椅;手推架,訓練,12345,"['Mon', 'Tue', 'Wed', 'Thu', 'Fri']",禾輋邨民和樓香港耀能協會禾輋工場,沙田,22.3896818562553,114.195226190129,15:20:00,920.0,沙田碩門邨社會服務大樓,沙田,22.3862763556906,114.209652448229,15:40:00,940.0,2025-09-29,2025-12-01,,,,True,20.0,0,1
SR3162,乘客545,WC,手動輪椅不可過椅,訓練,12345,"['Mon', 'Tue', 'Wed', 'Thu', 'Fri']",亞公角山路45號鄰舍輔導會怡欣山莊,沙田,22.3944299396435,114.218564031506,16:10:00,970.0,圓洲角路王屋村20號(近牌坊),沙田,22.3801017407704,114.199315711933,17:35:00,1055.0,2019-04-01,2022-08-01,,,2029-12-31,True,85.0,1,0
SR3162,乘客546,WC,其他 / 特殊情況,訓練,12345,"['Mon', 'Tue', 'Wed', 'Thu', 'Fri']",馬鞍山恆安邨恆江樓救世軍工場,沙田,22.4170196779085,114.229830151877,16:35:00,995.0,廣源邨廣橡樓,沙田,22.3802080186959,114.214985614538,17:10:00,1030.0,2019-01-17,2022-08-01,,,2029-12-31,True,35.0,1,0
SR3162,乘客547,NWC,手杖,訓練,12345,"['Mon', 'Tue', 'Wed', 'Thu', 'Fri']",馬鞍山恆安邨恆江樓救世軍工場,沙田,22.4170196779085,114.229830151877,16:35:00,995.0,廣源邨廣橡樓,沙田,22.3802080186959,114.214985614538,17:10:00,1030.0,2002-08-20,2022-08-01,,,2026-12-31,True,35.0,0,1
SR3162,乘客548,NWC,手杖,訓練,12345,"['Mon', 'Tue', 'Wed', 'Thu', 'Fri']",馬鞍山恆安邨恆江樓救世軍工場,沙田,22.4170196779085,114.229830151877,16:35:00,995.0,粉嶺馬適路3號綠悠軒(屋苑大門口的士站前後),沙田,22.5014352051699,114.145042337482,18:10:00,1090.0,2022-02-08,2025-09-01,,,2032-12-31,True,95.0,0,1
SR3162,乘客549,NWC,手杖,訓練,12345,"['Mon', 'Tue', 'Wed', 'Thu', 'Fri']",馬鞍山恆安邨恆江樓救世軍工場,沙田,22.4170196779085,114.229830151877,16:35:00,995.0,沙田廣林苑興林閣,沙田,22.3799712004971,114.216744019643,17:15:00,1035.0,2025-02-06,2025-03-01,,,,True,40.0,0,1
SR3162,乘客550,NWC,手杖,訓練,12345,"['Mon', 'Tue', 'Wed', 'Thu', 'Fri']",馬鞍山恆安邨恆江樓救世軍工場,沙田,22.4170196779085,114.229830151877,16:35:00,995.0,上水天平邨天怡樓(入閘),沙田,22.5042557745893,114.13229999957,18:25:00,1105.0,2025-12-23,2026-03-01,,,,True,110.0,0,1
SR3171,乘客551,NWC,手杖,工作,12345,"['Mon', 'Tue', 'Wed', 'Thu', 'Fri']",和康徑1號秀茂坪紀律部隊宿舍(停車場),觀塘,22.32125822581,114.224751426546,07:10:00,430.0,金鐘法院道金鐘政府合署,觀塘,22.2776130148891,114.163860672512,07:50:00,470.0,2012-06-19,2022-08-01,,,2030-12-31,True,40.0,0,1
SR3171,乘客552,NWC,手動輪椅不可過椅,上學,12345,"['Mon', 'Tue', 'Wed', 'Thu', 'Fri']",秀茂坪安達邨誠達樓(停車場入口),觀塘,22.3212730821277,114.234132203417,08:35:00,515.0,藍田復康徑8號紅十字會雅麗珊學校,觀塘,22.3074345515783,114.230656003018,08:55:00,535.0,2016-12-01,2022-08-01,,,2029-12-31,True,20.0,0,1
SR3171,乘客552跟車,WC,,上學,12345,"['Mon', 'Tue', 'Wed', 'Thu', 'Fri']",秀茂坪安達邨誠達樓(停車場入口),觀塘,22.3212730821277,114.234132203417,08:35:00,515.0,藍田復康徑8號紅十字會雅麗珊學校,觀塘,22.3074345515783,114.230656003018,08:55:00,535.0,2016-12-01,2022-08-01,,,2029-12-31,True,20.0,1,0
SR3171,乘客553,NWC,其他 / 特殊情況,訓練,12345,"['Mon', 'Tue', 'Wed', 'Thu', 'Fri']",至善街7號播道書院,將軍澳,22.3046207925666,114.262324270346,09:15:00,555.0,竹園北邨橡園樓(新生精神康復會培訓中心),將軍澳,22.3464473047865,114.19335343878,10:30:00,630.0,2021-01-21,2022-08-01,,,2031-12-31,True,75.0,0,1
SR3171,乘客554,NWC,腳架,訓練,12345,"['Mon', 'Tue', 'Wed', 'Thu', 'Fri']",九龍灣啟業邨啟寧樓,觀塘,22.3298491792415,114.2090721011,09:35:00,575.0,竹園北邨橡園樓(新生精神康復會培訓中心),觀塘,22.3464473047865,114.19335343878,10:30:00,630.0,2019-02-20,2022-08-01,,,2029-12-31,True,55.0,0,1
SR3171,乘客555,NWC,手動輪椅可以過椅,訓練,123,"['Mon', 'Tue', 'Wed']",樂富康強苑 (入閘停車場),黃大仙,22.337135216962,114.189557929008,09:50:00,590.0,竹園北邨橡園樓(新生精神康復會培訓中心),黃大仙,22.3464473047865,114.19335343878,10:30:00,630.0,2025-07-16,2025-09-01,,,,True,40.0,0,1
SR3171,乘客556,WC,其他 / 特殊情況,訓練,12345,"['Mon', 'Tue', 'Wed', 'Thu', 'Fri']",橫頭磡邨宏耀樓,黃大仙,22.3418593201674,114.186145624459,10:00:00,600.0,竹園北邨橡園樓(新生精神康復會培訓中心),黃大仙,22.3464473047865,114.19335343878,10:30:00,630.0,2017-09-12,2022-08-01,,,2026-12-31,True,30.0,1,0
SR3172,乘客557,NWC,其他 / 特殊情況,訓練,12345,"['Mon', 'Tue', 'Wed', 'Thu', 'Fri']",正德街104號社區中心鄰舍輔導會展能中心,黃大仙,22.3410273873094,114.194035798103,15:00:00,900.0,藍田麗港城14座,黃大仙,22.3064197173987,114.227729505635,15:45:00,945.0,2019-06-06,2025-08-01,,,2030-12-31,True,45.0,0,1
SR3172,乘客557跟車,NWC,,訓練,12345,"['Mon', 'Tue', 'Wed', 'Thu', 'Fri']",正德街104號社區中心鄰舍輔導會展能中心,黃大仙,22.3410273873094,114.194035798103,15:00:00,900.0,藍田麗港城14座,黃大仙,22.3064197173987,114.227729505635,15:45:00,945.0,2019-06-06,2025-08-01,,,2030-12-31,True,45.0,0,1
SR3172,乘客558,NWC,其他 / 特殊情況,訓練,12345,"['Mon', 'Tue', 'Wed', 'Thu', 'Fri']",藍田德田邨德盛樓耀能協會德田工場,觀塘,22.3073859320734,114.239077121155,16:10:00,970.0,黃大仙下邨龍泰樓耀能協會龍泰宿舍,觀塘,22.3401737256226,114.191524889904,16:30:00,990.0,2005-10-06,2022-08-01,,,2030-12-31,True,20.0,0,1
SR3172,乘客559,NWC,其他 / 特殊情況,訓練,12345,"['Mon', 'Tue', 'Wed', 'Thu', 'Fri']",藍田德田邨德盛樓耀能協會德田工場,觀塘,22.3073859320734,114.239077121155,16:10:00,970.0,黃大仙下邨龍泰樓耀能協會龍泰宿舍,觀塘,22.3401737256226,114.191524889904,16:30:00,990.0,2007-06-23,2022-08-01,,,2030-12-31,True,20.0,0,1
SR3172,乘客560,NWC,電動輪椅;手杖,訓練,12345,"['Mon', 'Tue', 'Wed', 'Thu', 'Fri']",藍田德田邨德盛樓耀能協會德田工場,觀塘,22.3073859320734,114.239077121155,16:10:00,970.0,黃大仙下邨龍泰樓耀能協會龍泰宿舍,觀塘,22.3401737256226,114.191524889904,16:30:00,990.0,2003-08-19,2022-08-01,,,2030-12-31,True,20.0,0,1
SR3172,乘客561,WC,手杖,訓練,12345,"['Mon', 'Tue', 'Wed', 'Thu', 'Fri']",藍田德田邨德盛樓耀能協會德田工場,觀塘,22.3073859320734,114.239077121155,16:10:00,970.0,黃大仙下邨龍泰樓耀能協會龍泰宿舍,觀塘,22.3401737256226,114.191524889904,16:30:00,990.0,2013-04-24,2022-08-01,,,2030-12-31,True,20.0,1,0
SR3172,乘客562,NWC,電動輪椅;手動輪椅不可過椅,訓練,12345,"['Mon', 'Tue', 'Wed', 'Thu', 'Fri']",藍田德田邨德盛樓耀能協會德田工場,觀塘,22.3073859320734,114.239077121155,16:10:00,970.0,黃大仙下邨龍泰樓耀能協會龍泰宿舍,觀塘,22.3401737256226,114.191524889904,16:30:00,990.0,2026-01-11,2026-02-01,,,,True,20.0,0,1
SR3172,乘客563,WC,手杖,訓練,12345,"['Mon', 'Tue', 'Wed', 'Thu', 'Fri']",藍田德田邨德盛樓耀能協會德田工場,觀塘,22.3073859320734,114.239077121155,16:10:00,970.0,黃大仙下邨龍泰樓耀能協會龍泰宿舍,觀塘,22.3401737256226,114.191524889904,16:30:00,990.0,2025-04-23,2025-06-01,,,,True,20.0,1,0
SR3172,乘客564,NWC,其他 / 特殊情況,訓練,12345,"['Mon', 'Tue', 'Wed', 'Thu', 'Fri']",竹園北邨橡園樓(新生精神康復會培訓中心),黃大仙,22.3464473047865,114.19335343878,16:50:00,1010.0,橫頭磡邨宏耀樓,黃大仙,22.3418593201674,114.186145624459,17:00:00,1020.0,2017-09-12,2022-08-01,,,2026-12-31,True,10.0,0,1
SR3172,乘客565,NWC,其他 / 特殊情況,訓練,12345,"['Mon', 'Tue', 'Wed', 'Thu', 'Fri']",竹園北邨橡園樓(新生精神康復會培訓中心),黃大仙,22.3464473047865,114.19335343878,16:50:00,1010.0,至善街7號播道書院,黃大仙,22.3046207925666,114.262324270346,18:45:00,1125.0,2021-01-21,2022-08-01,,,2031-12-31,True,115.0,0,1
SR3172,乘客566,NWC,腳架,訓練,12345,"['Mon', 'Tue', 'Wed', 'Thu', 'Fri']",竹園北邨橡園樓(新生精神康復會培訓中心),黃大仙,22.3464473047865,114.19335343878,16:50:00,1010.0,九龍灣啟業邨啟寧樓,黃大仙,22.3298491792415,114.2090721011,17:45:00,1065.0,2019-02-20,2022-08-01,,,2029-12-31,True,55.0,0,1
SR3172,乘客567,NWC,手動輪椅可以過椅,訓練,123,"['Mon', 'Tue', 'Wed']",竹園北邨橡園樓(新生精神康復會培訓中心),黃大仙,22.3464473047865,114.19335343878,16:50:00,1010.0,樂富康強苑 (入閘停車場),黃大仙,22.337135216962,114.189557929008,17:10:00,1030.0,2025-07-16,2025-09-01,,,,True,20.0,0,1
SR3172,乘客568,WC,電動輪椅,訓練,12345,"['Mon', 'Tue', 'Wed', 'Thu', 'Fri']",九龍塘牛津道1D號展亮技能發展中心,九龍城,22.3287326259366,114.180324023198,17:25:00,1045.0,藍田邨藍碧樓,九龍城,22.3106522159634,114.236321764603,18:05:00,1085.0,2025-07-03,2025-09-01,,,,True,40.0,1,0
SR3176,乘客569,WC,手杖,工作,6,['Sat'],深水埗置輝閣 (大埔道31-35號),深水埗,22.3298811328202,114.16610183383,07:00:00,420.0,將軍澳工業邨駿才街80號,深水埗,22.2808907771538,114.272380982536,07:55:00,475.0,2023-08-15,2024-03-01,,,,True,55.0,1,0
SR3176,乘客570,NWC,手杖,工作,6,['Sat'],秀茂坪邨秀緻樓,觀塘,22.318255464126,114.233650353792,07:30:00,450.0,將軍澳工業邨駿昌街2號,觀塘,22.2903968695698,114.271658948955,08:00:00,480.0,2015-11-12,2022-08-01,,,2030-12-31,True,30.0,0,1
SR3176,乘客571,NWC,手動輪椅不可過椅,治療,6,['Sat'],將軍澳彩明苑(近彩明街巴士站),將軍澳,22.3066797600127,114.253812623996,08:15:00,495.0,九龍灣臨華街南豐商業中心 (後門),將軍澳,22.3229329110196,114.207771350708,09:05:00,545.0,2024-05-14,2024-07-01,,,,True,50.0,0,1
SR3176,乘客572,WC,手杖,工作,6,['Sat'],翠林邨輝林樓,將軍澳,22.3242753164019,114.24842284177,08:25:00,505.0,觀塘區鴻圖道23號利登中心,將軍澳,22.3131730968122,114.219744078043,08:50:00,530.0,2025-07-07,2025-10-01,,,,True,25.0,1,0
SR3177,乘客573,NWC,電動輪椅,工作,6,['Sat'],旺角深旺道1號匯豐中心(奧運巴士總站),油尖旺,22.3186856075281,114.16071936992,16:00:00,960.0,葵涌麗瑤邨貴瑤樓,油尖旺,22.3536470261493,114.13137088595,16:45:00,1005.0,2025-09-06,2025-10-01,,,,True,45.0,0,1
SR3181,乘客574,WC,手杖,工作,12345,"['Mon', 'Tue', 'Wed', 'Thu', 'Fri']",黃竹坑業興街11號B座南匯廣場,南區,22.2492094157958,114.165024804836,22:00:00,1320.0,鰂魚涌太古城怡山閣,南區,22.2859346315712,114.218253044989,22:35:00,1355.0,2022-02-08,2024-09-01,,,2032-12-31,True,35.0,1,0
SR3181,乘客575,NWC,電動輪椅;手杖;腳架,工作,12345,"['Mon', 'Tue', 'Wed', 'Thu', 'Fri']",黃竹坑業興街11號B座南匯廣場,南區,22.2492094157958,114.165024804836,22:00:00,1320.0,柴灣環翠邨逸翠樓,南區,22.2615066267126,114.238012690715,22:40:00,1360.0,2025-09-10,2025-10-01,,,,True,40.0,0,1
SR3182,乘客576,WC,手杖,訓練,12345,"['Mon', 'Tue', 'Wed', 'Thu', 'Fri']",石硤尾南昌街332號賽馬會新生精神康復會工場,深水埗,22.3387943641815,114.168218621516,15:15:00,915.0,大圍美田邨美致樓(入閘後轉左),深水埗,22.376327046827,114.171454621644,15:45:00,945.0,2021-05-13,2022-08-01,,,2031-12-31,True,30.0,1,0
SR3182,乘客577,NWC,手動輪椅不可過椅;嬰兒手推車型輪椅,上學,12345,"['Mon', 'Tue', 'Wed', 'Thu', 'Fri']",歌和老街53號香港心理衛生會臻和學校,深水埗,22.3399607347764,114.168054871166,15:25:00,925.0,碧田街8號翠景花園1座,深水埗,22.3782033047378,114.173174971929,15:50:00,950.0,2021-07-06,2024-03-01,,,2033-12-31,True,25.0,0,1
SR3182,乘客577跟車,WC,,上學,12345,"['Mon', 'Tue', 'Wed', 'Thu', 'Fri']",歌和老街53號香港心理衛生會臻和學校,深水埗,22.3399607347764,114.168054871166,15:25:00,925.0,碧田街8號翠景花園1座,深水埗,22.3782033047378,114.173174971929,15:50:00,950.0,2021-07-06,2024-03-01,,,2033-12-31,True,25.0,1,0
SR3182,乘客578,NWC,手動輪椅可以過椅,上學,12345,"['Mon', 'Tue', 'Wed', 'Thu', 'Fri']",歌和老街53號香港心理衛生會臻和學校,深水埗,22.3399607347764,114.168054871166,15:25:00,925.0,大圍美田邨美致樓(入閘後轉左),深水埗,22.376327046827,114.171454621644,15:45:00,945.0,2015-07-23,2022-08-01,,,2031-12-31,True,20.0,0,1
SR3182,乘客578跟車,WC,,上學,12345,"['Mon', 'Tue', 'Wed', 'Thu', 'Fri']",歌和老街53號香港心理衛生會臻和學校,深水埗,22.3399607347764,114.168054871166,15:25:00,925.0,大圍美田邨美致樓(入閘後轉左),深水埗,22.376327046827,114.171454621644,15:45:00,945.0,2015-07-23,2022-08-01,,,2031-12-31,True,20.0,1,0
SR3182,乘客579,NWC,嬰兒手推車型輪椅,上學,12345,"['Mon', 'Tue', 'Wed', 'Thu', 'Fri']",歌和老街53號香港心理衛生會臻和學校,深水埗,22.3399607347764,114.168054871166,15:25:00,925.0,美林邨美桃樓B座,深水埗,22.377796488264,114.177529901391,16:00:00,960.0,2022-08-15,2022-08-01,,,2032-12-31,True,35.0,0,1
SR3182,乘客579跟車,WC,,上學,12345,"['Mon', 'Tue', 'Wed', 'Thu', 'Fri']",歌和老街53號香港心理衛生會臻和學校,深水埗,22.3399607347764,114.168054871166,15:25:00,925.0,美林邨美桃樓B座,深水埗,22.377796488264,114.177529901391,16:00:00,960.0,2022-08-15,2022-08-01,,,2032-12-31,True,35.0,1,0
SR3182,乘客580,NWC,手動輪椅不可過椅,訓練,12345,"['Mon', 'Tue', 'Wed', 'Thu', 'Fri']",隆亨邨樂心樓心理衛生會隆亨中心,沙田,22.3675134645756,114.177471813511,16:30:00,990.0,馬鞍山富安花園(巴士總站近OK便利店),沙田,22.405379194963,114.223687165563,17:00:00,1020.0,2014-07-09,2022-08-01,,,2026-12-31,True,30.0,0,1
SR3182,乘客581,WC,手動輪椅不可過椅,訓練,12345,"['Mon', 'Tue', 'Wed', 'Thu', 'Fri']",隆亨邨樂心樓心理衛生會隆亨中心,沙田,22.3675134645756,114.177471813511,16:30:00,990.0,廣源邨廣松樓,沙田,22.3804578583777,114.215017001972,17:30:00,1050.0,2010-01-06,2022-08-01,,,2026-12-31,True,60.0,1,0
SR3182,乘客582,WC,其他 / 特殊情況,訓練,12345,"['Mon', 'Tue', 'Wed', 'Thu', 'Fri']",馬鞍山恆安邨恆江樓救世軍工場,沙田,22.4170196779085,114.229830151877,16:50:00,1010.0,馬鞍山富安花園(巴士總站近OK便利店),沙田,22.405379194963,114.223687165563,17:00:00,1020.0,2011-05-20,2022-08-01,,,2026-12-31,True,10.0,1,0
SR3182,乘客583,NWC,手杖,訓練,12345,"['Mon', 'Tue', 'Wed', 'Thu', 'Fri']",馬鞍山恆安邨恆江樓救世軍工場,沙田,22.4170196779085,114.229830151877,16:50:00,1010.0,馬鞍山恆泰路錦泰苑商場,沙田,22.4090228559449,114.221777238375,17:05:00,1025.0,2019-06-10,2022-08-01,,,2029-12-31,True,15.0,0,1
SR3182,乘客584,NWC,手推架,訓練,12345,"['Mon', 'Tue', 'Wed', 'Thu', 'Fri']",馬鞍山恆安邨恆江樓救世軍工場,沙田,22.4170196779085,114.229830151877,16:50:00,1010.0,馬鞍山保泰街18號天宇海(入閘),沙田,22.4152783336934,114.223743901424,17:15:00,1035.0,2018-07-26,2022-08-01,,,2028-12-31,True,25.0,0,1
SR3182,乘客585,NWC,手杖,工作,12345,"['Mon', 'Tue', 'Wed', 'Thu', 'Fri']",沙田源順圍25號,沙田,22.38154824139,114.207261550696,17:40:00,1060.0,馬鞍山迎海 (第22座),沙田,22.4301906823916,114.244650754203,17:55:00,1075.0,2025-04-20,2025-06-01,,,,True,15.0,0,1
SR3191,乘客586,NWC,手動輪椅不可過椅,上學,12345,"['Mon', 'Tue', 'Wed', 'Thu', 'Fri']",馬鞍山彩沙街1號星漣海,沙田,22.432840082296,114.242453924966,07:00:00,420.0,藍田復康徑8號紅十字會雅麗珊學校,沙田,22.3074345515783,114.230656003018,08:25:00,505.0,2019-07-17,2022-08-01,,,2029-12-31,True,85.0,0,1
SR3191,乘客587,WC,嬰兒手推車型輪椅;手推架,上學,12345,"['Mon', 'Tue', 'Wed', 'Thu', 'Fri']","馬鞍山錦英苑B座錦佳閣(入邨入閘,AB座中間)",沙田,22.4230656981601,114.237906014194,07:05:00,425.0,藍田復康徑8號紅十字會雅麗珊學校,沙田,22.3074345515783,114.230656003018,08:25:00,505.0,2024-07-10,2024-09-01,,,2030-08-31,True,80.0,1,0
SR3191,乘客587跟車,WC,,上學,12345,"['Mon', 'Tue', 'Wed', 'Thu', 'Fri']","馬鞍山錦英苑B座錦佳閣(入邨入閘,AB座中間)",沙田,22.4230656981601,114.237906014194,07:05:00,425.0,藍田復康徑8號紅十字會雅麗珊學校,沙田,22.3074345515783,114.230656003018,08:25:00,505.0,2024-07-10,2024-09-01,,,2030-08-31,True,80.0,1,0
SR3191,乘客588,NWC,其他 / 特殊情況,上學,12345,"['Mon', 'Tue', 'Wed', 'Thu', 'Fri']",沙田廣源邨廣榕樓,沙田,22.381127379346,114.214292174611,07:25:00,445.0,藍田復康徑8號紅十字會雅麗珊學校,沙田,22.3074345515783,114.230656003018,08:25:00,505.0,2025-07-08,2025-09-01,,,,True,60.0,0,1
SR3191,乘客588跟車,NWC,,上學,12345,"['Mon', 'Tue', 'Wed', 'Thu', 'Fri']",沙田廣源邨廣榕樓,沙田,22.381127379346,114.214292174611,07:25:00,445.0,藍田復康徑8號紅十字會雅麗珊學校,沙田,22.3074345515783,114.230656003018,08:25:00,505.0,2025-07-08,2025-09-01,,,,True,60.0,0,1
SR3191,乘客589,NWC,腳架,上學,12345,"['Mon', 'Tue', 'Wed', 'Thu', 'Fri']",沙田正街3-9號希爾頓中心(近巴士站),沙田,22.3796995634793,114.187118498373,07:40:00,460.0,藍田復康徑8號紅十字會雅麗珊學校,沙田,22.3074345515783,114.230656003018,08:25:00,505.0,2020-07-28,2022-08-01,,,2030-12-31,True,45.0,0,1
SR3191,乘客590,NWC,嬰兒手推車型輪椅,上學,12345,"['Mon', 'Tue', 'Wed', 'Thu', 'Fri']",大圍站(B出口上落客區),沙田,22.3725302244568,114.179478443192,07:50:00,470.0,藍田復康徑8號紅十字會雅麗珊學校,沙田,22.3074345515783,114.230656003018,08:25:00,505.0,2025-06-03,2025-09-01,,,,True,35.0,0,1
SR3191,乘客590跟車,WC,,上學,12345,"['Mon', 'Tue', 'Wed', 'Thu', 'Fri']",大圍站(B出口上落客區),沙田,22.3725302244568,114.179478443192,07:50:00,470.0,藍田復康徑8號紅十字會雅麗珊學校,沙田,22.3074345515783,114.230656003018,08:25:00,505.0,2025-06-03,2025-09-01,,,,True,35.0,1,0
SR3191,乘客591,NWC,其他 / 特殊情況,上學,12345,"['Mon', 'Tue', 'Wed', 'Thu', 'Fri']",大圍站(B出口上落客區),沙田,22.3725302244568,114.179478443192,07:50:00,470.0,藍田復康徑8號紅十字會雅麗珊學校,沙田,22.3074345515783,114.230656003018,08:25:00,505.0,2025-09-02,2025-11-01,,,,True,35.0,0,1
SR3191,乘客591跟車,NWC,,上學,12345,"['Mon', 'Tue', 'Wed', 'Thu', 'Fri']",大圍站(B出口上落客區),沙田,22.3725302244568,114.179478443192,07:50:00,470.0,藍田復康徑8號紅十字會雅麗珊學校,沙田,22.3074345515783,114.230656003018,08:25:00,505.0,2025-09-02,2025-11-01,,,,True,35.0,0,1
SR3191,乘客592,NWC,手動輪椅不可過椅,上學,12345,"['Mon', 'Tue', 'Wed', 'Thu', 'Fri']",九龍城沐安街回旋處避車處,九龍城,22.32931966586,114.20165779961,08:45:00,525.0,安達臣道301號靈實恩光學校,九龍城,22.3214554498288,114.244014640255,09:55:00,595.0,2025-07-06,2025-09-01,,,,True,70.0,0,1
SR3191,乘客592跟車,WC,,上學,12345,"['Mon', 'Tue', 'Wed', 'Thu', 'Fri']",九龍城沐安街回旋處避車處,九龍城,22.32931966586,114.20165779961,08:45:00,525.0,安達臣道301號靈實恩光學校,九龍城,22.3214554498288,114.244014640255,09:55:00,595.0,2025-07-06,2025-09-01,,,,True,70.0,1,0
SR3191,乘客593,NWC,嬰兒手推車型輪椅,上學,12345,"['Mon', 'Tue', 'Wed', 'Thu', 'Fri']",啟晴邨欣晴樓,九龍城,22.3325332138563,114.203391863914,08:55:00,535.0,安達臣道301號靈實恩光學校,九龍城,22.3214554498288,114.244014640255,09:55:00,595.0,2024-11-28,2025-01-01,,,,True,60.0,0,1
SR3191,乘客593跟車,WC,,上學,12345,"['Mon', 'Tue', 'Wed', 'Thu', 'Fri']",啟晴邨欣晴樓,九龍城,22.3325332138563,114.203391863914,08:55:00,535.0,安達臣道301號靈實恩光學校,九龍城,22.3214554498288,114.244014640255,09:55:00,595.0,2024-11-28,2025-01-01,,,,True,60.0,1,0
SR3191,乘客594,NWC,其他 / 特殊情況,上學,12345,"['Mon', 'Tue', 'Wed', 'Thu', 'Fri']",黃大仙睦鄰街8號現崇山(入閘),黃大仙,22.3404561872715,114.196803394491,09:10:00,550.0,安達臣道301號靈實恩光學校,黃大仙,22.3214554498288,114.244014640255,09:55:00,595.0,2024-09-25,2024-12-01,,,,True,45.0,0,1
SR3191,乘客594跟車,NWC,,上學,12345,"['Mon', 'Tue', 'Wed', 'Thu', 'Fri']",黃大仙睦鄰街8號現崇山(入閘),黃大仙,22.3404561872715,114.196803394491,09:10:00,550.0,安達臣道301號靈實恩光學校,黃大仙,22.3214554498288,114.244014640255,09:55:00,595.0,2024-09-25,2024-12-01,,,,True,45.0,0,1
SR3191,乘客595,NWC,嬰兒手推車型輪椅,上學,12345,"['Mon', 'Tue', 'Wed', 'Thu', 'Fri']",香港老虎岩聯合道196號樂富邨樂民樓,黃大仙,22.3367784371412,114.186696468448,09:20:00,560.0,安達臣道301號靈實恩光學校,將軍澳,22.3214554498288,114.244014640255,09:55:00,595.0,2024-02-22,2024-03-01,,,,True,35.0,0,1
SR3191,乘客595跟車,WC,,上學,12345,"['Mon', 'Tue', 'Wed', 'Thu', 'Fri']",香港老虎岩聯合道196號樂富邨樂民樓,黃大仙,22.3367784371412,114.186696468448,09:20:00,560.0,安達臣道301號靈實恩光學校,將軍澳,22.3214554498288,114.244014640255,09:55:00,595.0,2024-02-22,2024-03-01,,,,True,35.0,1,0
SR3191,乘客596,NWC,手動輪椅不可過椅,訓練,135,"['Mon', 'Wed', 'Fri']",橫頭磡富強苑富和閣(富強街入消防閘),黃大仙,22.3400322779533,114.185206265221,09:30:00,570.0,將軍澳培成里8號基督教靈實協會靈實坑口護理院,黃大仙,22.3164817750268,114.267446335521,10:30:00,630.0,2024-11-12,2025-09-01,,,,True,60.0,0,1
SR3191,乘客596跟車,WC,,訓練,135,"['Mon', 'Wed', 'Fri']",橫頭磡富強苑富和閣(富強街入消防閘),黃大仙,22.3400322779533,114.185206265221,09:30:00,570.0,將軍澳培成里8號基督教靈實協會靈實坑口護理院,黃大仙,22.3164817750268,114.267446335521,10:30:00,630.0,2024-11-12,2025-09-01,,,,True,60.0,1,0
SR3191,乘客596跟車,NWC,,訓練,135,"['Mon', 'Wed', 'Fri']",橫頭磡富強苑富和閣(富強街入消防閘),黃大仙,22.3400322779533,114.185206265221,09:30:00,570.0,將軍澳培成里8號基督教靈實協會靈實坑口護理院,黃大仙,22.3164817750268,114.267446335521,10:30:00,630.0,2024-11-12,2025-09-01,,,,True,60.0,0,1
SR3192,乘客597,NWC,手動輪椅不可過椅,訓練,12345,"['Mon', 'Tue', 'Wed', 'Thu', 'Fri']",藍田德田邨德欣樓救世軍展能中心,觀塘,22.308409444856,114.239758498651,15:00:00,900.0,九龍灣麗晶花園7座,觀塘,22.3309118619096,114.20590556732,15:30:00,930.0,2019-11-04,2022-08-01,,,2030-12-31,True,30.0,0,1
SR3192,乘客598,WC,其他 / 特殊情況,訓練,12345,"['Mon', 'Tue', 'Wed', 'Thu', 'Fri']",藍田德田邨德盛樓耀能協會德田工場,觀塘,22.3073859320734,114.239077121155,15:05:00,905.0,橫頭磡邨宏照樓,觀塘,22.3407012474343,114.187667809255,15:45:00,945.0,2018-06-25,2022-08-01,,,2030-12-31,True,40.0,1,0
SR3192,乘客599,NWC,手動輪椅不可過椅,訓練,12345,"['Mon', 'Tue', 'Wed', 'Thu', 'Fri']",藍田德田邨德盛樓耀能協會德田工場,觀塘,22.3073859320734,114.239077121155,15:05:00,905.0,石硤尾邨美笙樓,觀塘,22.333485936512,114.165774112186,16:05:00,965.0,2024-08-20,2024-12-01,,,,True,60.0,0,1
SR3192,乘客600,WC,手動輪椅可以過椅,訓練,12345,"['Mon', 'Tue', 'Wed', 'Thu', 'Fri']",藍田德田邨德盛樓耀能協會德田工場,觀塘,22.3073859320734,114.239077121155,15:05:00,905.0,橫頭磡富強苑富裕閣,觀塘,22.3400784046033,114.184616135098,15:50:00,950.0,2021-03-16,2022-08-01,,,2031-12-31,True,45.0,1,0
SR3192,乘客601,WC,手動輪椅可以過椅,訓練,12345,"['Mon', 'Tue', 'Wed', 'Thu', 'Fri']",藍田德田邨德盛樓耀能協會德田工場,觀塘,22.3073859320734,114.239077121155,15:05:00,905.0,啟晴邨康晴樓,觀塘,22.331753719224,114.203087182971,15:25:00,925.0,2014-04-04,2022-08-01,,,2026-12-31,True,20.0,1,0
SR3192,乘客602,WC,手動輪椅可以過椅;手杖,訓練,12345,"['Mon', 'Tue', 'Wed', 'Thu', 'Fri']",藍田德田邨德盛樓耀能協會德田工場,觀塘,22.3073859320734,114.239077121155,15:05:00,905.0,火炭銀禧花園6座,觀塘,22.3982707243009,114.200431088501,16:30:00,990.0,2011-09-12,2022-08-01,,,2026-12-31,True,85.0,1,0
SR3192,乘客603,WC,手杖,訓練,12345,"['Mon', 'Tue', 'Wed', 'Thu', 'Fri']",瀝源邨榮瑞樓唐氏綜合症協會卓業中心,沙田,22.3852687392622,114.191284794365,16:40:00,1000.0,窩打老道79A-K號怡安閣松山府邸護老院,沙田,22.3204824907842,114.176557508264,17:15:00,1035.0,2022-08-10,2022-08-01,,,2032-12-31,True,35.0,1,0
SR3192,乘客604,NWC,手杖,訓練,12345,"['Mon', 'Tue', 'Wed', 'Thu', 'Fri']",瀝源邨榮瑞樓唐氏綜合症協會卓業中心,沙田,22.3852687392622,114.191284794365,16:40:00,1000.0,水泉澳邨明泉樓東華三院樂活熙庭院舍(停車場),沙田,22.3742482462905,114.198423395601,16:50:00,1010.0,2022-06-01,2022-08-01,,,2032-12-31,True,10.0,0,1
SR3192,乘客605,NWC,電動輪椅,工作,12345,"['Mon', 'Tue', 'Wed', 'Thu', 'Fri']",九龍灣啟業邨啟裕樓(自強協會),觀塘,22.3287263259712,114.210331610734,17:30:00,1050.0,葵涌荔景邨D停車場(入閘),觀塘,22.3462323950709,114.126268736289,18:00:00,1080.0,2025-03-24,2025-05-01,,,,True,30.0,0,1
SR3192,乘客606,WC,手動輪椅可以過椅;手杖,工作,12345,"['Mon', 'Tue', 'Wed', 'Thu', 'Fri']",葵涌大連排道金龍工業中心 (一座),葵涌,22.3580262977476,114.131879682955,18:10:00,1090.0,瀝源邨福海樓聖公會主風小學,葵涌,22.3856135151197,114.191953964014,19:00:00,1140.0,2025-06-16,2025-08-01,,,,True,50.0,1,0
SR3192,乘客607,WC,電動輪椅;手杖,工作,12345,"['Mon', 'Tue', 'Wed', 'Thu', 'Fri']",西樓角路1-17號新領域廣場,荃灣,22.3749965388106,114.114265222768,18:25:00,1105.0,馬鞍山錦英路1號錦龍苑龍耀閣,荃灣,22.4260684543012,114.240305991176,19:15:00,1155.0,2020-10-12,2022-08-01,,,2032-12-31,True,50.0,1,0
SR3201,乘客608,WC,其他 / 特殊情況,訓練,12345,"['Mon', 'Tue', 'Wed', 'Thu', 'Fri']",長安邨安湄樓,青衣,22.3607659301666,114.105234255033,07:15:00,435.0,石圍角邨石芳樓仁濟醫院盧李佩貞工場,青衣,22.3745413868958,114.124062087162,08:20:00,500.0,2002-08-19,2022-08-01,,,2026-12-31,True,65.0,1,0
SR3201,乘客609,NWC,手杖,訓練,12345,"['Mon', 'Tue', 'Wed', 'Thu', 'Fri']",葵涌葵芳邨葵喜樓(停車場閘口),葵涌,22.3593659217159,114.128646941945,07:40:00,460.0,石圍角邨扶康會石圍角工場（2號停車場）,葵涌,22.3757653825779,114.122868868763,08:25:00,505.0,2014-09-01,2022-08-01,,,2026-12-31,True,45.0,0,1
SR3201,乘客610,NWC,白手杖,訓練,12345,"['Mon', 'Tue', 'Wed', 'Thu', 'Fri']",葵涌葵芳邨葵喜樓(停車場閘口),葵涌,22.3593659217159,114.128646941945,07:40:00,460.0,石圍角邨石芳樓仁濟醫院盧李佩貞工場,葵涌,22.3745413868958,114.124062087162,08:20:00,500.0,2002-08-19,2022-08-01,,,2026-12-31,True,40.0,0,1
SR3201,乘客611,NWC,其他 / 特殊情況,訓練,12345,"['Mon', 'Tue', 'Wed', 'Thu', 'Fri']",葵涌大隴街(避車處),葵涌,22.3647547027141,114.137169791453,07:50:00,470.0,石圍角邨扶康會石圍角工場（2號停車場）,葵涌,22.3757653825779,114.122868868763,08:25:00,505.0,2025-11-12,2026-02-01,,,,True,35.0,0,1
SR3201,乘客612,NWC,其他 / 特殊情況,訓練,12345,"['Mon', 'Tue', 'Wed', 'Thu', 'Fri']",安蔭邨豐蔭樓,葵涌,22.3690461177867,114.141987182972,08:00:00,480.0,澤安邨華澤樓東華三院陳馮曼玲長者日間護理中心,葵涌,22.3407727787179,114.16458642798,08:55:00,535.0,2018-05-31,2025-03-01,,,2028-12-31,True,55.0,0,1
SR3201,乘客612跟車,NWC,,訓練,12345,"['Mon', 'Tue', 'Wed', 'Thu', 'Fri']",安蔭邨豐蔭樓,葵涌,22.3690461177867,114.141987182972,08:00:00,480.0,澤安邨華澤樓東華三院陳馮曼玲長者日間護理中心,葵涌,22.3407727787179,114.16458642798,08:55:00,535.0,2018-05-31,2025-03-01,,,2028-12-31,True,55.0,0,1
SR3201,乘客613,NWC,其他 / 特殊情況,訓練,12345,"['Mon', 'Tue', 'Wed', 'Thu', 'Fri']",安蔭邨澤蔭樓,葵涌,22.3698592921999,114.142077895721,08:05:00,485.0,石圍角邨扶康會石圍角工場（2號停車場）,葵涌,22.3757653825779,114.122868868763,08:25:00,505.0,2020-06-05,2022-08-01,,,2030-12-31,True,20.0,0,1
SR3201,乘客614,NWC,不需輔助工具,訓練,12345,"['Mon', 'Tue', 'Wed', 'Thu', 'Fri']",安蔭邨澤蔭樓,葵涌,22.3698592921999,114.142077895721,08:05:00,485.0,石圍角邨扶康會石圍角工場（2號停車場）,葵涌,22.3757653825779,114.122868868763,08:25:00,505.0,2023-07-26,2024-03-01,,,,True,20.0,0,1
SR3201,乘客615,NWC,白手杖,訓練,12345,"['Mon', 'Tue', 'Wed', 'Thu', 'Fri']",荔枝角道420號麗安邨麗德樓,深水埗,22.3307734189466,114.157906716293,09:10:00,550.0,南昌街248號賽馬會盲人中心(大坑西街停車場口),深水埗,22.3342569030873,114.168467364916,09:40:00,580.0,2024-06-25,2024-08-01,,,,True,30.0,0,1
SR3201,乘客616,NWC,白手杖,訓練,345,"['Wed', 'Thu', 'Fri']",元洲邨元豐樓,深水埗,22.3376197465186,114.155187465765,09:25:00,565.0,南昌街248號賽馬會盲人中心(大坑西街停車場口),深水埗,22.3342569030873,114.168467364916,09:40:00,580.0,2012-05-03,2022-08-01,,,2032-12-31,True,15.0,0,1
SR3202,乘客617,NWC,其他 / 特殊情況,訓練,12345,"['Mon', 'Tue', 'Wed', 'Thu', 'Fri']",李鄭屋邨道德樓心理衛生會李鄭屋工場,深水埗,22.3396314422768,114.158737309022,15:00:00,900.0,美孚新邨蘭秀道2-4號（荔灣道荔枝角公園牌坊對面，禁區牌前）,深水埗,22.3388518544398,114.138450512657,15:15:00,915.0,2017-10-19,2022-08-01,,,2026-12-31,True,15.0,0,1
SR3202,乘客618,NWC,腳架,上學,12345,"['Mon', 'Tue', 'Wed', 'Thu', 'Fri']",葵合街22號耀能協會羅怡基學校,葵涌,22.365822220536,114.129328069516,15:30:00,930.0,美環街愉景新城商場(近巴士總站前),葵涌,22.377066445298,114.111279978336,16:20:00,980.0,2023-11-02,2023-12-01,,,2028-12-01,True,50.0,0,1
SR3202,乘客619,NWC,其他 / 特殊情況,訓練,12345,"['Mon', 'Tue', 'Wed', 'Thu', 'Fri']",石圍角邨扶康會石圍角工場（2號停車場）,荃灣,22.3757653825779,114.122868868763,16:00:00,960.0,安蔭邨澤蔭樓,荃灣,22.3698592921999,114.142077895721,16:45:00,1005.0,2020-06-05,2022-08-01,,,2030-12-31,True,45.0,0,1
SR3202,乘客620,NWC,不需輔助工具,訓練,12345,"['Mon', 'Tue', 'Wed', 'Thu', 'Fri']",石圍角邨扶康會石圍角工場（2號停車場）,荃灣,22.3757653825779,114.122868868763,16:00:00,960.0,安蔭邨澤蔭樓,荃灣,22.3698592921999,114.142077895721,16:45:00,1005.0,2023-07-26,2024-03-01,,,,True,45.0,0,1
SR3202,乘客621,NWC,其他 / 特殊情況,訓練,12345,"['Mon', 'Tue', 'Wed', 'Thu', 'Fri']",石圍角邨扶康會石圍角工場（2號停車場）,荃灣,22.3757653825779,114.122868868763,16:00:00,960.0,葵涌大隴街(避車處),荃灣,22.3647547027141,114.137169791453,16:50:00,1010.0,2025-11-12,2026-02-01,,,,True,50.0,0,1
SR3211,乘客622,NWC,其他 / 特殊情況,訓練,12345,"['Mon', 'Tue', 'Wed', 'Thu', 'Fri']",祖堯邨啟勉樓,葵涌,22.347953890482,114.128774520273,07:20:00,440.0,石圍角邨石芳樓仁濟醫院盧李佩貞工場,葵涌,22.3745413868958,114.124062087162,08:10:00,490.0,2012-05-18,2022-08-01,,,2026-12-31,True,50.0,0,1
SR3211,乘客623,NWC,腳架;手杖,訓練,12345,"['Mon', 'Tue', 'Wed', 'Thu', 'Fri']",荔景邨樂景樓(近郵局),葵涌,22.3462593581335,114.126590674448,07:25:00,445.0,石圍角邨扶康會石圍角工場（2號停車場）,葵涌,22.3757653825779,114.122868868763,08:55:00,535.0,2023-11-23,2024-03-01,,,,True,90.0,0,1
SR3211,乘客624,NWC,手杖,訓練,12345,"['Mon', 'Tue', 'Wed', 'Thu', 'Fri']",葵盛東邨盛安樓,葵涌,22.3650299363925,114.126314640073,07:40:00,460.0,石圍角邨石芳樓仁濟醫院盧李佩貞工場,葵涌,22.3745413868958,114.124062087162,08:10:00,490.0,2021-09-07,2022-08-01,,,2031-12-31,True,30.0,0,1
SR3211,乘客625,NWC,其他 / 特殊情況,訓練,12345,"['Mon', 'Tue', 'Wed', 'Thu', 'Fri']",葵涌邨合葵樓(巴士站),葵涌,22.3684784521454,114.130976119741,07:50:00,470.0,荔景山路200號救世軍荔景院,葵涌,22.3450479206061,114.127917588699,09:20:00,560.0,2021-03-12,2022-08-01,,,2031-12-31,True,90.0,0,1
SR3211,乘客626,NWC,其他 / 特殊情況,訓練,12345,"['Mon', 'Tue', 'Wed', 'Thu', 'Fri']",荃景圍荃灣中心彩怡之家(入閘平台近OK便利店),荃灣,22.3784794739281,114.107936342715,08:20:00,500.0,石圍角邨扶康會石圍角工場（2號停車場）,荃灣,22.3757653825779,114.122868868763,08:55:00,535.0,2017-01-04,2022-08-01,,,2026-12-31,True,35.0,0,1
SR3211,乘客627,NWC,手杖,訓練,12345,"['Mon', 'Tue', 'Wed', 'Thu', 'Fri']",荃灣福來邨海壩街 (小巴站尾近郵筒),荃灣,22.3731552281643,114.113191963773,08:30:00,510.0,石圍角邨扶康會石圍角工場（2號停車場）,荃灣,22.3757653825779,114.122868868763,08:55:00,535.0,2024-07-02,2024-08-01,,,,True,25.0,0,1
SR3211,乘客628,NWC,其他 / 特殊情況,訓練,12345,"['Mon', 'Tue', 'Wed', 'Thu', 'Fri']",荃榮街名逸居(停車場口),荃灣,22.3684407345141,114.1200768347,08:45:00,525.0,荔景山路200號救世軍荔景院,荃灣,22.3450479206061,114.127917588699,09:20:00,560.0,2023-09-06,2024-04-01,,,,True,35.0,0,1
SR3211,乘客629,NWC,其他 / 特殊情況,訓練,12345,"['Mon', 'Tue', 'Wed', 'Thu', 'Fri']",九華徑新村(牌坊近垃圾站旁),葵涌,22.344789069764,114.136131162048,09:15:00,555.0,葵盛圍310號保良局夏利萊博士伉儷復康中心,葵涌,22.3606246094388,114.125004068297,09:35:00,575.0,2017-05-12,2022-08-01,,,2026-12-31,True,20.0,0,1
SR3212,乘客630,NWC,其他 / 特殊情況,訓練,12345,"['Mon', 'Tue', 'Wed', 'Thu', 'Fri']",荔景山路200號救世軍荔景院,葵涌,22.3450479206061,114.127917588699,15:00:00,900.0,石硤尾邨6期美柏樓(石硤尾街上落),葵涌,22.3313481838745,114.166777789668,15:35:00,935.0,2020-07-03,2022-08-01,,,2030-12-31,True,35.0,0,1
SR3212,乘客631,NWC,其他 / 特殊情況,訓練,12345,"['Mon', 'Tue', 'Wed', 'Thu', 'Fri']",荔景山路200號救世軍荔景院,葵涌,22.3450479206061,114.127917588699,15:00:00,900.0,石硤尾邨6期美柏樓(石硤尾街上落),葵涌,22.3313481838745,114.166777789668,15:35:00,935.0,2020-07-02,2022-08-01,,,2030-12-31,True,35.0,0,1
SR3212,乘客631跟車,NWC,,訓練,12345,"['Mon', 'Tue', 'Wed', 'Thu', 'Fri']",荔景山路200號救世軍荔景院,葵涌,22.3450479206061,114.127917588699,15:00:00,900.0,石硤尾邨6期美柏樓(石硤尾街上落),葵涌,22.3313481838745,114.166777789668,15:35:00,935.0,2020-07-02,2022-08-01,,,2030-12-31,True,35.0,0,1
SR3212,乘客632,NWC,其他 / 特殊情況,訓練,12345,"['Mon', 'Tue', 'Wed', 'Thu', 'Fri']",荔景山路200號救世軍荔景院,葵涌,22.3450479206061,114.127917588699,15:00:00,900.0,深水埗李鄭屋邨道德樓,葵涌,22.3395370413576,114.158747888305,15:20:00,920.0,2024-06-13,2024-09-01,,,,True,20.0,0,1
SR3212,乘客633,NWC,手杖,訓練,12345,"['Mon', 'Tue', 'Wed', 'Thu', 'Fri']",葵盛西邨10座新生精神康復會工場,葵涌,22.36005167918,114.122914075675,15:55:00,955.0,藍田德田邨德隆樓,葵涌,22.3072253678641,114.238169478258,17:40:00,1060.0,2024-03-13,2024-04-01,,,,True,105.0,0,1
SR3212,乘客634,NWC,其他 / 特殊情況,上學,12345,"['Mon', 'Tue', 'Wed', 'Thu', 'Fri']",葵合街22號耀能協會羅怡基學校,葵涌,22.365822220536,114.129328069516,16:05:00,965.0,美孚新邨(荔灣道/蘭秀道交界),葵涌,22.3391271104317,114.138477881198,16:35:00,995.0,2018-07-24,2022-08-01,,,2028-12-31,True,30.0,0,1
SR3212,乘客635,NWC,其他 / 特殊情況,上學,12345,"['Mon', 'Tue', 'Wed', 'Thu', 'Fri']",葵合街22號耀能協會羅怡基學校,葵涌,22.365822220536,114.129328069516,16:05:00,965.0,美孚新邨荔灣道10號 (油站),葵涌,22.3377502740824,114.137990496311,16:40:00,1000.0,2025-04-29,2025-06-01,,,,True,35.0,0,1
SR3212,乘客635跟車,NWC,,上學,12345,"['Mon', 'Tue', 'Wed', 'Thu', 'Fri']",葵合街22號耀能協會羅怡基學校,葵涌,22.365822220536,114.129328069516,16:05:00,965.0,美孚新邨荔灣道10號 (油站),葵涌,22.3377502740824,114.137990496311,16:40:00,1000.0,2025-04-29,2025-06-01,,,,True,35.0,0,1
SR3212,乘客636,NWC,其他 / 特殊情況,上學,12345,"['Mon', 'Tue', 'Wed', 'Thu', 'Fri']",葵合街22號耀能協會羅怡基學校,葵涌,22.365822220536,114.129328069516,16:05:00,965.0,德朗邨德瓏樓(入閘),葵涌,22.3297124782398,114.203239297289,17:15:00,1035.0,2014-07-03,2022-08-01,,,2032-12-31,True,70.0,0,1
SR3212,乘客637,NWC,手動輪椅不可過椅,上學,12345,"['Mon', 'Tue', 'Wed', 'Thu', 'Fri']",葵合街22號耀能協會羅怡基學校,葵涌,22.365822220536,114.129328069516,16:05:00,965.0,太子基堤道(巴士站),葵涌,22.3256314967202,114.174104529907,17:00:00,1020.0,2019-11-04,2022-08-01,,,2032-12-31,True,55.0,0,1
SR3212,乘客638,WC,其他 / 特殊情況,上學,12345,"['Mon', 'Tue', 'Wed', 'Thu', 'Fri']",葵合街22號耀能協會羅怡基學校,葵涌,22.365822220536,114.129328069516,16:05:00,965.0,麗瑤邨華瑤樓,葵涌,22.3522639450241,114.131531284908,16:25:00,985.0,2024-03-25,2024-06-01,,,,True,20.0,1,0
SR3212,乘客639,NWC,不需輔助工具,上學,12345,"['Mon', 'Tue', 'Wed', 'Thu', 'Fri']",葵合街22號耀能協會羅怡基學校,葵涌,22.365822220536,114.129328069516,16:05:00,965.0,美孚新邨荔灣道10號 (油站),葵涌,22.3377502740824,114.137990496311,16:40:00,1000.0,2025-04-29,2025-06-01,,,,True,35.0,0,1
SR3212,乘客640,NWC,手杖,工作,12345,"['Mon', 'Tue', 'Wed', 'Thu', 'Fri']",巧明街100號安盛金融大樓,觀塘,22.3122698761063,114.223106653469,17:55:00,1075.0,馬鞍山沃泰街8號曉峯灣畔1座(入閘) **慢車上落平台**,觀塘,22.4097654297626,114.222343203886,18:25:00,1105.0,2023-07-28,2023-08-01,,,,True,30.0,0,1
SR3217,乘客641,NWC,手動輪椅不可過椅,工作,6,['Sat'],大口環道9號東華三院馮堯敬醫院,南區,22.271414600726,114.124825729745,13:05:00,785.0,華貴邨華廉樓,南區,22.2507796246697,114.139648665266,13:15:00,795.0,2002-09-26,2022-08-01,,,2026-12-31,True,10.0,0,1
SR3221,乘客642,WC,手推架,上學,12345,"['Mon', 'Tue', 'Wed', 'Thu', 'Fri']",油塘油麗邨逸麗樓(入閘),觀塘,22.3014343517595,114.236471004999,07:45:00,465.0,藍田復康徑8號紅十字會雅麗珊學校,觀塘,22.3074345515783,114.230656003018,08:35:00,515.0,2022-07-07,2025-09-01,,,2032-12-31,True,50.0,1,0
SR3221,乘客643,NWC,其他 / 特殊情況,上學,12345,"['Mon', 'Tue', 'Wed', 'Thu', 'Fri']",油塘高俊苑(迴旋處),觀塘,22.2982853771469,114.241693744337,08:15:00,495.0,藍田復康徑8號紅十字會雅麗珊學校,觀塘,22.3074345515783,114.230656003018,08:35:00,515.0,2025-12-08,2026-02-01,,,,True,20.0,0,1
SR3221,乘客644,NWC,電動輪椅,上學,12345,"['Mon', 'Tue', 'Wed', 'Thu', 'Fri']",油塘高俊苑(迴旋處),觀塘,22.2982853771469,114.241693744337,08:15:00,495.0,藍田復康徑8號紅十字會雅麗珊學校,觀塘,22.3074345515783,114.230656003018,08:35:00,515.0,2015-07-14,2022-08-01,,,2026-12-31,True,20.0,0,1
SR3221,乘客645,WC,電動輪椅;手杖,上學,12345,"['Mon', 'Tue', 'Wed', 'Thu', 'Fri']",油塘邨富塘樓,觀塘,22.2972728008048,114.238708926327,08:20:00,500.0,藍田復康徑8號紅十字會雅麗珊學校,觀塘,22.3074345515783,114.230656003018,08:35:00,515.0,2016-09-09,2022-08-01,,,2026-12-31,True,15.0,1,0
SR3221,乘客646,WC,手杖,訓練,12345,"['Mon', 'Tue', 'Wed', 'Thu', 'Fri']",牛頭角功樂道 2號賽馬會大樓心理衛生會敦睦軒,觀塘,22.3175370763783,114.222546615381,08:55:00,535.0,清水灣道16號聖公會聖約翰小學,觀塘,22.3339065754751,114.211555319516,09:10:00,550.0,2022-10-27,2022-08-01,,,2032-12-31,True,15.0,1,0
SR3221,乘客647,NWC,手動輪椅可以過椅,治療,234,"['Tue', 'Wed', 'Thu']",牛池灣街彩輝邨(入閘)彩華樓,黃大仙,22.3355430072264,114.217930013973,09:20:00,560.0,福塘道4號啟能康復大樓基督教家庭服務中心,黃大仙,22.3118059268488,114.228805720773,10:30:00,630.0,2024-05-21,2024-07-01,,,,True,70.0,0,1
SR3221,乘客648,WC,手動輪椅可以過椅,訓練,12345,"['Mon', 'Tue', 'Wed', 'Thu', 'Fri']",啟晴邨康晴樓,九龍城,22.331753719224,114.203087182971,09:35:00,575.0,藍田德田邨德盛樓耀能協會德田工場,九龍城,22.3073859320734,114.239077121155,10:15:00,615.0,2014-04-04,2022-08-01,,,2026-12-31,True,40.0,1,0
SR3221,乘客649,WC,手動輪椅不可過椅,訓練,12345,"['Mon', 'Tue', 'Wed', 'Thu', 'Fri']",九龍灣麗晶花園7座,觀塘,22.3309118619096,114.20590556732,09:40:00,580.0,藍田德田邨德欣樓救世軍展能中心,觀塘,22.308409444856,114.239758498651,10:10:00,610.0,2019-11-04,2022-08-01,,,2030-12-31,True,30.0,1,0
SR3221,乘客650,WC,手杖,治療,135,"['Mon', 'Wed', 'Fri']",九龍灣宏照道啟業邨閘口前,觀塘,22.3289987128566,114.208194145508,09:45:00,585.0,福塘道4號啟能康復大樓基督教家庭服務中心,觀塘,22.3118059268488,114.228805720773,10:30:00,630.0,2026-02-04,2026-04-01,,,,True,45.0,1,0
SR3221,乘客651,NWC,腳架,訓練,12345,"['Mon', 'Tue', 'Wed', 'Thu', 'Fri']",藍田匯景花園10座(花園內地鐵站D2出口方向),觀塘,22.3071579891354,114.233264286221,10:00:00,600.0,藍田德田邨德盛樓耀能協會德田工場,觀塘,22.3073859320734,114.239077121155,10:15:00,615.0,2023-02-09,2022-08-01,,,2033-12-31,True,15.0,0,1
SR3221,乘客652,NWC,手動輪椅不可過椅,治療,135,"['Mon', 'Wed', 'Fri']",藍田匯景花園10座(花園內地鐵站D2出口方向),觀塘,22.3071579891354,114.233264286221,10:00:00,600.0,福塘道4號啟能康復大樓基督教家庭服務中心,觀塘,22.3118059268488,114.228805720773,10:30:00,630.0,2024-04-25,2024-06-01,,,,True,30.0,0,1
SR3222,乘客653,WC,手動輪椅不可過椅,治療,135,"['Mon', 'Wed', 'Fri']",香港观塘福塘道4號,觀塘,22.3119004,114.2286565,15:00:00,900.0,香港匯景花園匯景道8號匯景花園13座,觀塘,22.3068403,114.2327574,15:20:00,920.0,2024-04-25,2024-06-01,,,,True,20.0,1,0
SR3222,乘客654,WC,其他 / 特殊情況,上學,12345,"['Mon', 'Tue', 'Wed', 'Thu', 'Fri']",藍田復康徑8號紅十字會雅麗珊學校,觀塘,22.3074345515783,114.230656003018,15:40:00,940.0,藍田康雅苑荔雅閣,觀塘,22.305502966038,114.23848599014,16:20:00,980.0,2025-12-08,2026-02-01,,,,True,40.0,1,0
SR3222,乘客655,NWC,電動輪椅;手杖,上學,12345,"['Mon', 'Tue', 'Wed', 'Thu', 'Fri']",藍田復康徑8號紅十字會雅麗珊學校,觀塘,22.3074345515783,114.230656003018,15:40:00,940.0,油塘邨富塘樓,觀塘,22.2972728008048,114.238708926327,15:55:00,955.0,2016-09-09,2022-08-01,,,2026-12-31,True,15.0,0,1
SR3222,乘客656,WC,電動輪椅,上學,12345,"['Mon', 'Tue', 'Wed', 'Thu', 'Fri']",藍田復康徑8號紅十字會雅麗珊學校,觀塘,22.3074345515783,114.230656003018,15:40:00,940.0,油塘高俊苑(迴旋處),觀塘,22.2982853771469,114.241693744337,16:00:00,960.0,2015-07-14,2022-08-01,,,2026-12-31,True,20.0,1,0
SR3222,乘客657,WC,手動輪椅可以過椅,上學,12345,"['Mon', 'Tue', 'Wed', 'Thu', 'Fri']",藍田復康徑8號紅十字會雅麗珊學校,觀塘,22.3074345515783,114.230656003018,15:40:00,940.0,藍田德田邨德隆樓,觀塘,22.3072253678641,114.238169478258,16:05:00,965.0,2025-10-16,2025-12-01,,,,True,25.0,1,0
SR3222,乘客658,WC,腳架,上學,12345,"['Mon', 'Tue', 'Wed', 'Thu', 'Fri']",藍田復康徑8號紅十字會雅麗珊學校,觀塘,22.3074345515783,114.230656003018,15:40:00,940.0,將軍澳新都城1 期(停車場入口旁),觀塘,22.3215707046267,114.25713372837,17:20:00,1040.0,2022-09-14,2022-08-01,,,2033-12-31,True,100.0,1,0
SR3222,乘客659,NWC,不需輔助工具,上學,12345,"['Mon', 'Tue', 'Wed', 'Thu', 'Fri']",藍田復康徑8號紅十字會雅麗珊學校,觀塘,22.3074345515783,114.230656003018,15:40:00,940.0,藍田興田邨彩田樓,觀塘,22.3129711346571,114.239309309165,16:25:00,985.0,2025-07-03,2025-09-01,,,,True,45.0,0,1
SR3222,乘客660,NWC,其他 / 特殊情況,訓練,12345,"['Mon', 'Tue', 'Wed', 'Thu', 'Fri']",翠林邨安林樓基督教家庭翠林工場,將軍澳,22.3237467156139,114.248915045451,16:40:00,1000.0,尚德邨尚美樓基督教懷智復康中心,將軍澳,22.3111220770495,114.256956429368,17:45:00,1065.0,2016-07-13,2022-08-01,,,2026-12-31,True,65.0,0,1
SR3222,乘客661,NWC,手杖,訓練,12345,"['Mon', 'Tue', 'Wed', 'Thu', 'Fri']",翠林邨安林樓基督教家庭翠林工場,將軍澳,22.3237467156139,114.248915045451,16:40:00,1000.0,景林邨景林天主教小學,將軍澳,22.3204883767127,114.260363123118,17:10:00,1030.0,2014-11-05,2022-08-01,,,2026-12-31,True,30.0,0,1
SR3222,乘客662,NWC,手杖,訓練,12345,"['Mon', 'Tue', 'Wed', 'Thu', 'Fri']",翠林邨安林樓基督教家庭翠林工場,將軍澳,22.3237467156139,114.248915045451,16:40:00,1000.0,貿泰路茵怡花園(近小巴站),將軍澳,22.3217802452017,114.256068097664,17:25:00,1045.0,2015-12-02,2022-08-01,,,2026-12-31,True,45.0,0,1
SR3222,乘客663,NWC,腳架,訓練,12345,"['Mon', 'Tue', 'Wed', 'Thu', 'Fri']",翠林邨安林樓基督教家庭翠林工場,將軍澳,22.3237467156139,114.248915045451,16:40:00,1000.0,將軍澳明德邨(閘口迴旋處),將軍澳,22.316205613797,114.268118136695,16:50:00,1010.0,2017-10-04,2022-08-01,,,2026-12-31,True,10.0,0,1
SR3222,乘客664,NWC,電動輪椅,訓練,12345,"['Mon', 'Tue', 'Wed', 'Thu', 'Fri']",翠林邨安林樓基督教家庭翠林工場,將軍澳,22.3237467156139,114.248915045451,16:40:00,1000.0,彩明苑(入閘天橋底),將軍澳,22.3076025636752,114.253649969497,17:35:00,1055.0,2008-10-08,2022-08-01,,,2026-12-31,True,55.0,0,1
SR3222,乘客665,WC,手動輪椅不可過椅,訓練,12345,"['Mon', 'Tue', 'Wed', 'Thu', 'Fri']",尚德邨尚美樓基督教懷智復康中心,將軍澳,22.3111220770495,114.256956429368,18:00:00,1080.0,景嶺路8號都會駅 / 城中駅,將軍澳,22.3045081465834,114.251496326664,18:15:00,1095.0,2018-11-26,2022-08-01,,,2029-12-31,True,15.0,1,0
SR3222,乘客665跟車,WC,,訓練,12345,"['Mon', 'Tue', 'Wed', 'Thu', 'Fri']",尚德邨尚美樓基督教懷智復康中心,將軍澳,22.3111220770495,114.256956429368,18:00:00,1080.0,景嶺路8號都會駅 / 城中駅,將軍澳,22.3045081465834,114.251496326664,18:15:00,1095.0,2018-11-26,2022-08-01,,,2029-12-31,True,15.0,1,0
SR3226,乘客666,NWC,電動輪椅,工作,6,['Sat'],葵涌麗瑤邨貴瑤樓,葵涌,22.3536470261493,114.13137088595,07:30:00,450.0,旺角深旺道1號匯豐中心(奧運巴士總站),葵涌,22.3186856075281,114.16071936992,07:55:00,475.0,2025-09-06,2025-10-01,,,,True,25.0,0,1
SR3231,乘客667,WC,不需輔助工具,上學,12345,"['Mon', 'Tue', 'Wed', 'Thu', 'Fri']",黃大仙竹園南邨富園樓,黃大仙,22.3440985859617,114.18987653493,07:25:00,445.0,藍田復康徑8號紅十字會雅麗珊學校,黃大仙,22.3074345515783,114.230656003018,08:55:00,535.0,2024-09-05,2024-10-01,,,2032-07-16,True,90.0,1,0
SR3231,乘客668,NWC,手動輪椅可以過椅,上學,12345,"['Mon', 'Tue', 'Wed', 'Thu', 'Fri']",黃大仙匯豪山,黃大仙,22.3452476897506,114.199084603338,07:35:00,455.0,藍田復康徑8號紅十字會雅麗珊學校,黃大仙,22.3074345515783,114.230656003018,08:55:00,535.0,2024-10-03,2024-11-01,,,,True,80.0,0,1
SR3231,乘客669,WC,手動輪椅可以過椅,上學,12345,"['Mon', 'Tue', 'Wed', 'Thu', 'Fri']",新蒲崗爵祿街康景樓,黃大仙,22.3350194196614,114.197139005901,07:45:00,465.0,藍田復康徑8號紅十字會雅麗珊學校,黃大仙,22.3074345515783,114.230656003018,08:55:00,535.0,2024-06-17,2024-07-01,,,,True,70.0,1,0
SR3231,乘客670,WC,手杖,上學,135,"['Mon', 'Wed', 'Fri']",新蒲崗越秀廣場,黃大仙,22.3339149223098,114.195509048102,07:50:00,470.0,藍田復康徑8號紅十字會雅麗珊學校,黃大仙,22.3074345515783,114.230656003018,08:55:00,535.0,2024-10-04,2024-11-01,,,,True,65.0,1,0
SR3231,乘客671,NWC,腳架,上學,12345,"['Mon', 'Tue', 'Wed', 'Thu', 'Fri']",九龍灣麗晶花園2座,觀塘,22.3296298511403,114.206611227188,08:05:00,485.0,藍田復康徑8號紅十字會雅麗珊學校,觀塘,22.3074345515783,114.230656003018,08:55:00,535.0,2025-09-03,2025-10-01,,,,True,50.0,0,1
SR3231,乘客671跟車,NWC,,上學,12345,"['Mon', 'Tue', 'Wed', 'Thu', 'Fri']",九龍灣麗晶花園2座,觀塘,22.3296298511403,114.206611227188,08:05:00,485.0,藍田復康徑8號紅十字會雅麗珊學校,觀塘,22.3074345515783,114.230656003018,08:55:00,535.0,2025-09-03,2025-10-01,,,,True,50.0,0,1
SR3231,乘客672,NWC,其他 / 特殊情況,上學,12345,"['Mon', 'Tue', 'Wed', 'Thu', 'Fri']",牛頭角承昌道1號香港兒童醫院,觀塘,22.3158535115507,114.208980497406,08:15:00,495.0,藍田復康徑8號紅十字會雅麗珊學校,觀塘,22.3074345515783,114.230656003018,08:55:00,535.0,2022-03-23,2022-08-01,,,2032-12-31,True,40.0,0,1
SR3231,乘客673,NWC,其他 / 特殊情況,上學,12345,"['Mon', 'Tue', 'Wed', 'Thu', 'Fri']",觀塘聯安街泰興大廈,觀塘,22.3150863163131,114.221485592782,08:25:00,505.0,藍田復康徑8號紅十字會雅麗珊學校,觀塘,22.3074345515783,114.230656003018,08:55:00,535.0,2021-10-19,2022-08-01,,,2031-12-31,True,30.0,0,1
SR3231,乘客674,NWC,其他 / 特殊情況,上學,12345,"['Mon', 'Tue', 'Wed', 'Thu', 'Fri']",觀塘聯安街泰興大廈,觀塘,22.3150863163131,114.221485592782,08:25:00,505.0,藍田復康徑8號紅十字會雅麗珊學校,觀塘,22.3074345515783,114.230656003018,08:55:00,535.0,2022-11-03,2022-08-01,,,2032-12-31,True,30.0,0,1
SR3231,乘客675,NWC,不需輔助工具,上學,12345,"['Mon', 'Tue', 'Wed', 'Thu', 'Fri']",觀塘聯安街泰興大廈,觀塘,22.3150863163131,114.221485592782,08:25:00,505.0,藍田復康徑8號紅十字會雅麗珊學校,觀塘,22.3074345515783,114.230656003018,08:55:00,535.0,2025-05-15,2025-07-01,,,,True,30.0,0,1
SR3231,乘客676,NWC,其他 / 特殊情況,上學,12345,"['Mon', 'Tue', 'Wed', 'Thu', 'Fri']",觀塘月華街萬福大廈,觀塘,22.3130266064524,114.228063690952,08:35:00,515.0,藍田復康徑8號紅十字會雅麗珊學校,觀塘,22.3074345515783,114.230656003018,08:55:00,535.0,2025-10-31,2025-12-01,,,,True,20.0,0,1
SR3231,乘客677,NWC,嬰兒手推車型輪椅,上學,12345,"['Mon', 'Tue', 'Wed', 'Thu', 'Fri']",藍田鯉魚門道鯉安苑B座鯉逸閣,觀塘,22.3092364071661,114.232129293711,09:20:00,560.0,安達臣道301號靈實恩光學校,觀塘,22.3214554498288,114.244014640255,09:50:00,590.0,2023-07-21,2025-09-01,,,,True,30.0,0,1
SR3231,乘客677跟車,WC,,上學,12345,"['Mon', 'Tue', 'Wed', 'Thu', 'Fri']",藍田鯉魚門道鯉安苑B座鯉逸閣,觀塘,22.3092364071661,114.232129293711,09:20:00,560.0,安達臣道301號靈實恩光學校,觀塘,22.3214554498288,114.244014640255,09:50:00,590.0,2023-07-21,2025-09-01,,,,True,30.0,1,0
SR3231,乘客678,NWC,手動輪椅不可過椅,上學,12345,"['Mon', 'Tue', 'Wed', 'Thu', 'Fri']",香港秀茂坪曉光街曉麗苑B座曉星閣,觀塘,22.3213792,114.2283226,09:35:00,575.0,安達臣道301號靈實恩光學校,將軍澳,22.3214554498288,114.244014640255,09:50:00,590.0,2024-09-30,2025-09-01,,,,True,15.0,0,1
SR3231,乘客678跟車,WC,,上學,12345,"['Mon', 'Tue', 'Wed', 'Thu', 'Fri']",香港秀茂坪曉光街曉麗苑B座曉星閣,觀塘,22.3213792,114.2283226,09:35:00,575.0,安達臣道301號靈實恩光學校,將軍澳,22.3214554498288,114.244014640255,09:50:00,590.0,2024-09-30,2025-09-01,,,,True,15.0,1,0
SR3232,乘客679,NWC,手動輪椅不可過椅,訓練,12345,"['Mon', 'Tue', 'Wed', 'Thu', 'Fri']",粉嶺靈山路23號匡智粉嶺綜合復康中心,北區,22.5000677973979,114.136999148018,15:35:00,935.0,屯門業旺邨業善樓,北區,22.388121124267,113.969419092461,18:00:00,1080.0,2025-02-14,2025-04-01,,,,True,145.0,0,1
SR3232,乘客680,WC,手動輪椅不可過椅,訓練,12345,"['Mon', 'Tue', 'Wed', 'Thu', 'Fri']",粉嶺靈山路23號匡智粉嶺綜合復康中心,北區,22.5000677973979,114.136999148018,15:35:00,935.0,上水古洞青山公路7號可愛忠實之家,北區,22.5039433796622,114.100719711071,16:10:00,970.0,2007-07-14,2022-08-01,,,2026-12-31,True,35.0,1,0
SR3232,乘客681,WC,手動輪椅不可過椅,訓練,12345,"['Mon', 'Tue', 'Wed', 'Thu', 'Fri']",粉嶺靈山路23號匡智粉嶺綜合復康中心,北區,22.5000677973979,114.136999148018,15:35:00,935.0,上水古洞青山公路7號可愛忠實之家,北區,22.5039433796622,114.100719711071,16:10:00,970.0,2005-11-30,2022-08-01,,,2026-12-31,True,35.0,1,0
SR3232,乘客682,WC,手動輪椅不可過椅,訓練,12345,"['Mon', 'Tue', 'Wed', 'Thu', 'Fri']",粉嶺靈山路23號匡智粉嶺綜合復康中心,北區,22.5000677973979,114.136999148018,15:35:00,935.0,上水古洞青山公路7號可愛忠實之家,北區,22.5039433796622,114.100719711071,16:10:00,970.0,2005-11-29,2022-08-01,,,2026-12-31,True,35.0,1,0
SR3232,乘客683,WC,手動輪椅可以過椅,訓練,12345,"['Mon', 'Tue', 'Wed', 'Thu', 'Fri']",上水祥龍圍邨服務設施大樓匡智中心(入停車場),北區,22.4947736395863,114.123674830658,16:00:00,960.0,上水古洞青山公路7號可愛忠實之家,北區,22.5039433796622,114.100719711071,16:10:00,970.0,2024-11-07,2024-12-01,,,,True,10.0,1,0
SR3232,乘客683跟車,WC,,訓練,12345,"['Mon', 'Tue', 'Wed', 'Thu', 'Fri']",上水祥龍圍邨服務設施大樓匡智中心(入停車場),北區,22.4947736395863,114.123674830658,16:00:00,960.0,上水古洞青山公路7號可愛忠實之家,北區,22.5039433796622,114.100719711071,16:10:00,970.0,2024-11-07,2024-12-01,,,,True,10.0,1,0
SR3232,乘客684,NWC,其他 / 特殊情況,訓練,12345,"['Mon', 'Tue', 'Wed', 'Thu', 'Fri']",上水太平邨平治樓匡智中心,北區,22.4983155452065,114.126215744769,16:35:00,995.0,天盛苑天靖街(迴旋處),北區,22.4493268789519,114.001504503317,17:40:00,1060.0,2015-07-13,2022-08-01,,,2026-12-31,True,65.0,0,1
SR3232,乘客685,NWC,其他 / 特殊情況,訓練,12345,"['Mon', 'Tue', 'Wed', 'Thu', 'Fri']",上水太平邨平治樓匡智中心,北區,22.4983155452065,114.126215744769,16:35:00,995.0,錦繡花園K段5街57號,北區,22.4793759070487,114.048496591617,16:55:00,1015.0,2015-07-13,2022-08-01,,,2026-12-31,True,20.0,0,1
SR3232,乘客686,NWC,其他 / 特殊情況,訓練,12345,"['Mon', 'Tue', 'Wed', 'Thu', 'Fri']",上水太平邨平治樓匡智中心,北區,22.4983155452065,114.126215744769,16:35:00,995.0,新時代廣場(地下落客區),北區,22.4444808702728,114.03526385559,17:15:00,1035.0,2015-07-13,2022-08-01,,,2026-12-31,True,40.0,0,1
SR3232,乘客686跟車,NWC,,訓練,12345,"['Mon', 'Tue', 'Wed', 'Thu', 'Fri']",上水太平邨平治樓匡智中心,北區,22.4983155452065,114.126215744769,16:35:00,995.0,新時代廣場(地下落客區),北區,22.4444808702728,114.03526385559,17:15:00,1035.0,2015-07-13,2022-08-01,,,2026-12-31,True,40.0,0,1
SR3232,乘客687,NWC,其他 / 特殊情況,訓練,12345,"['Mon', 'Tue', 'Wed', 'Thu', 'Fri']",上水太平邨平治樓匡智中心,北區,22.4983155452065,114.126215744769,16:35:00,995.0,大棠路駿逸雅苑3A座(入閘),北區,22.4310480695268,114.028063305838,17:25:00,1045.0,2019-01-16,2022-08-01,,,2029-12-31,True,50.0,0,1
SR3232,乘客688,NWC,手動輪椅不可過椅,訓練,12345,"['Mon', 'Tue', 'Wed', 'Thu', 'Fri']",上水太平邨平治樓匡智中心,北區,22.4983155452065,114.126215744769,16:35:00,995.0,錦繡花園I段5街12號,北區,22.4786602252126,114.043789284684,17:00:00,1020.0,2015-07-13,2022-08-01,,,2026-12-31,True,25.0,0,1
SR3236,乘客689,WC,電動輪椅,治療,6,['Sat'],黃大仙天宏苑宏美閣,黃大仙,22.344036116434,114.186633812998,07:30:00,450.0,九龍灣臨華街南豐商業中心  (停車場出入口),黃大仙,22.3228937737599,114.207553513947,08:45:00,525.0,2024-09-12,2024-12-01,,,,True,75.0,1,0
SR3236,乘客690,WC,手動輪椅不可過椅,訓練,6,['Sat'],黃大仙下邨龍華樓,黃大仙,22.3386639635235,114.194771471134,07:45:00,465.0,九龍灣臨華街南豐商業中心  (停車場出入口),黃大仙,22.3228937737599,114.207553513947,08:45:00,525.0,2024-08-13,2024-12-01,,,,True,60.0,1,0
SR3236,乘客691,WC,手杖;手動輪椅可以過椅,訓練,6,['Sat'],鳳德邨黛鳳樓,黃大仙,22.3437863199204,114.201912549513,08:00:00,480.0,九龍灣臨華街南豐商業中心  (停車場出入口),黃大仙,22.3228937737599,114.207553513947,08:45:00,525.0,2025-09-30,2025-11-01,,,,True,45.0,1,0
SR3236,乘客692,WC,電動輪椅;手動輪椅不可過椅,訓練,6,['Sat'],慈雲山慈樂邨樂信樓,黃大仙,22.347103294875,114.19928632702,08:10:00,490.0,九龍灣臨華街南豐商業中心  (停車場出入口),黃大仙,22.3228937737599,114.207553513947,08:45:00,525.0,2025-09-30,2025-11-01,,,,True,35.0,1,0
SR3236,乘客693,WC,電動輪椅,治療,6,['Sat'],坪石邨藍石樓(停車場),觀塘,22.3327869985576,114.209807207357,08:25:00,505.0,九龍灣臨華街南豐商業中心  (停車場出入口),觀塘,22.3228937737599,114.207553513947,08:45:00,525.0,2025-04-22,2025-06-01,,,,True,20.0,1,0
SR3236,乘客693跟車,WC,,治療,6,['Sat'],坪石邨藍石樓(停車場),觀塘,22.3327869985576,114.209807207357,08:25:00,505.0,九龍灣臨華街南豐商業中心  (停車場出入口),觀塘,22.3228937737599,114.207553513947,08:45:00,525.0,2025-04-22,2025-06-01,,,,True,20.0,1,0
SR3241,乘客694,NWC,其他 / 特殊情況,上學,12345,"['Mon', 'Tue', 'Wed', 'Thu', 'Fri']",順天邨天韻樓,觀塘,22.3257380285682,114.228084339447,07:45:00,465.0,藍田復康徑8號紅十字會雅麗珊學校,觀塘,22.3074345515783,114.230656003018,08:25:00,505.0,2013-09-25,2022-08-01,,,2026-12-31,True,40.0,0,1
SR3241,乘客695,NWC,電動輪椅,工作,12345,"['Mon', 'Tue', 'Wed', 'Thu', 'Fri']",藍田平田邨平誠樓(消防閘口_落雨入閘上平台),觀塘,22.3059561110006,114.236637897371,08:05:00,485.0,藍田復康徑7號藍田綜合中心,觀塘,22.3080382817291,114.23042037906,08:20:00,500.0,2023-08-02,2025-09-01,,,,True,15.0,0,1
SR3241,乘客696,WC,不需輔助工具,上學,12345,"['Mon', 'Tue', 'Wed', 'Thu', 'Fri']",藍田興田邨彩田樓,觀塘,22.3129711346571,114.239309309165,08:10:00,490.0,藍田復康徑8號香港紅十字會雅麗珊郡主學校,觀塘,22.3076024450916,114.230544232306,08:25:00,505.0,2025-07-03,2025-09-01,,,,True,15.0,1,0
SR3241,乘客697,NWC,電動輪椅,工作,12345,"['Mon', 'Tue', 'Wed', 'Thu', 'Fri']",黃大仙下邨龍福樓,黃大仙,22.3397685140335,114.191553679159,09:15:00,555.0,啟德協調道2號 Airside (停車場B2層 E區 70 號車位),黃大仙,22.331394498011,114.19978394046,09:30:00,570.0,2025-09-26,2025-11-01,,,,True,15.0,0,1
SR3241,乘客698,WC,白手杖,訓練,12345,"['Mon', 'Tue', 'Wed', 'Thu', 'Fri']",漆咸道南11-15號余仁生中心(余仁生門外),油尖旺,22.2968272561401,114.175153637253,10:00:00,600.0,南昌街248號賽馬會盲人中心(大坑西街停車場口),油尖旺,22.3342569030873,114.168467364916,10:25:00,625.0,2008-09-25,2022-08-01,,,2026-12-31,True,25.0,1,0
SR3242,乘客699,NWC,其他 / 特殊情況,訓練,12345,"['Mon', 'Tue', 'Wed', 'Thu', 'Fri']",藍田德田邨德盛樓耀能協會德田工場,觀塘,22.3073859320734,114.239077121155,15:05:00,905.0,秀茂坪邨秀緻樓,觀塘,22.318255464126,114.233650353792,15:20:00,920.0,2014-02-07,2022-08-01,,,2033-12-31,True,15.0,0,1
SR3242,乘客700,NWC,其他 / 特殊情況,上學,12345,"['Mon', 'Tue', 'Wed', 'Thu', 'Fri']",藍田復康徑8號紅十字會雅麗珊學校,觀塘,22.3074345515783,114.230656003018,15:35:00,935.0,翠屏南邨翠杏樓(消防閘口),觀塘,22.3123460642954,114.232129571049,16:00:00,960.0,2018-07-17,2022-08-01,,,2028-12-31,True,25.0,0,1
SR3242,乘客701,NWC,其他 / 特殊情況,上學,12345,"['Mon', 'Tue', 'Wed', 'Thu', 'Fri']",藍田復康徑8號紅十字會雅麗珊學校,觀塘,22.3074345515783,114.230656003018,15:35:00,935.0,聯安街17-23號連安大樓,觀塘,22.3154089635353,114.221421965852,16:15:00,975.0,2021-10-19,2022-08-01,,,2031-12-31,True,40.0,0,1
SR3242,乘客702,NWC,手動輪椅不可過椅,治療,234,"['Tue', 'Wed', 'Thu']",福塘道4號啟能康復大樓基督教家庭服務中心,觀塘,22.3118059268488,114.228805720773,15:50:00,950.0,油塘大本型(的士站),觀塘,22.296879665238,114.239006857068,17:25:00,1045.0,2026-01-29,2026-03-01,,,,True,95.0,0,1
SR3242,乘客703,WC,手杖,訓練,1245,"['Mon', 'Tue', 'Thu', 'Fri']",福塘道4號啟能康復大樓基督教家庭服務中心,觀塘,22.3118059268488,114.228805720773,15:50:00,950.0,油塘油翠苑沃美閣(鯉魚門道巴士站),觀塘,22.2985840800897,114.238587151411,17:35:00,1055.0,2025-08-07,2025-10-01,,,,True,105.0,1,0
SR3242,乘客704,NWC,其他 / 特殊情況,訓練,12345,"['Mon', 'Tue', 'Wed', 'Thu', 'Fri']",牛頭角功樂道2號香港心理衛生會賽馬會大樓,觀塘,22.3173085960269,114.222380189506,16:30:00,990.0,藍田康逸苑康景閣(連德道巴士站),觀塘,22.3105073073285,114.234806186295,17:45:00,1065.0,2011-06-13,2022-08-01,,,2026-12-31,True,75.0,0,1
SR3242,乘客705,NWC,其他 / 特殊情況,訓練,12345,"['Mon', 'Tue', 'Wed', 'Thu', 'Fri']",牛頭角功樂道2號香港心理衛生會賽馬會大樓,觀塘,22.3173085960269,114.222380189506,16:30:00,990.0,翠屏南邨翠杏樓(消防閘口),觀塘,22.3123460642954,114.232129571049,17:00:00,1020.0,2002-09-27,2022-08-01,,,2026-12-31,True,30.0,0,1
SR3242,乘客706,NWC,不需輔助工具,訓練,12345,"['Mon', 'Tue', 'Wed', 'Thu', 'Fri']",牛頭角功樂道2號香港心理衛生會賽馬會大樓,觀塘,22.3173085960269,114.222380189506,16:30:00,990.0,順天邨天璣樓鄰舍輔導會順天宿舍,觀塘,22.3263147932079,114.225158976235,16:45:00,1005.0,2026-01-08,2026-03-01,,,,True,15.0,0,1
SR3242,乘客707,NWC,不需輔助工具,訓練,12345,"['Mon', 'Tue', 'Wed', 'Thu', 'Fri']",牛頭角功樂道2號香港心理衛生會賽馬會大樓,觀塘,22.3173085960269,114.222380189506,16:30:00,990.0,順天邨天璣樓鄰舍輔導會順天宿舍,觀塘,22.3263147932079,114.225158976235,16:45:00,1005.0,2026-01-08,2026-03-01,,,,True,15.0,0,1
SR3242,乘客708,NWC,手杖;其他 / 特殊情況,訓練,12345,"['Mon', 'Tue', 'Wed', 'Thu', 'Fri']",牛頭角功樂道2號香港心理衛生會賽馬會大樓,觀塘,22.3173085960269,114.222380189506,16:30:00,990.0,油塘鯉魚門邨鯉隆樓,觀塘,22.2940457897993,114.239277878007,17:15:00,1035.0,2017-07-04,2022-08-01,,,2030-12-31,True,45.0,0,1
SR3242,乘客709,NWC,不需輔助工具,訓練,12345,"['Mon', 'Tue', 'Wed', 'Thu', 'Fri']",牛頭角功樂道2號香港心理衛生會賽馬會大樓,觀塘,22.3173085960269,114.222380189506,16:30:00,990.0,翠屏南邨翠杏樓(消防閘口),觀塘,22.3123460642954,114.232129571049,17:00:00,1020.0,2023-07-28,2023-08-01,,,,True,30.0,0,1
SR3242,乘客710,NWC,手杖,訓練,12345,"['Mon', 'Tue', 'Wed', 'Thu', 'Fri']",牛頭角功樂道2號香港心理衛生會賽馬會大樓,觀塘,22.3173085960269,114.222380189506,16:30:00,990.0,將軍澳日出康城路1號LP6,觀塘,22.2930061548011,114.270273473085,18:05:00,1085.0,2025-12-03,2026-02-01,,,,True,95.0,0,1
SR3242,乘客711,NWC,手杖,工作,12345,"['Mon', 'Tue', 'Wed', 'Thu', 'Fri']",將軍澳工業邨駿才街77號電視廣播城,將軍澳,22.2797778042291,114.272310207271,18:20:00,1100.0,"翠屏北邨翠柳樓 (翠屏南邨入閘, 後門近垃圾房)",將軍澳,22.3138744465184,114.230185396641,18:55:00,1135.0,2022-12-20,2022-08-01,,,2033-12-31,True,35.0,0,1
SR3242,乘客712,NWC,手杖,工作,12345,"['Mon', 'Tue', 'Wed', 'Thu', 'Fri']",將軍澳工業邨駿昌街2號,將軍澳,22.2903968695698,114.271658948955,18:25:00,1105.0,秀茂坪邨秀賢樓(小巴站),將軍澳,22.3189550456785,114.233877385984,18:45:00,1125.0,2015-11-12,2022-08-01,,,2030-12-31,True,20.0,0,1
SR3246,乘客713,NWC,手動輪椅可以過椅,訓練,6,['Sat'],屯門景新徑景新臺 上落客區,屯門,22.402569603221,113.981056748334,07:15:00,435.0,香港沙田圓洲角路13號A,屯門,22.3809449,114.1993671,09:10:00,550.0,2025-10-09,2026-02-01,,,,True,115.0,0,1
SR3246,乘客713跟車,WC,,訓練,6,['Sat'],屯門景新徑景新臺 上落客區,屯門,22.402569603221,113.981056748334,07:15:00,435.0,香港沙田圓洲角路13號A,屯門,22.3809449,114.1993671,09:10:00,550.0,2025-10-09,2026-02-01,,,,True,115.0,1,0
SR3246,乘客714,NWC,手杖,工作,6,['Sat'],青衣青逸軒1座(長安邨入閘),青衣,22.360651979606,114.104303165973,07:45:00,465.0,藍田復康徑7號藍田綜合中心,青衣,22.3080382817291,114.23042037906,08:40:00,520.0,2021-07-07,2022-08-01,,,2033-12-31,True,55.0,0,1
SR3246,乘客715,NWC,手杖,工作,6,['Sat'],美景花園(商場入閘),青衣,22.3441828778319,114.106744315562,07:55:00,475.0,葵涌大圓街12-22號瑞榮工業大廈,青衣,22.3700235994761,114.135823647454,09:10:00,550.0,2026-03-04,2026-04-01,,,,True,75.0,0,1
SR3251,乘客716,NWC,嬰兒手推車型輪椅;手推架,上學,12345,"['Mon', 'Tue', 'Wed', 'Thu', 'Fri']",牛頭角彩興路簡約公屋,觀塘,22.3313784058777,114.216885780353,07:00:00,420.0,葵合街22號耀能協會羅怡基學校,觀塘,22.365822220536,114.129328069516,09:00:00,540.0,2025-07-04,2025-09-01,,,,True,120.0,0,1
SR3251,乘客716跟車,WC,,上學,12345,"['Mon', 'Tue', 'Wed', 'Thu', 'Fri']",牛頭角彩興路簡約公屋,觀塘,22.3313784058777,114.216885780353,07:00:00,420.0,葵合街22號耀能協會羅怡基學校,觀塘,22.365822220536,114.129328069516,09:00:00,540.0,2025-07-04,2025-09-01,,,,True,120.0,1,0
SR3251,乘客717,NWC,其他 / 特殊情況,上學,12345,"['Mon', 'Tue', 'Wed', 'Thu', 'Fri']",德朗邨德瓏樓(入閘),九龍城,22.3297124782398,114.203239297289,07:15:00,435.0,葵合街22號耀能協會羅怡基學校,九龍城,22.365822220536,114.129328069516,09:00:00,540.0,2014-07-03,2022-08-01,,,2032-12-31,True,105.0,0,1
SR3251,乘客718,NWC,手杖,上學,12345,"['Mon', 'Tue', 'Wed', 'Thu', 'Fri']",長沙灣邨長欣樓,深水埗,22.3347417982277,114.156066002641,07:35:00,455.0,長沙灣興華街西9號德貞女子中學,深水埗,22.3320008245713,114.149229851734,07:50:00,470.0,2021-07-14,2022-08-01,,,2031-12-31,True,15.0,0,1
SR3251,乘客719,NWC,其他 / 特殊情況,訓練,12345,"['Mon', 'Tue', 'Wed', 'Thu', 'Fri']",美孚新邨蘭秀道2-4號（荔灣道荔枝角公園牌坊對面，禁區牌前）,深水埗,22.3388518544398,114.138450512657,08:05:00,485.0,荔枝嶺路31號明愛賽馬會荔景中心,深水埗,22.3457368930055,114.131738690038,08:35:00,515.0,2017-10-19,2022-08-01,,,2030-12-31,True,30.0,0,1
SR3251,乘客720,NWC,其他 / 特殊情況,上學,12345,"['Mon', 'Tue', 'Wed', 'Thu', 'Fri']",美孚新邨荔灣道10號 (油站),深水埗,22.3377502740824,114.137990496311,08:15:00,495.0,葵合街22號耀能協會羅怡基學校,深水埗,22.365822220536,114.129328069516,09:00:00,540.0,2025-04-29,2025-06-01,,,,True,45.0,0,1
SR3251,乘客720跟車,NWC,,上學,12345,"['Mon', 'Tue', 'Wed', 'Thu', 'Fri']",美孚新邨荔灣道10號 (油站),深水埗,22.3377502740824,114.137990496311,08:15:00,495.0,葵合街22號耀能協會羅怡基學校,深水埗,22.365822220536,114.129328069516,09:00:00,540.0,2025-04-29,2025-06-01,,,,True,45.0,0,1
SR3251,乘客721,NWC,不需輔助工具,上學,12345,"['Mon', 'Tue', 'Wed', 'Thu', 'Fri']",美孚新邨荔灣道10號 (油站),深水埗,22.3377502740824,114.137990496311,08:15:00,495.0,葵合街22號耀能協會羅怡基學校,深水埗,22.365822220536,114.129328069516,09:00:00,540.0,2025-04-29,2025-06-01,,,,True,45.0,0,1
SR3251,乘客722,NWC,其他 / 特殊情況,上學,12345,"['Mon', 'Tue', 'Wed', 'Thu', 'Fri']",荔灣道荔枝角公園(牌坊的士站),深水埗,22.3367883566894,114.137356412313,08:20:00,500.0,葵合街22號耀能協會羅怡基學校,深水埗,22.365822220536,114.129328069516,09:00:00,540.0,2018-07-24,2022-08-01,,,2028-12-31,True,40.0,0,1
SR3251,乘客723,NWC,手杖,訓練,12345,"['Mon', 'Tue', 'Wed', 'Thu', 'Fri']",華荔邨喜荔樓,葵涌,22.3426689477867,114.137619752453,08:25:00,505.0,荔枝嶺路31號明愛賽馬會荔景中心,葵涌,22.3457368930055,114.131738690038,08:35:00,515.0,2025-02-07,2025-04-01,,,,True,10.0,0,1
SR3251,乘客724,NWC,其他 / 特殊情況,上學,12345,"['Mon', 'Tue', 'Wed', 'Thu', 'Fri']",麗瑤邨華瑤樓,葵涌,22.3522639450241,114.131531284908,08:40:00,520.0,葵合街22號耀能協會羅怡基學校,葵涌,22.365822220536,114.129328069516,09:00:00,540.0,2024-03-25,2024-06-01,,,,True,20.0,0,1
SR3251,乘客725,NWC,手動輪椅不可過椅,上學,12345,"['Mon', 'Tue', 'Wed', 'Thu', 'Fri']",葵涌麗瑤邨富瑤樓 (近街市),葵涌,22.3540073212773,114.130224195306,08:45:00,525.0,安達臣道301號靈實恩光學校,葵涌,22.3214554498288,114.244014640255,09:40:00,580.0,2025-07-03,2025-09-01,,,,True,55.0,0,1
SR3251,乘客725跟車,WC,,上學,12345,"['Mon', 'Tue', 'Wed', 'Thu', 'Fri']",葵涌麗瑤邨富瑤樓 (近街市),葵涌,22.3540073212773,114.130224195306,08:45:00,525.0,安達臣道301號靈實恩光學校,葵涌,22.3214554498288,114.244014640255,09:40:00,580.0,2025-07-03,2025-09-01,,,,True,55.0,1,0
SR3252,乘客726,NWC,其他 / 特殊情況,訓練,12345,"['Mon', 'Tue', 'Wed', 'Thu', 'Fri']",荔景山路200號救世軍荔景院,葵涌,22.3450479206061,114.127917588699,15:15:00,915.0,荃榮街名逸居(停車場口),葵涌,22.3684407345141,114.1200768347,15:30:00,930.0,2023-09-06,2024-04-01,,,,True,15.0,0,1
SR3252,乘客727,NWC,其他 / 特殊情況,訓練,12345,"['Mon', 'Tue', 'Wed', 'Thu', 'Fri']",荔枝嶺路31號明愛賽馬會荔景中心,葵涌,22.3457368930055,114.131738690038,16:00:00,960.0,美孚新邨蘭秀道2-4號（荔灣道荔枝角公園牌坊對面，禁區牌前）,葵涌,22.3388518544398,114.138450512657,17:30:00,1050.0,2017-10-19,2022-08-01,,,2030-12-31,True,90.0,0,1
SR3252,乘客728,NWC,手杖,訓練,12345,"['Mon', 'Tue', 'Wed', 'Thu', 'Fri']",荔枝嶺路31號明愛賽馬會荔景中心,葵涌,22.3457368930055,114.131738690038,16:00:00,960.0,楊屋道1號荃新天地鄰舍輔導會怡康居(上落貨區),葵涌,22.3694950394267,114.113214343407,16:35:00,995.0,2009-03-23,2022-08-01,,,2026-12-31,True,35.0,0,1
SR3252,乘客729,NWC,手杖,訓練,12345,"['Mon', 'Tue', 'Wed', 'Thu', 'Fri']",荔枝嶺路31號明愛賽馬會荔景中心,葵涌,22.3457368930055,114.131738690038,16:00:00,960.0,楊屋道1號荃新天地鄰舍輔導會怡康居(上落貨區),葵涌,22.3694950394267,114.113214343407,16:35:00,995.0,2009-03-23,2022-08-01,,,2026-12-31,True,35.0,0,1
SR3252,乘客730,NWC,手杖,訓練,12345,"['Mon', 'Tue', 'Wed', 'Thu', 'Fri']",荔枝嶺路31號明愛賽馬會荔景中心,葵涌,22.3457368930055,114.131738690038,16:00:00,960.0,楊屋道1號荃新天地鄰舍輔導會怡康居(上落貨區),葵涌,22.3694950394267,114.113214343407,16:35:00,995.0,2009-03-23,2022-08-01,,,2026-12-31,True,35.0,0,1
SR3252,乘客731,NWC,手動輪椅可以過椅,訓練,12345,"['Mon', 'Tue', 'Wed', 'Thu', 'Fri']",荔枝嶺路31號明愛賽馬會荔景中心,葵涌,22.3457368930055,114.131738690038,16:00:00,960.0,楊屋道1號荃新天地鄰舍輔導會怡康居(上落貨區),葵涌,22.3694950394267,114.113214343407,16:35:00,995.0,2009-03-23,2022-08-01,,,2026-12-31,True,35.0,0,1
SR3252,乘客732,WC,手杖,訓練,12345,"['Mon', 'Tue', 'Wed', 'Thu', 'Fri']",荔枝嶺路31號明愛賽馬會荔景中心,葵涌,22.3457368930055,114.131738690038,16:00:00,960.0,華荔邨喜荔樓,葵涌,22.3426689477867,114.137619752453,17:25:00,1045.0,2025-02-07,2025-04-01,,,,True,85.0,1,0
SR3252,乘客733,NWC,手杖,訓練,12345,"['Mon', 'Tue', 'Wed', 'Thu', 'Fri']",荔枝嶺路31號明愛賽馬會荔景中心,葵涌,22.3457368930055,114.131738690038,16:00:00,960.0,石硤尾偉倫街 (近12號小巴站),葵涌,22.3348696584651,114.167354009249,17:45:00,1065.0,2025-10-27,2025-12-01,,,,True,105.0,0,1
SR3252,乘客734,NWC,手動輪椅可以過椅,訓練,12345,"['Mon', 'Tue', 'Wed', 'Thu', 'Fri']",荔枝嶺路31號明愛賽馬會荔景中心,葵涌,22.3457368930055,114.131738690038,16:00:00,960.0,葵涌石蔭路 (近獅子樓),葵涌,22.3702916183615,114.138831974587,16:20:00,980.0,2025-11-04,2025-12-01,,,,True,20.0,0,1
SR3252,乘客735,WC,手動輪椅可以過椅,訓練,235,"['Tue', 'Wed', 'Fri']",荔枝嶺路31號明愛賽馬會荔景中心,葵涌,22.3457368930055,114.131738690038,16:00:00,960.0,華景山莊19座,葵涌,22.3551704574876,114.137472810585,17:05:00,1025.0,2025-12-09,2026-02-01,,,,True,65.0,1,0
SR3252,乘客736,WC,手杖,訓練,12345,"['Mon', 'Tue', 'Wed', 'Thu', 'Fri']",荔景山路200號救世軍荔景院,葵涌,22.3450479206061,114.127917588699,16:10:00,970.0,楊屋道1號荃新天地鄰舍輔導會怡康居(上落貨區),葵涌,22.3694950394267,114.113214343407,16:35:00,995.0,2012-03-09,2024-11-01,,,2026-12-31,True,25.0,1,0
SR3252,乘客737,NWC,其他 / 特殊情況,訓練,12345,"['Mon', 'Tue', 'Wed', 'Thu', 'Fri']",葵盛圍310號保良局夏利萊博士伉儷復康中心,葵涌,22.3606246094388,114.125004068297,16:45:00,1005.0,九華徑新村(牌坊近垃圾站旁),葵涌,22.344789069764,114.136131162048,17:15:00,1035.0,2017-05-12,2022-08-01,,,2026-12-31,True,30.0,0,1
SR3252,乘客738,NWC,電動輪椅,訓練,12345,"['Mon', 'Tue', 'Wed', 'Thu', 'Fri']",葵盛圍310號保良局夏利萊博士伉儷復康中心,葵涌,22.3606246094388,114.125004068297,16:45:00,1005.0,荔景邨日景樓(入閘),葵涌,22.3500004214684,114.126945411613,16:55:00,1015.0,2013-05-29,2022-08-01,,,2026-12-31,True,10.0,0,1
SR3261,乘客739,WC,手杖,訓練,12345,"['Mon', 'Tue', 'Wed', 'Thu', 'Fri']",美林邨佛教黃允畋中學(迴旋處),沙田,22.3781453033476,114.177913371345,07:25:00,445.0,馬鞍山恆安邨恆江樓救世軍工場,沙田,22.4170196779085,114.229830151877,08:30:00,510.0,2002-09-26,2022-08-01,,,2030-12-31,True,65.0,1,0
SR3261,乘客740,NWC,手杖,訓練,12345,"['Mon', 'Tue', 'Wed', 'Thu', 'Fri']",美林邨(的士站),沙田,22.3778610959751,114.174960330939,07:30:00,450.0,馬鞍山恆安邨恆江樓救世軍工場,沙田,22.4170196779085,114.229830151877,08:30:00,510.0,2010-02-08,2022-08-01,,,2030-12-31,True,60.0,0,1
SR3261,乘客741,NWC,其他 / 特殊情況,訓練,12345,"['Mon', 'Tue', 'Wed', 'Thu', 'Fri']",廣源邨廣橡樓,沙田,22.3802080186959,114.214985614538,07:45:00,465.0,馬鞍山恆安邨恆江樓救世軍工場,沙田,22.4170196779085,114.229830151877,08:30:00,510.0,2019-01-17,2022-08-01,,,2029-12-31,True,45.0,0,1
SR3261,乘客742,NWC,手杖,訓練,12345,"['Mon', 'Tue', 'Wed', 'Thu', 'Fri']",廣源邨廣橡樓,沙田,22.3802080186959,114.214985614538,07:45:00,465.0,馬鞍山恆安邨恆江樓救世軍工場,沙田,22.4170196779085,114.229830151877,08:30:00,510.0,2002-08-20,2022-08-01,,,2026-12-31,True,45.0,0,1
SR3261,乘客743,NWC,手動輪椅不可過椅,訓練,12345,"['Mon', 'Tue', 'Wed', 'Thu', 'Fri']",廣源邨廣橡樓,沙田,22.3802080186959,114.214985614538,07:45:00,465.0,隆亨邨樂心樓心理衛生會隆亨中心,沙田,22.3675134645756,114.177471813511,09:15:00,555.0,2010-01-06,2022-08-01,,,2026-12-31,True,90.0,0,1
SR3261,乘客744,WC,手杖,訓練,12345,"['Mon', 'Tue', 'Wed', 'Thu', 'Fri']",沙田廣林苑興林閣,沙田,22.3799712004971,114.216744019643,07:50:00,470.0,馬鞍山恆安邨恆江樓救世軍工場,沙田,22.4170196779085,114.229830151877,08:30:00,510.0,2025-02-06,2025-03-01,,,,True,40.0,1,0
SR3261,乘客745,NWC,其他 / 特殊情況,訓練,12345,"['Mon', 'Tue', 'Wed', 'Thu', 'Fri']",馬鞍山富安花園(巴士總站近OK便利店),沙田,22.405379194963,114.223687165563,08:05:00,485.0,馬鞍山恆安邨恆江樓救世軍工場,沙田,22.4170196779085,114.229830151877,08:30:00,510.0,2011-05-20,2022-08-01,,,2026-12-31,True,25.0,0,1
SR3261,乘客746,NWC,手動輪椅不可過椅,訓練,12345,"['Mon', 'Tue', 'Wed', 'Thu', 'Fri']",馬鞍山富安花園(巴士總站近OK便利店),沙田,22.405379194963,114.223687165563,08:05:00,485.0,隆亨邨樂心樓心理衛生會隆亨中心,沙田,22.3675134645756,114.177471813511,09:15:00,555.0,2014-07-09,2022-08-01,,,2026-12-31,True,70.0,0,1
SR3261,乘客747,WC,手杖,訓練,12345,"['Mon', 'Tue', 'Wed', 'Thu', 'Fri']",馬鞍山恆泰路錦泰苑商場,沙田,22.4090228559449,114.221777238375,08:15:00,495.0,馬鞍山恆安邨恆江樓救世軍工場,沙田,22.4170196779085,114.229830151877,08:30:00,510.0,2019-06-10,2022-08-01,,,2029-12-31,True,15.0,1,0
SR3261,乘客748,NWC,手推架,訓練,12345,"['Mon', 'Tue', 'Wed', 'Thu', 'Fri']",馬鞍山保泰街18號天宇海(入閘),沙田,22.4152783336934,114.223743901424,08:20:00,500.0,馬鞍山恆安邨恆江樓救世軍工場,沙田,22.4170196779085,114.229830151877,08:30:00,510.0,2018-07-26,2022-08-01,,,2028-12-31,True,10.0,0,1
SR3262,乘客749,NWC,手動輪椅不可過椅,訓練,125,"['Mon', 'Tue', 'Fri']",瀝源邨福海樓耀能協會新界東康復中心(過隧道近左面),沙田,22.385950128943,114.191787588252,15:00:00,900.0,駿景園8座,沙田,22.4006239550402,114.201793056048,15:15:00,915.0,2023-09-26,2024-03-01,,,2033-12-31,True,15.0,0,1
SR3262,乘客749跟車,WC,,訓練,125,"['Mon', 'Tue', 'Fri']",瀝源邨福海樓耀能協會新界東康復中心(過隧道近左面),沙田,22.385950128943,114.191787588252,15:00:00,900.0,駿景園8座,沙田,22.4006239550402,114.201793056048,15:15:00,915.0,2023-09-26,2024-03-01,,,2033-12-31,True,15.0,1,0
SR3262,乘客750,NWC,手推架;手杖,訓練,12345,"['Mon', 'Tue', 'Wed', 'Thu', 'Fri']",瀝源邨榮瑞樓唐氏綜合症協會卓業中心,沙田,22.3852687392622,114.191284794365,15:05:00,905.0,大圍顯徑邨顯貴樓,沙田,22.3610570296263,114.171003715004,15:55:00,955.0,2024-11-18,2025-01-01,,,,True,50.0,0,1
SR3262,乘客751,NWC,其他 / 特殊情況,訓練,12345,"['Mon', 'Tue', 'Wed', 'Thu', 'Fri']",新翠邨新芳樓賽馬會匡智工場,沙田,22.3712104827426,114.182084992603,15:35:00,935.0,新田圍邨富圍樓(近的士站),沙田,22.3699167318393,114.187154397276,16:20:00,980.0,2011-07-06,2022-08-01,,,2026-12-31,True,45.0,0,1
SR3262,乘客752,NWC,手動輪椅可以過椅,訓練,12345,"['Mon', 'Tue', 'Wed', 'Thu', 'Fri']",新翠邨新芳樓賽馬會匡智工場,沙田,22.3712104827426,114.182084992603,15:35:00,935.0,大圍顯徑邨顯沛樓(警署側球場),沙田,22.3657923161317,114.174744695113,15:45:00,945.0,2002-11-08,2022-08-01,,,2026-12-31,True,10.0,0,1
SR3262,乘客753,WC,手推架,訓練,12345,"['Mon', 'Tue', 'Wed', 'Thu', 'Fri']",新翠邨新芳樓賽馬會匡智工場,沙田,22.3712104827426,114.182084992603,15:35:00,935.0,大圍顯徑邨顯田街11號嘉順苑,沙田,22.3620089740097,114.174314936167,15:50:00,950.0,2024-10-10,2024-12-01,,,,True,15.0,1,0
SR3262,乘客754,NWC,其他 / 特殊情況,訓練,12345,"['Mon', 'Tue', 'Wed', 'Thu', 'Fri']",大圍美田邨美景樓基督教懷智服務處美田綜合復康服務中心,沙田,22.3760011226337,114.170048980861,16:05:00,965.0,新田圍邨富圍樓(近的士站),沙田,22.3699167318393,114.187154397276,16:20:00,980.0,2010-12-07,2022-08-01,,,2026-12-31,True,15.0,0,1
SR3262,乘客755,NWC,其他 / 特殊情況,訓練,12345,"['Mon', 'Tue', 'Wed', 'Thu', 'Fri']",馬鞍山恆安邨恆江樓救世軍工場,沙田,22.4170196779085,114.229830151877,16:55:00,1015.0,博康邨博逸樓,沙田,22.3757113916909,114.194599459967,17:40:00,1060.0,2021-02-17,2022-08-01,,,2031-12-31,True,45.0,0,1
SR3262,乘客756,NWC,其他 / 特殊情況,訓練,12345,"['Mon', 'Tue', 'Wed', 'Thu', 'Fri']",馬鞍山恆安邨恆江樓救世軍工場,沙田,22.4170196779085,114.229830151877,16:55:00,1015.0,大圍雲叠花園商場(後門田心街小巴站),沙田,22.368357683791,114.177577000471,17:55:00,1075.0,2011-04-08,2022-08-01,,,2026-12-31,True,60.0,0,1
SR3262,乘客757,NWC,手杖,訓練,12345,"['Mon', 'Tue', 'Wed', 'Thu', 'Fri']",馬鞍山恆安邨恆江樓救世軍工場,沙田,22.4170196779085,114.229830151877,16:55:00,1015.0,美林邨(的士站),沙田,22.3778610959751,114.174960330939,18:10:00,1090.0,2010-02-08,2022-08-01,,,2030-12-31,True,75.0,0,1
SR3262,乘客758,NWC,手杖,訓練,12345,"['Mon', 'Tue', 'Wed', 'Thu', 'Fri']",馬鞍山恆安邨恆江樓救世軍工場,沙田,22.4170196779085,114.229830151877,16:55:00,1015.0,美林邨美林官立小學(入邨到尾),沙田,22.3795623644532,114.174806252141,18:15:00,1095.0,2002-09-26,2022-08-01,,,2030-12-31,True,80.0,0,1
SR3271,乘客759,NWC,其他 / 特殊情況,上學,12345,"['Mon', 'Tue', 'Wed', 'Thu', 'Fri']",深水埗 大埔道中國聯合銀行九龍分行大樓,深水埗,22.3270899308018,114.167621876034,07:00:00,420.0,葵合街22號耀能協會羅怡基學校,深水埗,22.365822220536,114.129328069516,09:00:00,540.0,2025-08-22,2025-10-01,,,,True,120.0,0,1
SR3271,乘客760,NWC,手動輪椅不可過椅,上學,12345,"['Mon', 'Tue', 'Wed', 'Thu', 'Fri']",太子基堤道(巴士站),油尖旺,22.3256314967202,114.174104529907,07:10:00,430.0,葵合街22號耀能協會羅怡基學校,油尖旺,22.365822220536,114.129328069516,09:00:00,540.0,2019-11-04,2022-08-01,,,2032-12-31,True,110.0,0,1
SR3271,乘客761,WC,手動輪椅不可過椅;手動輪椅可以過椅,上學,12345,"['Mon', 'Tue', 'Wed', 'Thu', 'Fri']",黃埔花園一期 金柏苑 (近停車場口),九龍城,22.3050951952054,114.187252793959,07:30:00,450.0,葵合街22號耀能協會羅怡基學校,九龍城,22.365822220536,114.129328069516,09:00:00,540.0,2025-10-03,2025-11-01,,,,True,90.0,1,0
SR3271,乘客762,WC,其他 / 特殊情況,上學,12345,"['Mon', 'Tue', 'Wed', 'Thu', 'Fri']",柯士甸道西1號凱旋門(迴旋處),油尖旺,22.3032932666127,114.162366543453,08:05:00,485.0,葵合街22號耀能協會羅怡基學校,油尖旺,22.365822220536,114.129328069516,09:00:00,540.0,2018-07-24,2022-08-01,,,2028-12-31,True,55.0,1,0
SR3271,乘客763,NWC,其他 / 特殊情況,訓練,12345,"['Mon', 'Tue', 'Wed', 'Thu', 'Fri']",尖沙咀柯士甸路15B嘉華大廈,油尖旺,22.3024638834091,114.175032816559,08:15:00,495.0,荔景山路200號救世軍荔景院,油尖旺,22.3450479206061,114.127917588699,09:20:00,560.0,2024-06-13,2024-07-01,,,,True,65.0,0,1
SR3271,乘客764,NWC,不需輔助工具,上學,12345,"['Mon', 'Tue', 'Wed', 'Thu', 'Fri']",油麻地上海街61號嘉成大廈,油尖旺,22.3046224878073,114.168980462784,08:25:00,505.0,葵合街22號耀能協會羅怡基學校,油尖旺,22.365822220536,114.129328069516,09:00:00,540.0,2023-07-27,2024-03-01,,,,True,35.0,0,1
SR3271,乘客765,NWC,其他 / 特殊情況,上學,12345,"['Mon', 'Tue', 'Wed', 'Thu', 'Fri']",佐敦文昌街21號文蔚樓,油尖旺,22.3080340806778,114.166705540533,08:35:00,515.0,葵合街22號耀能協會羅怡基學校,油尖旺,22.365822220536,114.129328069516,09:00:00,540.0,2021-07-06,2022-08-01,,,2031-12-31,True,25.0,0,1
SR3271,乘客765跟車,NWC,,上學,12345,"['Mon', 'Tue', 'Wed', 'Thu', 'Fri']",佐敦文昌街21號文蔚樓,油尖旺,22.3080340806778,114.166705540533,08:35:00,515.0,葵合街22號耀能協會羅怡基學校,油尖旺,22.365822220536,114.129328069516,09:00:00,540.0,2021-07-06,2022-08-01,,,2031-12-31,True,25.0,0,1
SR3272,乘客766,NWC,手動輪椅不可過椅,上學,12345,"['Mon', 'Tue', 'Wed', 'Thu', 'Fri']",安達臣道301號靈實恩光學校,將軍澳,22.3214554498288,114.244014640255,15:00:00,900.0,富昌邨富萊樓,將軍澳,22.3289881070813,114.154024581654,15:40:00,940.0,2019-09-03,2022-08-01,,,2030-12-31,True,40.0,0,1
SR3272,乘客766跟車,WC,,上學,12345,"['Mon', 'Tue', 'Wed', 'Thu', 'Fri']",安達臣道301號靈實恩光學校,將軍澳,22.3214554498288,114.244014640255,15:00:00,900.0,富昌邨富萊樓,將軍澳,22.3289881070813,114.154024581654,15:40:00,940.0,2019-09-03,2022-08-01,,,2030-12-31,True,40.0,1,0
SR3272,乘客767,NWC,手動輪椅不可過椅,上學,12345,"['Mon', 'Tue', 'Wed', 'Thu', 'Fri']",安達臣道301號靈實恩光學校,將軍澳,22.3214554498288,114.244014640255,15:00:00,900.0,葵涌麗瑤邨富瑤樓 (近街市),將軍澳,22.3540073212773,114.130224195306,16:00:00,960.0,2025-07-03,2025-09-01,,,,True,60.0,0,1
SR3272,乘客767跟車,WC,,上學,12345,"['Mon', 'Tue', 'Wed', 'Thu', 'Fri']",安達臣道301號靈實恩光學校,將軍澳,22.3214554498288,114.244014640255,15:00:00,900.0,葵涌麗瑤邨富瑤樓 (近街市),將軍澳,22.3540073212773,114.130224195306,16:00:00,960.0,2025-07-03,2025-09-01,,,,True,60.0,1,0
SR3272,乘客768,NWC,其他 / 特殊情況,上學,12345,"['Mon', 'Tue', 'Wed', 'Thu', 'Fri']",安達臣道301號靈實恩光學校,將軍澳,22.3214554498288,114.244014640255,15:00:00,900.0,荃灣祈德尊新邨 (海盛路B座),將軍澳,22.3705137606768,114.11040490734,15:45:00,945.0,2025-07-20,2025-09-01,,,,True,45.0,0,1
SR3272,乘客768跟車,NWC,,上學,12345,"['Mon', 'Tue', 'Wed', 'Thu', 'Fri']",安達臣道301號靈實恩光學校,將軍澳,22.3214554498288,114.244014640255,15:00:00,900.0,荃灣祈德尊新邨 (海盛路B座),將軍澳,22.3705137606768,114.11040490734,15:45:00,945.0,2025-07-20,2025-09-01,,,,True,45.0,0,1
SR3272,乘客769,NWC,其他 / 特殊情況,訓練,12345,"['Mon', 'Tue', 'Wed', 'Thu', 'Fri']",荔景山路200號救世軍荔景院,葵涌,22.3450479206061,114.127917588699,15:55:00,955.0,尖沙咀柯士甸路15B嘉華大廈,葵涌,22.3024638834091,114.175032816559,17:20:00,1040.0,2024-06-13,2024-07-01,,,,True,85.0,0,1
SR3272,乘客770,NWC,其他 / 特殊情況,上學,12345,"['Mon', 'Tue', 'Wed', 'Thu', 'Fri']",葵合街22號耀能協會羅怡基學校,葵涌,22.365822220536,114.129328069516,16:10:00,970.0,柯士甸道西1號凱旋門(迴旋處),葵涌,22.3032932666127,114.162366543453,16:50:00,1010.0,2018-07-24,2022-08-01,,,2028-12-31,True,40.0,0,1
SR3272,乘客771,NWC,其他 / 特殊情況,上學,12345,"['Mon', 'Tue', 'Wed', 'Thu', 'Fri']",葵合街22號耀能協會羅怡基學校,葵涌,22.365822220536,114.129328069516,16:10:00,970.0,佐敦文昌街21號文蔚樓,葵涌,22.3080340806778,114.166705540533,17:10:00,1030.0,2021-07-06,2022-08-01,,,2031-12-31,True,60.0,0,1
SR3272,乘客772,NWC,手動輪椅不可過椅;手動輪椅可以過椅,上學,12345,"['Mon', 'Tue', 'Wed', 'Thu', 'Fri']",葵合街22號耀能協會羅怡基學校,葵涌,22.365822220536,114.129328069516,16:10:00,970.0,黃埔花園一期 金柏苑 (近停車場口),葵涌,22.3050951952054,114.187252793959,17:35:00,1055.0,2025-10-03,2025-11-01,,,,True,85.0,0,1
SR3272,乘客773,WC,嬰兒手推車型輪椅;手推架,上學,12345,"['Mon', 'Tue', 'Wed', 'Thu', 'Fri']",葵合街22號耀能協會羅怡基學校,葵涌,22.365822220536,114.129328069516,16:10:00,970.0,牛頭角彩興路簡約公屋,葵涌,22.3313784058777,114.216885780353,18:00:00,1080.0,2025-07-04,2025-09-01,,,,True,110.0,1,0
SR3272,乘客773跟車,WC,,上學,12345,"['Mon', 'Tue', 'Wed', 'Thu', 'Fri']",葵合街22號耀能協會羅怡基學校,葵涌,22.365822220536,114.129328069516,16:10:00,970.0,牛頭角彩興路簡約公屋,葵涌,22.3313784058777,114.216885780353,18:00:00,1080.0,2025-07-04,2025-09-01,,,,True,110.0,1,0
SR3272,乘客774,NWC,不需輔助工具,上學,12345,"['Mon', 'Tue', 'Wed', 'Thu', 'Fri']",葵合街22號耀能協會羅怡基學校,葵涌,22.365822220536,114.129328069516,16:10:00,970.0,油麻地上海街61號嘉成大廈,葵涌,22.3046224878073,114.168980462784,17:00:00,1020.0,2023-07-27,2024-03-01,,,,True,50.0,0,1
SR3272,乘客775,NWC,其他 / 特殊情況,上學,12345,"['Mon', 'Tue', 'Wed', 'Thu', 'Fri']",葵合街22號耀能協會羅怡基學校,葵涌,22.365822220536,114.129328069516,16:10:00,970.0,深水埗 大埔道中國聯合銀行九龍分行大樓,葵涌,22.3270899308018,114.167621876034,16:35:00,995.0,2025-08-22,2025-10-01,,,,True,25.0,0,1
SR3281,乘客776,NWC,手杖,訓練,12345,"['Mon', 'Tue', 'Wed', 'Thu', 'Fri']",長青邨青桃樓,青衣,22.3455361813813,114.109131232971,07:00:00,420.0,豐安街1號展亮技能發展中心,青衣,22.3843094323628,113.971921106062,08:15:00,495.0,2025-10-10,2025-12-01,,,,True,75.0,0,1
SR3281,乘客777,NWC,手動輪椅不可過椅,訓練,12345,"['Mon', 'Tue', 'Wed', 'Thu', 'Fri']",梨木樹邨松樹樓,荃灣,22.3792735162164,114.13563573261,07:15:00,435.0,安定邨定泰樓香港耀能協會安定宿舍,荃灣,22.3878459673284,113.977129093216,08:10:00,490.0,2009-12-29,2022-08-01,,,2026-12-31,True,55.0,0,1
SR3281,乘客778,WC,其他 / 特殊情況,訓練,12345,"['Mon', 'Tue', 'Wed', 'Thu', 'Fri']",楊屋道1號荃新天地鄰舍輔導會怡康居(上落貨區),荃灣,22.3694950394267,114.113214343407,07:30:00,450.0,蝴蝶邨蝶意樓鄰舍輔導會工場(仁德天主教小學側停車場),荃灣,22.3760236089532,113.963491512947,08:30:00,510.0,2009-04-27,2022-08-01,,,2026-12-31,True,60.0,1,0
SR3281,乘客779,NWC,其他 / 特殊情況,上學,12345,"['Mon', 'Tue', 'Wed', 'Thu', 'Fri']",青山公路644號翠濤閣2座,荃灣,22.3704999531762,114.09840955958,07:45:00,465.0,豐安街1號展亮技能發展中心,荃灣,22.3843094323628,113.971921106062,08:15:00,495.0,2023-09-06,2024-03-01,,,,True,30.0,0,1
SR3281,乘客780,NWC,手動輪椅不可過椅,上學,12345,"['Mon', 'Tue', 'Wed', 'Thu', 'Fri']",良德街3號豐連,屯門,22.4092923369435,113.967936189109,08:45:00,525.0,公園南路26號保良局羅氏信託學校,屯門,22.4407665228824,114.017589729338,09:50:00,590.0,2019-07-30,2022-08-01,,,2031-12-31,True,65.0,0,1
SR3281,乘客781,WC,手動輪椅可以過椅,上學,12345,"['Mon', 'Tue', 'Wed', 'Thu', 'Fri']",和田邨(閘內),屯門,22.4147011078035,113.968586781654,08:55:00,535.0,公園南路26號保良局羅氏信託學校,屯門,22.4407665228824,114.017589729338,09:50:00,590.0,2023-09-11,2024-03-01,,,,True,55.0,1,0
SR3281,乘客782,WC,嬰兒手推車型輪椅;手動輪椅可以過椅,上學,12345,"['Mon', 'Tue', 'Wed', 'Thu', 'Fri']",和田邨(閘內),屯門,22.4147011078035,113.968586781654,08:55:00,535.0,公園南路26號保良局羅氏信託學校,屯門,22.4407665228824,114.017589729338,09:50:00,590.0,2024-09-19,2024-11-01,,,,True,55.0,1,0
SR3281,乘客783,WC,其他 / 特殊情況,上學,12345,"['Mon', 'Tue', 'Wed', 'Thu', 'Fri']",欣田邨(近青麟路巴士站),屯門,22.4146934114742,113.976631395912,09:05:00,545.0,公園南路26號保良局羅氏信託學校,屯門,22.4407665228824,114.017589729338,09:50:00,590.0,2018-07-11,2022-08-01,,,2028-12-31,True,45.0,1,0
SR3281,乘客784,NWC,手杖,訓練,12345,"['Mon', 'Tue', 'Wed', 'Thu', 'Fri']",屯門新村(巴士站),屯門,22.418245250274,113.982372933449,09:15:00,555.0,朗屏邨悅屏樓5-20號基督教懷智服務處朗藝坊,屯門,22.4482779894458,114.022689841101,10:10:00,610.0,2018-04-26,2022-08-01,,,2028-12-31,True,55.0,0,1
SR3281,乘客785,NWC,手動輪椅不可過椅,上學,12345,"['Mon', 'Tue', 'Wed', 'Thu', 'Fri']",屯富路15號紀律部隊宿舍,屯門,22.4092707023815,113.980050375878,09:25:00,565.0,公園南路26號保良局羅氏信託學校,屯門,22.4407665228824,114.017589729338,09:50:00,590.0,2021-07-07,2022-08-01,,,2031-12-31,True,25.0,0,1
SR3281,乘客785跟車,WC,,上學,12345,"['Mon', 'Tue', 'Wed', 'Thu', 'Fri']",屯富路15號紀律部隊宿舍,屯門,22.4092707023815,113.980050375878,09:25:00,565.0,公園南路26號保良局羅氏信託學校,屯門,22.4407665228824,114.017589729338,09:50:00,590.0,2021-07-07,2022-08-01,,,2031-12-31,True,25.0,1,0
SR3281,乘客786,NWC,不需輔助工具,訓練,12345,"['Mon', 'Tue', 'Wed', 'Thu', 'Fri']",安寧路欣康樓盲人輔導會欣悅軒(巴士站),元朗,22.4458726990161,114.022348698922,10:00:00,600.0,朗屏邨悅屏樓5-20號基督教懷智服務處朗藝坊,元朗,22.4482779894458,114.022689841101,10:10:00,610.0,2021-07-10,2022-08-01,,,2031-12-31,True,10.0,0,1
SR3281,乘客787,NWC,白手杖,訓練,12345,"['Mon', 'Tue', 'Wed', 'Thu', 'Fri']",安寧路欣康樓盲人輔導會欣悅軒(巴士站),元朗,22.4458726990161,114.022348698922,10:00:00,600.0,蝴蝶邨蝶意樓鄰舍輔導會工場(仁德天主教小學側停車場),元朗,22.3760236089532,113.963491512947,10:35:00,635.0,2024-07-10,2024-09-01,,,,True,35.0,0,1
SR3281,乘客788,NWC,白手杖,訓練,12345,"['Mon', 'Tue', 'Wed', 'Thu', 'Fri']",安寧路欣康樓盲人輔導會欣悅軒(巴士站),元朗,22.4458726990161,114.022348698922,10:00:00,600.0,蝴蝶邨蝶意樓鄰舍輔導會工場(仁德天主教小學側停車場),元朗,22.3760236089532,113.963491512947,10:35:00,635.0,2024-09-16,2024-10-01,,,,True,35.0,0,1
SR3282,乘客789,NWC,其他 / 特殊情況,訓練,12345,"['Mon', 'Tue', 'Wed', 'Thu', 'Fri']",葵盛圍310號保良局夏利萊博士伉儷復康中心,葵涌,22.3606246094388,114.125004068297,16:00:00,960.0,屯門青發里8號 琨崙 青玥琳,葵涌,22.366106268245,114.000713032374,17:35:00,1055.0,2025-08-18,2025-10-01,,,,True,95.0,0,1
SR3282,乘客790,NWC,其他 / 特殊情況,上學,12345,"['Mon', 'Tue', 'Wed', 'Thu', 'Fri']",葵合街22號耀能協會羅怡基學校,葵涌,22.365822220536,114.129328069516,16:15:00,975.0,深井麗都花園(巴士站),葵涌,22.3668132579401,114.059034234639,17:20:00,1040.0,2014-07-03,2022-08-01,,,2026-12-31,True,65.0,0,1
SR3282,乘客791,NWC,其他 / 特殊情況,上學,12345,"['Mon', 'Tue', 'Wed', 'Thu', 'Fri']",葵合街22號耀能協會羅怡基學校,葵涌,22.365822220536,114.129328069516,16:15:00,975.0,深井麗都花園(巴士站),葵涌,22.3668132579401,114.059034234639,17:20:00,1040.0,2015-06-08,2022-08-01,,,2026-12-31,True,65.0,0,1
SR3282,乘客792,NWC,其他 / 特殊情況,上學,12345,"['Mon', 'Tue', 'Wed', 'Thu', 'Fri']",葵合街22號耀能協會羅怡基學校,葵涌,22.365822220536,114.129328069516,16:15:00,975.0,青龍頭龍騰路帝華軒(近噴水池),葵涌,22.3626420919873,114.044871216305,17:25:00,1045.0,2019-08-23,2022-08-01,,,2029-12-31,True,70.0,0,1
SR3282,乘客793,NWC,手動輪椅不可過椅,上學,12345,"['Mon', 'Tue', 'Wed', 'Thu', 'Fri']",葵合街22號耀能協會羅怡基學校,葵涌,22.365822220536,114.129328069516,16:15:00,975.0,錦繡花園荔枝南路149號,葵涌,22.481587017685,114.047749122137,18:10:00,1090.0,2025-06-16,2025-07-01,,,,True,115.0,0,1
SR3282,乘客793跟車,WC,,上學,12345,"['Mon', 'Tue', 'Wed', 'Thu', 'Fri']",葵合街22號耀能協會羅怡基學校,葵涌,22.365822220536,114.129328069516,16:15:00,975.0,錦繡花園荔枝南路149號,葵涌,22.481587017685,114.047749122137,18:10:00,1090.0,2025-06-16,2025-07-01,,,,True,115.0,1,0
SR3282,乘客794,NWC,電動輪椅,上學,12345,"['Mon', 'Tue', 'Wed', 'Thu', 'Fri']",葵合街22號耀能協會羅怡基學校,葵涌,22.365822220536,114.129328069516,16:15:00,975.0,荃威花園F座,葵涌,22.3770432919248,114.102920442912,17:00:00,1020.0,2024-01-11,2024-04-01,,,,True,45.0,0,1
SR3282,乘客794跟車,WC,,上學,12345,"['Mon', 'Tue', 'Wed', 'Thu', 'Fri']",葵合街22號耀能協會羅怡基學校,葵涌,22.365822220536,114.129328069516,16:15:00,975.0,荃威花園F座,葵涌,22.3770432919248,114.102920442912,17:00:00,1020.0,2024-01-11,2024-04-01,,,,True,45.0,1,0
SR3282,乘客795,NWC,電動輪椅,上學,12345,"['Mon', 'Tue', 'Wed', 'Thu', 'Fri']",葵合街22號耀能協會羅怡基學校,葵涌,22.365822220536,114.129328069516,16:15:00,975.0,海濱花園海明閣11座,葵涌,22.3613980803678,114.112871383131,16:40:00,1000.0,2025-10-24,2025-12-01,,,,True,25.0,0,1
SR3282,乘客796,WC,手杖,上學,12345,"['Mon', 'Tue', 'Wed', 'Thu', 'Fri']",葵合街22號耀能協會羅怡基學校,葵涌,22.365822220536,114.129328069516,16:15:00,975.0,深井麗都花園(巴士站),葵涌,22.3668132579401,114.059034234639,17:20:00,1040.0,2023-01-05,2022-08-01,,,2033-12-31,True,65.0,1,0
SR3291,乘客797,NWC,其他 / 特殊情況,上學,12345,"['Mon', 'Tue', 'Wed', 'Thu', 'Fri']",梨木樹邨柏樹樓,荃灣,22.378640475987,114.134634896694,07:35:00,455.0,禾輋邨豐禾里2號耀能協會高福耀學校,荃灣,22.3880619400787,114.193646480171,08:25:00,505.0,2025-04-14,2025-05-01,,,,True,50.0,0,1
SR3291,乘客798,NWC,手動輪椅可以過椅,上學,12345,"['Mon', 'Tue', 'Wed', 'Thu', 'Fri']",碧濤花園1期(避車處),沙田,22.3942324956365,114.207938776383,08:00:00,480.0,禾輋邨豐禾里2號耀能協會高福耀學校,沙田,22.3880619400787,114.193646480171,08:25:00,505.0,2026-02-04,2026-03-01,,,,True,25.0,0,1
SR3291,乘客799,WC,手動輪椅可以過椅,上學,12345,"['Mon', 'Tue', 'Wed', 'Thu', 'Fri']",碧濤花園1期(避車處),沙田,22.3942324956365,114.207938776383,08:00:00,480.0,禾輋邨豐禾里2號耀能協會高福耀學校,沙田,22.3880619400787,114.193646480171,08:25:00,505.0,2026-02-04,2026-03-01,,,,True,25.0,1,0
SR3291,乘客799跟車,WC,,上學,12345,"['Mon', 'Tue', 'Wed', 'Thu', 'Fri']",碧濤花園1期(避車處),沙田,22.3942324956365,114.207938776383,08:00:00,480.0,禾輋邨豐禾里2號耀能協會高福耀學校,沙田,22.3880619400787,114.193646480171,08:25:00,505.0,2026-02-04,2026-03-01,,,,True,25.0,1,0
SR3291,乘客800,NWC,電動輪椅,訓練,12345,"['Mon', 'Tue', 'Wed', 'Thu', 'Fri']",碧濤花園1期(避車處),沙田,22.3942324956365,114.207938776383,08:00:00,480.0,禾輋邨民和樓香港耀能協會禾輋工場,沙田,22.3896818562553,114.195226190129,08:30:00,510.0,2026-01-30,2026-03-01,,,,True,30.0,0,1
SR3291,乘客801,WC,手動輪椅不可過椅,上學,12345,"['Mon', 'Tue', 'Wed', 'Thu', 'Fri']",沙田富豪花園翡翠閣,沙田,22.3856284161059,114.200267588691,08:10:00,490.0,禾輋邨豐禾里2號耀能協會高福耀學校,沙田,22.3880619400787,114.193646480171,08:25:00,505.0,2025-07-08,2025-09-01,,,,True,15.0,1,0
SR3291,乘客802,WC,手杖,訓練,12345,"['Mon', 'Tue', 'Wed', 'Thu', 'Fri']",大圍美田邨美致樓(入閘後轉左),沙田,22.376327046827,114.171454621644,08:45:00,525.0,石硤尾南昌街332號賽馬會新生精神康復會工場,沙田,22.3387943641815,114.168218621516,10:05:00,605.0,2021-05-13,2022-08-01,,,2031-12-31,True,80.0,1,0
SR3291,乘客803,NWC,手動輪椅可以過椅,上學,12345,"['Mon', 'Tue', 'Wed', 'Thu', 'Fri']",大圍美田邨美致樓(入閘後轉左),沙田,22.376327046827,114.171454621644,08:45:00,525.0,歌和老街53號香港心理衛生會臻和學校,沙田,22.3399607347764,114.168054871166,09:50:00,590.0,2015-07-23,2022-08-01,,,2031-12-31,True,65.0,0,1
SR3291,乘客803跟車,WC,,上學,12345,"['Mon', 'Tue', 'Wed', 'Thu', 'Fri']",大圍美田邨美致樓(入閘後轉左),沙田,22.376327046827,114.171454621644,08:45:00,525.0,歌和老街53號香港心理衛生會臻和學校,沙田,22.3399607347764,114.168054871166,09:50:00,590.0,2015-07-23,2022-08-01,,,2031-12-31,True,65.0,1,0
SR3291,乘客804,NWC,手動輪椅不可過椅;嬰兒手推車型輪椅,上學,12345,"['Mon', 'Tue', 'Wed', 'Thu', 'Fri']",碧田街8號翠景花園1座,沙田,22.3782033047378,114.173174971929,08:55:00,535.0,歌和老街53號香港心理衛生會臻和學校,沙田,22.3399607347764,114.168054871166,09:50:00,590.0,2021-07-06,2024-03-01,,,2033-12-31,True,55.0,0,1
SR3291,乘客804跟車,WC,,上學,12345,"['Mon', 'Tue', 'Wed', 'Thu', 'Fri']",碧田街8號翠景花園1座,沙田,22.3782033047378,114.173174971929,08:55:00,535.0,歌和老街53號香港心理衛生會臻和學校,沙田,22.3399607347764,114.168054871166,09:50:00,590.0,2021-07-06,2024-03-01,,,2033-12-31,True,55.0,1,0
SR3291,乘客805,NWC,嬰兒手推車型輪椅,上學,12345,"['Mon', 'Tue', 'Wed', 'Thu', 'Fri']",秦石邨石瑩樓(的士站),沙田,22.3731213033502,114.186009571119,09:15:00,555.0,歌和老街53號香港心理衛生會臻和學校,沙田,22.3399607347764,114.168054871166,09:50:00,590.0,2017-08-14,2022-08-01,,,2026-12-31,True,35.0,0,1
SR3291,乘客805跟車,WC,,上學,12345,"['Mon', 'Tue', 'Wed', 'Thu', 'Fri']",秦石邨石瑩樓(的士站),沙田,22.3731213033502,114.186009571119,09:15:00,555.0,歌和老街53號香港心理衛生會臻和學校,沙田,22.3399607347764,114.168054871166,09:50:00,590.0,2017-08-14,2022-08-01,,,2026-12-31,True,35.0,1,0
SR3291,乘客806,NWC,手動輪椅不可過椅,上學,12345,"['Mon', 'Tue', 'Wed', 'Thu', 'Fri']",新田圍邨富圍樓(近的士站),沙田,22.3699167318393,114.187154397276,09:20:00,560.0,歌和老街53號香港心理衛生會臻和學校,沙田,22.3399607347764,114.168054871166,09:50:00,590.0,2016-07-26,2022-08-01,,,2026-12-31,True,30.0,0,1
SR3291,乘客806跟車,WC,,上學,12345,"['Mon', 'Tue', 'Wed', 'Thu', 'Fri']",新田圍邨富圍樓(近的士站),沙田,22.3699167318393,114.187154397276,09:20:00,560.0,歌和老街53號香港心理衛生會臻和學校,沙田,22.3399607347764,114.168054871166,09:50:00,590.0,2016-07-26,2022-08-01,,,2026-12-31,True,30.0,1,0
SR3291,乘客807,NWC,手動輪椅不可過椅,上學,12345,"['Mon', 'Tue', 'Wed', 'Thu', 'Fri']",大圍嘉田苑嘉慧閣,沙田,22.3604344944471,114.172671640952,09:35:00,575.0,歌和老街53號香港心理衛生會臻和學校,沙田,22.3399607347764,114.168054871166,09:50:00,590.0,2017-08-14,2022-08-01,,,2030-12-31,True,15.0,0,1
SR3291,乘客807跟車,WC,,上學,12345,"['Mon', 'Tue', 'Wed', 'Thu', 'Fri']",大圍嘉田苑嘉慧閣,沙田,22.3604344944471,114.172671640952,09:35:00,575.0,歌和老街53號香港心理衛生會臻和學校,沙田,22.3399607347764,114.168054871166,09:50:00,590.0,2017-08-14,2022-08-01,,,2030-12-31,True,15.0,1,0
SR3292,乘客808,NWC,其他 / 特殊情況,上學,12345,"['Mon', 'Tue', 'Wed', 'Thu', 'Fri']",禾輋邨豐禾里2號耀能協會高福耀學校,沙田,22.3880619400787,114.193646480171,15:30:00,930.0,馬鞍山大水坑村99號(停車場),沙田,22.4063927208446,114.223445537409,15:45:00,945.0,2021-06-30,2022-08-01,,,2031-12-31,True,15.0,0,1
SR3292,乘客809,NWC,腳架,上學,12345,"['Mon', 'Tue', 'Wed', 'Thu', 'Fri']",禾輋邨豐禾里2號耀能協會高福耀學校,沙田,22.3880619400787,114.193646480171,15:30:00,930.0,馬鞍山恆泰路錦泰苑商場,沙田,22.4090228559449,114.221777238375,15:55:00,955.0,2018-02-27,2022-08-01,,,2029-12-31,True,25.0,0,1
SR3292,乘客810,NWC,手動輪椅不可過椅,上學,12345,"['Mon', 'Tue', 'Wed', 'Thu', 'Fri']",禾輋邨豐禾里2號耀能協會高福耀學校,沙田,22.3880619400787,114.193646480171,15:30:00,930.0,沙田第一城11座,沙田,22.3876028608795,114.203206732711,16:35:00,995.0,2025-07-07,2025-09-01,,,,True,65.0,0,1
SR3292,乘客810跟車,WC,,上學,12345,"['Mon', 'Tue', 'Wed', 'Thu', 'Fri']",禾輋邨豐禾里2號耀能協會高福耀學校,沙田,22.3880619400787,114.193646480171,15:30:00,930.0,沙田第一城11座,沙田,22.3876028608795,114.203206732711,16:35:00,995.0,2025-07-07,2025-09-01,,,,True,65.0,1,0
SR3292,乘客811,NWC,其他 / 特殊情況;不需輔助工具,上學,12345,"['Mon', 'Tue', 'Wed', 'Thu', 'Fri']",禾輋邨豐禾里2號耀能協會高福耀學校,沙田,22.3880619400787,114.193646480171,15:30:00,930.0,馬鞍山西沙路銀湖天峰(地下烏溪沙站交通交匯處),沙田,22.4283580393093,114.243762321948,16:20:00,980.0,2022-07-05,2022-08-01,,,2032-12-31,True,50.0,0,1
SR3292,乘客812,NWC,手動輪椅不可過椅;嬰兒手推車型輪椅,上學,12345,"['Mon', 'Tue', 'Wed', 'Thu', 'Fri']",禾輋邨豐禾里2號耀能協會高福耀學校,沙田,22.3880619400787,114.193646480171,15:30:00,930.0,馬鞍山保泰街18號天宇海(入閘),沙田,22.4152783336934,114.223743901424,16:00:00,960.0,2025-07-08,2025-09-01,,,,True,30.0,0,1
SR3292,乘客812跟車,WC,,上學,12345,"['Mon', 'Tue', 'Wed', 'Thu', 'Fri']",禾輋邨豐禾里2號耀能協會高福耀學校,沙田,22.3880619400787,114.193646480171,15:30:00,930.0,馬鞍山保泰街18號天宇海(入閘),沙田,22.4152783336934,114.223743901424,16:00:00,960.0,2025-07-08,2025-09-01,,,,True,30.0,1,0
SR3292,乘客813,NWC,手動輪椅不可過椅,上學,12345,"['Mon', 'Tue', 'Wed', 'Thu', 'Fri']",禾輋邨豐禾里2號耀能協會高福耀學校,沙田,22.3880619400787,114.193646480171,15:30:00,930.0,沙田第一城11座,沙田,22.3876028608795,114.203206732711,16:35:00,995.0,2024-09-11,2024-11-01,,,,True,65.0,0,1
SR3292,乘客814,WC,其他 / 特殊情況,上學,12345,"['Mon', 'Tue', 'Wed', 'Thu', 'Fri']",禾輋邨豐禾里2號耀能協會高福耀學校,沙田,22.3880619400787,114.193646480171,15:30:00,930.0,馬鞍山嵐岸1座,沙田,22.4114786357961,114.222844172059,16:10:00,970.0,2026-01-14,2026-03-01,,,,True,40.0,1,0
SR3292,乘客815,NWC,手動輪椅可以過椅;白手杖,上學,1234,"['Mon', 'Tue', 'Wed', 'Thu']",沙田東華三院馮黃鳳亭中學,沙田,22.3848640525499,114.192836684179,16:45:00,1005.0,新翠邨新俊樓,沙田,22.3689505071165,114.182399560805,17:50:00,1070.0,2025-12-01,2026-02-01,,,,True,65.0,0,1
SR3292,乘客816,WC,手動輪椅可以過椅,上學,12345,"['Mon', 'Tue', 'Wed', 'Thu', 'Fri']",禾輋邨豐禾里2號耀能協會高福耀學校,沙田,22.3880619400787,114.193646480171,16:50:00,1010.0,大圍徑口里 (過雙黃線),沙田,22.3644922959154,114.175312558017,17:35:00,1055.0,2024-09-19,2024-11-01,,,,True,45.0,1,0
SR3292,乘客816跟車,WC,,上學,12345,"['Mon', 'Tue', 'Wed', 'Thu', 'Fri']",禾輋邨豐禾里2號耀能協會高福耀學校,沙田,22.3880619400787,114.193646480171,16:50:00,1010.0,大圍徑口里 (過雙黃線),沙田,22.3644922959154,114.175312558017,17:35:00,1055.0,2024-09-19,2024-11-01,,,,True,45.0,1,0
SR3292,乘客817,NWC,手動輪椅不可過椅,上學,12345,"['Mon', 'Tue', 'Wed', 'Thu', 'Fri']",禾輋邨豐禾里2號耀能協會高福耀學校,沙田,22.3880619400787,114.193646480171,16:50:00,1010.0,大圍隆亨邨樂善堂楊葛小琳中學,沙田,22.3669871429106,114.177775343445,17:25:00,1045.0,2025-04-16,2025-06-01,,,,True,35.0,0,1
SR3292,乘客818,WC,手動輪椅不可過椅,上學,12345,"['Mon', 'Tue', 'Wed', 'Thu', 'Fri']",禾輋邨豐禾里2號耀能協會高福耀學校,沙田,22.3880619400787,114.193646480171,16:50:00,1010.0,沙田富豪花園翡翠閣,沙田,22.3856284161059,114.200267588691,17:10:00,1030.0,2025-07-08,2025-09-01,,,,True,20.0,1,0
SR3301,乘客819,WC,手動輪椅不可過椅;嬰兒手推車型輪椅,上學,12345,"['Mon', 'Tue', 'Wed', 'Thu', 'Fri']",太古城金楓閣,東區,22.2876189198224,114.215773515696,08:15:00,495.0,尖沙咀金巴利道35號金巴利中心領棨學校,東區,22.3009306137333,114.173857265906,08:55:00,535.0,2021-04-28,2022-08-01,,,2033-12-31,True,40.0,1,0
SR3301,乘客819跟車,WC,,上學,12345,"['Mon', 'Tue', 'Wed', 'Thu', 'Fri']",太古城金楓閣,東區,22.2876189198224,114.215773515696,08:15:00,495.0,尖沙咀金巴利道35號金巴利中心領棨學校,東區,22.3009306137333,114.173857265906,08:55:00,535.0,2021-04-28,2022-08-01,,,2033-12-31,True,40.0,1,0
SR3302,乘客820,NWC,其他 / 特殊情況,訓練,12345,"['Mon', 'Tue', 'Wed', 'Thu', 'Fri']",天水圍天耀邨耀民樓耀能協會天耀工場,元朗,22.4503067538564,114.003433879632,15:00:00,900.0,上水火車站 (彩園路),元朗,22.5014135712022,114.127464197362,15:25:00,925.0,2017-05-12,2022-08-01,,,2026-12-31,True,25.0,0,1
SR3302,乘客821,NWC,電動輪椅,訓練,12345,"['Mon', 'Tue', 'Wed', 'Thu', 'Fri']",天水圍天耀邨耀民樓耀能協會天耀工場,元朗,22.4503067538564,114.003433879632,15:00:00,900.0,上水祥龍圍邨服務設施大樓仁濟醫院何德心宿舍(入停車場),元朗,22.4947289794845,114.123583847154,15:35:00,935.0,2017-05-09,2022-08-01,,,2026-12-31,True,35.0,0,1
SR3302,乘客822,WC,手杖,訓練,12345,"['Mon', 'Tue', 'Wed', 'Thu', 'Fri']",天水圍天耀邨耀民樓耀能協會天耀工場,元朗,22.4503067538564,114.003433879632,15:00:00,900.0,上水祥龍圍邨服務設施大樓仁濟醫院何德心宿舍(入停車場),元朗,22.4947289794845,114.123583847154,15:35:00,935.0,2022-06-29,2022-08-01,,,2032-12-31,True,35.0,1,0
SR3302,乘客823,NWC,電動輪椅,訓練,12345,"['Mon', 'Tue', 'Wed', 'Thu', 'Fri']",天水圍天耀邨耀民樓耀能協會天耀工場,元朗,22.4503067538564,114.003433879632,15:00:00,900.0,上水祥龍圍邨服務設施大樓仁濟醫院何德心宿舍(入停車場),元朗,22.4947289794845,114.123583847154,15:35:00,935.0,2025-12-15,2026-02-01,,,,True,35.0,0,1
SR3302,乘客824,WC,手動輪椅不可過椅,訓練,12345,"['Mon', 'Tue', 'Wed', 'Thu', 'Fri']",荃灣尚翠苑保良局長者日間護理中心,荃灣,22.367386563052,114.120356368174,16:10:00,970.0,青衣青敬路33號盈翠半島(上落客區),荃灣,22.3585156670056,114.107181006185,17:10:00,1030.0,2023-02-09,2022-08-01,,,2033-12-31,True,60.0,1,0
SR3302,乘客825,WC,其他 / 特殊情況,訓練,12345,"['Mon', 'Tue', 'Wed', 'Thu', 'Fri']",葵盛圍310號保良局夏利萊博士伉儷復康中心,葵涌,22.3606246094388,114.125004068297,16:45:00,1005.0,長安邨安湄樓,葵涌,22.3607659301666,114.105234255033,17:15:00,1035.0,2011-08-05,2022-08-01,,,2026-12-31,True,30.0,1,0
SR3302,乘客826,NWC,其他 / 特殊情況,訓練,12345,"['Mon', 'Tue', 'Wed', 'Thu', 'Fri']",葵盛圍310號保良局夏利萊博士伉儷復康中心,葵涌,22.3606246094388,114.125004068297,16:45:00,1005.0,青泰苑(閘口迴旋處),葵涌,22.3624940566022,114.102011078112,17:05:00,1025.0,2011-08-24,2022-08-01,,,2026-12-31,True,20.0,0,1
SR3302,乘客827,NWC,其他 / 特殊情況,訓練,12345,"['Mon', 'Tue', 'Wed', 'Thu', 'Fri']",葵盛圍310號保良局夏利萊博士伉儷復康中心,葵涌,22.3606246094388,114.125004068297,16:45:00,1005.0,長亨邨亨翠樓(路口),葵涌,22.3537245760401,114.097784294152,17:30:00,1050.0,2013-03-27,2022-08-01,,,2026-12-31,True,45.0,0,1
SR3302,乘客828,NWC,其他 / 特殊情況,訓練,12345,"['Mon', 'Tue', 'Wed', 'Thu', 'Fri']",葵盛圍310號保良局夏利萊博士伉儷復康中心,葵涌,22.3606246094388,114.125004068297,16:45:00,1005.0,長宏邨(入閘迴旋處),葵涌,22.3571097182493,114.096374273119,17:20:00,1040.0,2014-10-30,2022-08-01,,,2026-12-31,True,35.0,0,1
SR3302,乘客829,NWC,其他 / 特殊情況,訓練,12345,"['Mon', 'Tue', 'Wed', 'Thu', 'Fri']",葵盛圍310號保良局夏利萊博士伉儷復康中心,葵涌,22.3606246094388,114.125004068297,16:45:00,1005.0,長亨邨亨翠樓(路口),葵涌,22.3537245760401,114.097784294152,17:30:00,1050.0,2015-07-23,2022-08-01,,,2026-12-31,True,45.0,0,1
SR3302,乘客830,NWC,其他 / 特殊情況,訓練,12345,"['Mon', 'Tue', 'Wed', 'Thu', 'Fri']",葵盛圍310號保良局夏利萊博士伉儷復康中心,葵涌,22.3606246094388,114.125004068297,16:45:00,1005.0,長安邨安湄樓,葵涌,22.3607659301666,114.105234255033,17:15:00,1035.0,2011-03-08,2022-08-01,,,2026-12-31,True,30.0,0,1
SR3302,乘客831,NWC,手杖,訓練,12345,"['Mon', 'Tue', 'Wed', 'Thu', 'Fri']",葵盛圍310號保良局夏利萊博士伉儷復康中心,葵涌,22.3606246094388,114.125004068297,16:45:00,1005.0,長宏邨(入閘迴旋處),葵涌,22.3571097182493,114.096374273119,17:20:00,1040.0,2019-02-26,2022-08-01,,,2029-12-31,True,35.0,0,1
SR3302,乘客832,NWC,手動輪椅可以過椅,訓練,12345,"['Mon', 'Tue', 'Wed', 'Thu', 'Fri']",葵盛圍310號保良局夏利萊博士伉儷復康中心,葵涌,22.3606246094388,114.125004068297,16:45:00,1005.0,青泰苑(閘口迴旋處),葵涌,22.3624940566022,114.102011078112,17:05:00,1025.0,2015-06-24,2022-08-01,,,2026-12-31,True,20.0,0,1
SR3302,乘客833,WC,電動輪椅,訓練,12345,"['Mon', 'Tue', 'Wed', 'Thu', 'Fri']",長安邨安湄樓,青衣,22.3607659301666,114.105234255033,17:15:00,1035.0,長宏邨(入閘迴旋處),青衣,22.3571097182493,114.096374273119,17:20:00,1040.0,2025-06-06,2025-07-01,,,,True,5.0,1,0
SR3311,乘客834,WC,其他 / 特殊情況,訓練,12345,"['Mon', 'Tue', 'Wed', 'Thu', 'Fri']",大圍美林邨(巴士總站),沙田,22.3777434253732,114.174895262,08:05:00,485.0,瀝源邨榮瑞樓唐氏綜合症協會卓業中心,沙田,22.3852687392622,114.191284794365,08:50:00,530.0,2003-12-15,2022-08-01,,,2026-12-31,True,45.0,1,0
SR3311,乘客835,NWC,手杖,訓練,12345,"['Mon', 'Tue', 'Wed', 'Thu', 'Fri']",馬鞍山頌安商場(的士站近麥當勞),沙田,22.4224903946955,114.226786126365,08:20:00,500.0,瀝源邨榮瑞樓唐氏綜合症協會卓業中心,沙田,22.3852687392622,114.191284794365,08:50:00,530.0,2021-11-01,2022-08-01,,,2031-12-31,True,30.0,0,1
SR3311,乘客836,NWC,手動輪椅不可過椅,上學,12345,"['Mon', 'Tue', 'Wed', 'Thu', 'Fri']",馬鞍山保泰街18號天宇海(入閘),沙田,22.4152783336934,114.223743901424,08:30:00,510.0,安達臣道301號靈實恩光學校,沙田,22.3214554498288,114.244014640255,10:10:00,610.0,2024-02-20,2024-03-01,,,,True,100.0,0,1
SR3311,乘客836跟車,WC,,上學,12345,"['Mon', 'Tue', 'Wed', 'Thu', 'Fri']",馬鞍山保泰街18號天宇海(入閘),沙田,22.4152783336934,114.223743901424,08:30:00,510.0,安達臣道301號靈實恩光學校,沙田,22.3214554498288,114.244014640255,10:10:00,610.0,2024-02-20,2024-03-01,,,,True,100.0,1,0
SR3311,乘客837,NWC,嬰兒手推車型輪椅,上學,12345,"['Mon', 'Tue', 'Wed', 'Thu', 'Fri']",馬鞍山保泰街8號嘉華星濤灣,沙田,22.4133446317226,114.223079838925,08:35:00,515.0,安達臣道301號靈實恩光學校,沙田,22.3214554498288,114.244014640255,10:10:00,610.0,2023-12-09,2024-03-01,,,,True,95.0,0,1
SR3311,乘客837跟車,WC,,上學,12345,"['Mon', 'Tue', 'Wed', 'Thu', 'Fri']",馬鞍山保泰街8號嘉華星濤灣,沙田,22.4133446317226,114.223079838925,08:35:00,515.0,安達臣道301號靈實恩光學校,沙田,22.3214554498288,114.244014640255,10:10:00,610.0,2023-12-09,2024-03-01,,,,True,95.0,1,0
SR3311,乘客838,NWC,手動輪椅可以過椅,上學,12345,"['Mon', 'Tue', 'Wed', 'Thu', 'Fri']",禾輋商場(近7-11便利店),沙田,22.387777739031,114.19468307543,08:55:00,535.0,安達臣道301號靈實恩光學校,沙田,22.3214554498288,114.244014640255,10:10:00,610.0,2021-06-29,2022-08-01,,,2031-12-31,True,75.0,0,1
SR3311,乘客838跟車,WC,,上學,12345,"['Mon', 'Tue', 'Wed', 'Thu', 'Fri']",禾輋商場(近7-11便利店),沙田,22.387777739031,114.19468307543,08:55:00,535.0,安達臣道301號靈實恩光學校,沙田,22.3214554498288,114.244014640255,10:10:00,610.0,2021-06-29,2022-08-01,,,2031-12-31,True,75.0,1,0
SR3311,乘客839,NWC,手動輪椅不可過椅,上學,12345,"['Mon', 'Tue', 'Wed', 'Thu', 'Fri']",碧濤花園1期(避車處),沙田,22.3942324956365,114.207938776383,09:05:00,545.0,安達臣道301號靈實恩光學校,沙田,22.3214554498288,114.244014640255,10:10:00,610.0,2025-07-11,2025-09-01,,,2031-07-20,True,65.0,0,1
SR3311,乘客839跟車,WC,,上學,12345,"['Mon', 'Tue', 'Wed', 'Thu', 'Fri']",碧濤花園1期(避車處),沙田,22.3942324956365,114.207938776383,09:05:00,545.0,安達臣道301號靈實恩光學校,沙田,22.3214554498288,114.244014640255,10:10:00,610.0,2025-07-11,2025-09-01,,,2031-07-20,True,65.0,1,0
SR3311,乘客839跟車,NWC,,上學,12345,"['Mon', 'Tue', 'Wed', 'Thu', 'Fri']",碧濤花園1期(避車處),沙田,22.3942324956365,114.207938776383,09:05:00,545.0,安達臣道301號靈實恩光學校,沙田,22.3214554498288,114.244014640255,10:10:00,610.0,2025-07-11,2025-09-01,,,2031-07-20,True,65.0,0,1
SR3311,乘客840,NWC,嬰兒手推車型輪椅,上學,12345,"['Mon', 'Tue', 'Wed', 'Thu', 'Fri']",大涌橋路(近乙明邨巴士站),沙田,22.3773117842768,114.191236690535,09:15:00,555.0,安達臣道301號靈實恩光學校,沙田,22.3214554498288,114.244014640255,10:10:00,610.0,2022-07-29,2022-08-01,,,2032-12-31,True,55.0,0,1
SR3311,乘客840跟車,WC,,上學,12345,"['Mon', 'Tue', 'Wed', 'Thu', 'Fri']",大涌橋路(近乙明邨巴士站),沙田,22.3773117842768,114.191236690535,09:15:00,555.0,安達臣道301號靈實恩光學校,沙田,22.3214554498288,114.244014640255,10:10:00,610.0,2022-07-29,2022-08-01,,,2032-12-31,True,55.0,1,0
SR3312,乘客841,NWC,手杖,訓練,12345,"['Mon', 'Tue', 'Wed', 'Thu', 'Fri']",筲箕灣愛東邨愛善樓(迴旋處),東區,22.2807960507043,114.226949708977,15:00:00,900.0,堅尼地城海傍47號南海大廈商場,東區,22.2840128986426,114.130425502945,16:15:00,975.0,2009-05-06,2022-08-01,,,2026-12-31,True,75.0,0,1
SR3312,乘客842,NWC,手動輪椅不可過椅,訓練,12345,"['Mon', 'Tue', 'Wed', 'Thu', 'Fri']",筲箕灣愛東邨愛善樓(迴旋處),東區,22.2807960507043,114.226949708977,15:00:00,900.0,堅尼地城卑路乍街 西寶城商場,東區,22.2850433212745,114.132524202799,16:25:00,985.0,2024-06-04,2024-07-01,,,,True,85.0,0,1
SR3312,乘客843,WC,手動輪椅不可過椅,訓練,12345,"['Mon', 'Tue', 'Wed', 'Thu', 'Fri']",筲箕灣愛東邨愛善樓(迴旋處),東區,22.2807960507043,114.226949708977,15:00:00,900.0,石山街士美菲路市政大廈,東區,22.2818102175804,114.128812322211,16:35:00,995.0,2015-03-09,2022-08-01,,,2026-12-31,True,95.0,1,0
SR3312,乘客844,WC,手動輪椅不可過椅,訓練,12345,"['Mon', 'Tue', 'Wed', 'Thu', 'Fri']",筲箕灣愛東邨愛善樓(迴旋處),東區,22.2807960507043,114.226949708977,15:00:00,900.0,鴨利洲邨利澤樓(小巴站),東區,22.2442846788753,114.15005787677,17:10:00,1030.0,2014-11-27,2022-08-01,,,2026-12-31,True,130.0,1,0
SR3312,乘客845,WC,手動輪椅可以過椅;手杖,訓練,12345,"['Mon', 'Tue', 'Wed', 'Thu', 'Fri']",筲箕灣愛東邨愛善樓(迴旋處),東區,22.2807960507043,114.226949708977,15:00:00,900.0,北角百福道2號(近避車處),東區,22.2909042204007,114.205250954925,15:30:00,930.0,2021-12-20,2022-08-01,,,2032-12-31,True,30.0,1,0
SR3312,乘客846,WC,手動輪椅可以過椅;手推架,訓練,12345,"['Mon', 'Tue', 'Wed', 'Thu', 'Fri']",筲箕灣愛東邨愛善樓(迴旋處),東區,22.2807960507043,114.226949708977,15:00:00,900.0,大坑道43號康馨園,東區,22.2759698825675,114.19306276557,15:40:00,940.0,2021-05-17,2022-08-01,,,2031-12-31,True,40.0,1,0
SR3312,乘客847,WC,手推架,訓練,12345,"['Mon', 'Tue', 'Wed', 'Thu', 'Fri']",筲箕灣愛東邨愛善樓(迴旋處),東區,22.2807960507043,114.226949708977,15:00:00,900.0,蘭杜街(街口),東區,22.2768186139347,114.169178584324,16:00:00,960.0,2022-09-14,2022-08-01,,,2032-12-31,True,60.0,1,0
SR3312,乘客848,NWC,其他 / 特殊情況,訓練,12345,"['Mon', 'Tue', 'Wed', 'Thu', 'Fri']",筲箕灣愛東邨愛善樓(迴旋處),東區,22.2807960507043,114.226949708977,15:00:00,900.0,筲箕灣康東邨康瑞樓,東區,22.2842721269389,114.222715860294,15:20:00,920.0,2024-11-04,2024-12-01,,,,True,20.0,0,1
SR3312,乘客849,NWC,其他 / 特殊情況,訓練,245,"['Tue', 'Thu', 'Fri']",灣仔堅尼地道100號聖雅各福群會大樓 (停車場),灣仔,22.2724844639801,114.17325949607,15:50:00,950.0,堅尼地城卑路乍街 西寶城商場,灣仔,22.2850433212745,114.132524202799,16:25:00,985.0,2025-05-07,2025-06-01,,,,True,35.0,0,1
SR3312,乘客849跟車,NWC,,訓練,245,"['Tue', 'Thu', 'Fri']",灣仔堅尼地道100號聖雅各福群會大樓 (停車場),灣仔,22.2724844639801,114.17325949607,15:50:00,950.0,堅尼地城卑路乍街 西寶城商場,灣仔,22.2850433212745,114.132524202799,16:25:00,985.0,2025-05-07,2025-06-01,,,,True,35.0,0,1
SR3312,乘客850,NWC,其他 / 特殊情況,訓練,12345,"['Mon', 'Tue', 'Wed', 'Thu', 'Fri']",薄扶林道147號(展亮技能發展中心),南區,22.2602417730119,114.135957550651,16:50:00,1010.0,北角和富道19號保良局余李慕芬學校(入停車場),南區,22.2916892422805,114.195187349634,18:05:00,1085.0,2018-10-09,2022-08-01,,,2028-12-31,True,75.0,0,1
SR3312,乘客851,NWC,手杖,上學,12345,"['Mon', 'Tue', 'Wed', 'Thu', 'Fri']",薄扶林道147號(展亮技能發展中心),南區,22.2602417730119,114.135957550651,16:50:00,1010.0,柴灣興華(一)邨興翠樓(迴旋處),南區,22.2624657061911,114.234911089717,18:40:00,1120.0,2024-08-27,2024-10-01,,,2026-08-31,True,110.0,0,1
SR3312,乘客852,NWC,手動輪椅不可過椅,訓練,12345,"['Mon', 'Tue', 'Wed', 'Thu', 'Fri']",薄扶林道147號(展亮技能發展中心),南區,22.2602417730119,114.135957550651,16:50:00,1010.0,鰂魚涌康怡花園B座,南區,22.2801140962513,114.214926044757,18:20:00,1100.0,2024-07-30,2024-09-01,,,,True,90.0,0,1
SR3312,乘客853,WC,手杖,工作,12345,"['Mon', 'Tue', 'Wed', 'Thu', 'Fri']",軒尼詩道130號修頓中心 (過港鐵B1出口),灣仔,22.2772603247811,114.172464445042,17:50:00,1070.0,柴灣康翠台1座(近垃圾站),灣仔,22.2663065079995,114.234494414412,18:45:00,1125.0,2024-12-03,2025-01-01,,,,True,55.0,1,0
SR3321,乘客854,NWC,電動輪椅;腳架;手杖,工作,12345,"['Mon', 'Tue', 'Wed', 'Thu', 'Fri']",油塘鯉魚門邨鯉生樓,觀塘,22.2947103309412,114.240211700544,07:00:00,420.0,工業街24號威信物流中心,觀塘,22.3616178824902,114.134712369775,08:00:00,480.0,2008-11-28,2022-08-01,,,2029-12-31,True,60.0,0,1
SR3321,乘客855,WC,手杖,工作,12345,"['Mon', 'Tue', 'Wed', 'Thu', 'Fri']",秀茂坪曉光街(油站對面),觀塘,22.3156556954025,114.232844350252,07:25:00,445.0,沙咀道26-38號滙力工業中心,觀塘,22.3739054074054,114.108581025153,08:20:00,500.0,2013-11-15,2022-08-01,,,2029-12-31,True,55.0,1,0
SR3321,乘客856,NWC,手杖,訓練,12345,"['Mon', 'Tue', 'Wed', 'Thu', 'Fri']",楊屋道1號荃新天地鄰舍輔導會怡康居(上落貨區),荃灣,22.3694950394267,114.113214343407,08:30:00,510.0,荔景山路200號救世軍荔景院,荃灣,22.3450479206061,114.127917588699,09:15:00,555.0,2012-03-09,2024-11-01,,,2026-12-31,True,45.0,0,1
SR3321,乘客857,NWC,手杖,訓練,12345,"['Mon', 'Tue', 'Wed', 'Thu', 'Fri']",楊屋道1號荃新天地鄰舍輔導會怡康居(上落貨區),荃灣,22.3694950394267,114.113214343407,08:30:00,510.0,荔枝嶺路31號明愛賽馬會荔景中心,荃灣,22.3457368930055,114.131738690038,09:05:00,545.0,2009-03-23,2022-08-01,,,2026-12-31,True,35.0,0,1
SR3321,乘客858,NWC,手杖,訓練,12345,"['Mon', 'Tue', 'Wed', 'Thu', 'Fri']",楊屋道1號荃新天地鄰舍輔導會怡康居(上落貨區),荃灣,22.3694950394267,114.113214343407,08:30:00,510.0,荔枝嶺路31號明愛賽馬會荔景中心,荃灣,22.3457368930055,114.131738690038,09:05:00,545.0,2009-03-23,2022-08-01,,,2026-12-31,True,35.0,0,1
SR3321,乘客859,NWC,手杖,訓練,12345,"['Mon', 'Tue', 'Wed', 'Thu', 'Fri']",楊屋道1號荃新天地鄰舍輔導會怡康居(上落貨區),荃灣,22.3694950394267,114.113214343407,08:30:00,510.0,荔枝嶺路31號明愛賽馬會荔景中心,荃灣,22.3457368930055,114.131738690038,09:05:00,545.0,2009-03-23,2022-08-01,,,2026-12-31,True,35.0,0,1
SR3321,乘客860,NWC,手動輪椅可以過椅,訓練,12345,"['Mon', 'Tue', 'Wed', 'Thu', 'Fri']",楊屋道1號荃新天地鄰舍輔導會怡康居(上落貨區),荃灣,22.3694950394267,114.113214343407,08:30:00,510.0,荔枝嶺路31號明愛賽馬會荔景中心,荃灣,22.3457368930055,114.131738690038,09:05:00,545.0,2009-03-23,2022-08-01,,,2026-12-31,True,35.0,0,1
SR3321,乘客861,WC,手動輪椅可以過椅,訓練,12345,"['Mon', 'Tue', 'Wed', 'Thu', 'Fri']",葵涌石蔭路 (近獅子樓),葵涌,22.3702916183615,114.138831974587,08:45:00,525.0,荔枝嶺路31號明愛賽馬會荔景中心,葵涌,22.3457368930055,114.131738690038,09:05:00,545.0,2025-11-04,2025-12-01,,,,True,20.0,1,0
SR3321,乘客862,WC,手動輪椅可以過椅,訓練,235,"['Tue', 'Wed', 'Fri']",華景山莊19座,葵涌,22.3551704574876,114.137472810585,08:55:00,535.0,荔枝嶺路31號明愛賽馬會荔景中心,葵涌,22.3457368930055,114.131738690038,09:05:00,545.0,2025-12-09,2026-02-01,,,,True,10.0,1,0
SR3321,乘客863,WC,手動輪椅不可過椅,訓練,125,"['Mon', 'Tue', 'Fri']",駿景園8座,沙田,22.4006239550402,114.201793056048,09:45:00,585.0,瀝源邨福海樓耀能協會新界東康復中心(過隧道近左面),沙田,22.385950128943,114.191787588252,10:05:00,605.0,2023-09-26,2024-03-01,,,2033-12-31,True,20.0,1,0
SR3321,乘客863跟車,WC,,訓練,125,"['Mon', 'Tue', 'Fri']",駿景園8座,沙田,22.4006239550402,114.201793056048,09:45:00,585.0,瀝源邨福海樓耀能協會新界東康復中心(過隧道近左面),沙田,22.385950128943,114.191787588252,10:05:00,605.0,2023-09-26,2024-03-01,,,2033-12-31,True,20.0,1,0
SR3322,乘客864,NWC,其他 / 特殊情況,上學,12345,"['Mon', 'Tue', 'Wed', 'Thu', 'Fri']",歌和老街53號香港心理衛生會臻和學校,深水埗,22.3399607347764,114.168054871166,15:00:00,900.0,大圍美田路1號名城3期,深水埗,22.3700202301247,114.1757760231,15:20:00,920.0,2014-08-05,2022-08-01,,,2026-12-31,True,20.0,0,1
SR3322,乘客864跟車,NWC,,上學,12345,"['Mon', 'Tue', 'Wed', 'Thu', 'Fri']",歌和老街53號香港心理衛生會臻和學校,深水埗,22.3399607347764,114.168054871166,15:00:00,900.0,大圍美田路1號名城3期,深水埗,22.3700202301247,114.1757760231,15:20:00,920.0,2014-08-05,2022-08-01,,,2026-12-31,True,20.0,0,1
SR3322,乘客865,NWC,手動輪椅不可過椅,上學,12345,"['Mon', 'Tue', 'Wed', 'Thu', 'Fri']",歌和老街53號香港心理衛生會臻和學校,深水埗,22.3399607347764,114.168054871166,15:00:00,900.0,新田圍邨富圍樓(近的士站),深水埗,22.3699167318393,114.187154397276,15:40:00,940.0,2016-07-26,2022-08-01,,,2026-12-31,True,40.0,0,1
SR3322,乘客865跟車,WC,,上學,12345,"['Mon', 'Tue', 'Wed', 'Thu', 'Fri']",歌和老街53號香港心理衛生會臻和學校,深水埗,22.3399607347764,114.168054871166,15:00:00,900.0,新田圍邨富圍樓(近的士站),深水埗,22.3699167318393,114.187154397276,15:40:00,940.0,2016-07-26,2022-08-01,,,2026-12-31,True,40.0,1,0
SR3322,乘客866,NWC,手動輪椅不可過椅,上學,12345,"['Mon', 'Tue', 'Wed', 'Thu', 'Fri']",歌和老街53號香港心理衛生會臻和學校,深水埗,22.3399607347764,114.168054871166,15:00:00,900.0,馬鞍山西沙路銀湖天峰(地下烏溪沙站交通交匯處),深水埗,22.4283580393093,114.243762321948,16:15:00,975.0,2020-11-23,2022-08-01,,,2032-12-31,True,75.0,0,1
SR3322,乘客867,WC,嬰兒手推車型輪椅,上學,12345,"['Mon', 'Tue', 'Wed', 'Thu', 'Fri']",歌和老街53號香港心理衛生會臻和學校,深水埗,22.3399607347764,114.168054871166,15:00:00,900.0,秦石邨石瑩樓(的士站),深水埗,22.3731213033502,114.186009571119,15:35:00,935.0,2017-08-14,2022-08-01,,,2026-12-31,True,35.0,1,0
SR3322,乘客867跟車,WC,,上學,12345,"['Mon', 'Tue', 'Wed', 'Thu', 'Fri']",歌和老街53號香港心理衛生會臻和學校,深水埗,22.3399607347764,114.168054871166,15:00:00,900.0,秦石邨石瑩樓(的士站),深水埗,22.3731213033502,114.186009571119,15:35:00,935.0,2017-08-14,2022-08-01,,,2026-12-31,True,35.0,1,0
SR3322,乘客868,NWC,嬰兒手推車型輪椅,上學,12345,"['Mon', 'Tue', 'Wed', 'Thu', 'Fri']",歌和老街53號香港心理衛生會臻和學校,深水埗,22.3399607347764,114.168054871166,15:00:00,900.0,水泉澳邨峻泉樓,深水埗,22.3715143566594,114.199602172473,15:55:00,955.0,2025-08-13,2025-10-01,,,,True,55.0,0,1
SR3322,乘客868跟車,WC,,上學,12345,"['Mon', 'Tue', 'Wed', 'Thu', 'Fri']",歌和老街53號香港心理衛生會臻和學校,深水埗,22.3399607347764,114.168054871166,15:00:00,900.0,水泉澳邨峻泉樓,深水埗,22.3715143566594,114.199602172473,15:55:00,955.0,2025-08-13,2025-10-01,,,,True,55.0,1,0
SR3331,乘客869,NWC,不需輔助工具,上學,12345,"['Mon', 'Tue', 'Wed', 'Thu', 'Fri']",啟德沐安街18號啟朗苑,九龍城,22.3303727803362,114.200896245282,07:20:00,440.0,富忠里1號耀能協會賽馬會田綺玲學校,九龍城,22.4568945063632,114.17293747176,08:45:00,525.0,2025-08-04,2025-09-01,,,,True,85.0,0,1
SR3331,乘客870,NWC,其他 / 特殊情況,上學,12345,"['Mon', 'Tue', 'Wed', 'Thu', 'Fri']",汀角路黃魚灘村(巴士站),大埔,22.4623353198857,114.205861058262,07:45:00,465.0,富忠里1號耀能協會賽馬會田綺玲學校,大埔,22.4568945063632,114.17293747176,08:45:00,525.0,2022-10-11,2022-08-01,,,2033-12-31,True,60.0,0,1
SR3331,乘客871,NWC,手杖,訓練,12345,"['Mon', 'Tue', 'Wed', 'Thu', 'Fri']",香港荃灣蕙荃路22-66號綠楊新邨S座,荃灣,22.372260143381,114.121293265375,09:30:00,570.0,梨木樹邨5座,荃灣,22.3790526829252,114.134743807776,09:50:00,590.0,2024-03-21,2024-04-01,,,,True,20.0,0,1
SR3331,乘客871跟車,NWC,,訓練,12345,"['Mon', 'Tue', 'Wed', 'Thu', 'Fri']",香港荃灣蕙荃路22-66號綠楊新邨S座,荃灣,22.372260143381,114.121293265375,09:30:00,570.0,梨木樹邨5座,荃灣,22.3790526829252,114.134743807776,09:50:00,590.0,2024-03-21,2024-04-01,,,,True,20.0,0,1
SR3331,乘客872,NWC,其他 / 特殊情況,訓練,12345,"['Mon', 'Tue', 'Wed', 'Thu', 'Fri']",寧峰苑(梨木道梯口),葵涌,22.3724289324554,114.138358519704,09:40:00,580.0,梨木樹邨5座,葵涌,22.3790526829252,114.134743807776,09:50:00,590.0,2002-08-19,2022-08-01,,,2029-12-31,True,10.0,0,1
SR3332,乘客873,NWC,手動輪椅可以過椅,上學,12345,"['Mon', 'Tue', 'Wed', 'Thu', 'Fri']",安達臣道301號靈實恩光學校,將軍澳,22.3214554498288,114.244014640255,15:00:00,900.0,禾輋商場(門外復康巴士專用車位),將軍澳,22.3878721818913,114.19500637961,15:50:00,950.0,2021-06-29,2022-08-01,,,2031-12-31,True,50.0,0,1
SR3332,乘客873跟車,WC,,上學,12345,"['Mon', 'Tue', 'Wed', 'Thu', 'Fri']",安達臣道301號靈實恩光學校,將軍澳,22.3214554498288,114.244014640255,15:00:00,900.0,禾輋商場(門外復康巴士專用車位),將軍澳,22.3878721818913,114.19500637961,15:50:00,950.0,2021-06-29,2022-08-01,,,2031-12-31,True,50.0,1,0
SR3332,乘客874,NWC,手動輪椅不可過椅,上學,12345,"['Mon', 'Tue', 'Wed', 'Thu', 'Fri']",安達臣道301號靈實恩光學校,將軍澳,22.3214554498288,114.244014640255,15:00:00,900.0,安景街濱景花園(近巴士站),將軍澳,22.3915176774655,114.205766077996,16:00:00,960.0,2024-02-20,2024-03-01,,,,True,60.0,0,1
SR3332,乘客874跟車,WC,,上學,12345,"['Mon', 'Tue', 'Wed', 'Thu', 'Fri']",安達臣道301號靈實恩光學校,將軍澳,22.3214554498288,114.244014640255,15:00:00,900.0,安景街濱景花園(近巴士站),將軍澳,22.3915176774655,114.205766077996,16:00:00,960.0,2024-02-20,2024-03-01,,,,True,60.0,1,0
SR3332,乘客875,NWC,手杖,訓練,12345,"['Mon', 'Tue', 'Wed', 'Thu', 'Fri']",瀝源邨榮瑞樓唐氏綜合症協會卓業中心,沙田,22.3852687392622,114.191284794365,15:30:00,930.0,富亨邨(巴士總站OK便利店),沙田,22.4580743225304,114.171245660303,17:10:00,1030.0,2021-12-06,2022-08-01,,,2032-12-31,True,100.0,0,1
SR3332,乘客876,NWC,手動輪椅可以過椅,上學,12345,"['Mon', 'Tue', 'Wed', 'Thu', 'Fri']",禾輋邨豐禾里2號耀能協會高福耀學校,沙田,22.3880619400787,114.193646480171,15:35:00,935.0,碧濤花園1期(避車處),沙田,22.3942324956365,114.207938776383,16:05:00,965.0,2026-02-04,2026-03-01,,,,True,30.0,0,1
SR3332,乘客877,WC,手動輪椅可以過椅,上學,12345,"['Mon', 'Tue', 'Wed', 'Thu', 'Fri']",禾輋邨豐禾里2號耀能協會高福耀學校,沙田,22.3880619400787,114.193646480171,15:35:00,935.0,碧濤花園1期(避車處),沙田,22.3942324956365,114.207938776383,16:05:00,965.0,2026-02-04,2026-03-01,,,,True,30.0,1,0
SR3332,乘客877跟車,WC,,上學,12345,"['Mon', 'Tue', 'Wed', 'Thu', 'Fri']",禾輋邨豐禾里2號耀能協會高福耀學校,沙田,22.3880619400787,114.193646480171,15:35:00,935.0,碧濤花園1期(避車處),沙田,22.3942324956365,114.207938776383,16:05:00,965.0,2026-02-04,2026-03-01,,,,True,30.0,1,0
SR3332,乘客878,NWC,電動輪椅,訓練,12345,"['Mon', 'Tue', 'Wed', 'Thu', 'Fri']",禾輋邨民和樓香港耀能協會禾輋工場,沙田,22.3896818562553,114.195226190129,15:40:00,940.0,碧濤花園1期(避車處),沙田,22.3942324956365,114.207938776383,16:05:00,965.0,2026-01-30,2026-03-01,,,,True,25.0,0,1
SR3332,乘客879,WC,手動輪椅不可過椅,訓練,12345,"['Mon', 'Tue', 'Wed', 'Thu', 'Fri']",大圍悠定街7號保良局李兆忠紀念復康中心,沙田,22.3731835358651,114.17144874889,16:20:00,980.0,富亨邨亨榮樓(近71K巴士站),沙田,22.4599886668976,114.172658656289,17:15:00,1035.0,2007-04-26,2022-08-01,,,2029-12-31,True,55.0,1,0
SR3332,乘客880,WC,手杖,訓練,12345,"['Mon', 'Tue', 'Wed', 'Thu', 'Fri']",廣福邨廣惠樓匡智慧妍雅集工場,大埔,22.4492097544123,114.174235752166,17:00:00,1020.0,廣福邨廣智樓,大埔,22.448940815271,114.173101189123,17:05:00,1025.0,2006-08-16,2022-08-01,,,2026-12-31,True,5.0,1,0
SR3332,乘客881,NWC,手杖,訓練,12345,"['Mon', 'Tue', 'Wed', 'Thu', 'Fri']",廣福邨廣惠樓匡智慧妍雅集工場,大埔,22.4492097544123,114.174235752166,17:00:00,1020.0,廣福邨廣智樓,大埔,22.448940815271,114.173101189123,17:05:00,1025.0,2006-08-16,2022-08-01,,,2026-12-31,True,5.0,0,1
SR3332,乘客882,NWC,手杖,訓練,12345,"['Mon', 'Tue', 'Wed', 'Thu', 'Fri']",廣福邨廣惠樓匡智慧妍雅集工場,大埔,22.4492097544123,114.174235752166,17:00:00,1020.0,富亨邨(巴士總站OK便利店),大埔,22.4580743225304,114.171245660303,17:10:00,1030.0,2024-08-12,2024-10-01,,,,True,10.0,0,1
SR3341,乘客883,NWC,手動輪椅不可過椅,上學,12345,"['Mon', 'Tue', 'Wed', 'Thu', 'Fri']",啟德沐安街啟福居,九龍城,22.3278015570003,114.203406260603,07:00:00,420.0,藍田復康徑8號紅十字會雅麗珊學校,九龍城,22.3074345515783,114.230656003018,08:05:00,485.0,2024-08-30,2024-10-01,,,,True,65.0,0,1
SR3341,乘客884,WC,手杖,上學,12345,"['Mon', 'Tue', 'Wed', 'Thu', 'Fri']",沐虹街聖公會聖十架小學,九龍城,22.3328910842264,114.204133590077,07:05:00,425.0,藍田復康徑8號紅十字會雅麗珊學校,九龍城,22.3074345515783,114.230656003018,08:05:00,485.0,2023-07-11,2024-03-01,,,,True,60.0,1,0
SR3341,乘客885,NWC,手杖,上學,12345,"['Mon', 'Tue', 'Wed', 'Thu', 'Fri']",沐虹街聖公會聖十架小學,九龍城,22.3328910842264,114.204133590077,07:05:00,425.0,藍田復康徑8號紅十字會雅麗珊學校,九龍城,22.3074345515783,114.230656003018,08:05:00,485.0,2023-07-11,2024-03-01,,,,True,60.0,0,1
SR3341,乘客886,NWC,手杖,工作,12345,"['Mon', 'Tue', 'Wed', 'Thu', 'Fri']",寶達邨巴士總站(迴旋處),觀塘,22.3178571640076,114.236379579172,07:30:00,450.0,藍田復康徑7號藍田綜合中心,觀塘,22.3080382817291,114.23042037906,08:10:00,490.0,2010-08-30,2022-08-01,,,2032-12-31,True,40.0,0,1
SR3341,乘客887,NWC,電動輪椅;手動輪椅可以過椅,工作,12345,"['Mon', 'Tue', 'Wed', 'Thu', 'Fri']",功樂道9號富麗花園,觀塘,22.3164544880563,114.221250350457,07:45:00,465.0,觀塘鯉魚道10號觀塘法院後門(迴旋處),觀塘,22.3098048622646,114.229545650641,07:55:00,475.0,2008-09-04,2022-08-01,,,2026-12-31,True,10.0,0,1
SR3341,乘客888,WC,其他 / 特殊情況,訓練,12345,"['Mon', 'Tue', 'Wed', 'Thu', 'Fri']",將軍澳旭輝臺 (屋苑外大閘),將軍澳,22.3236958578369,114.254624759186,08:50:00,530.0,翠屏道3號基督教家庭迪智展能中心,將軍澳,22.3116795188017,114.2289173688,10:25:00,625.0,2025-10-03,2025-11-01,,,,True,95.0,1,0
SR3341,乘客888跟車,NWC,,訓練,12345,"['Mon', 'Tue', 'Wed', 'Thu', 'Fri']",將軍澳旭輝臺 (屋苑外大閘),將軍澳,22.3236958578369,114.254624759186,08:50:00,530.0,翠屏道3號基督教家庭迪智展能中心,將軍澳,22.3116795188017,114.2289173688,10:25:00,625.0,2025-10-03,2025-11-01,,,,True,95.0,0,1
SR3341,乘客889,NWC,不需輔助工具,就診,12345,"['Mon', 'Tue', 'Wed', 'Thu', 'Fri']",煜明苑熹明閣,將軍澳,22.3149005795302,114.266945863347,09:10:00,550.0,福塘道4號啟能康復大樓基督教家庭服務中心,將軍澳,22.3118059268488,114.228805720773,10:20:00,620.0,2023-08-03,2024-03-01,,,,True,70.0,0,1
SR3341,乘客890,NWC,手杖,訓練,12345,"['Mon', 'Tue', 'Wed', 'Thu', 'Fri']",將軍澳唐明苑唐輝閣 (唐德街回旋處過的士站),將軍澳,22.307945138425,114.25683387352,09:20:00,560.0,福塘道4號啟能康復大樓基督教家庭服務中心,將軍澳,22.3118059268488,114.228805720773,10:20:00,620.0,2025-08-22,2025-10-01,,,2026-10-01,True,60.0,0,1
SR3341,乘客891,NWC,手杖,訓練,145,"['Mon', 'Thu', 'Fri']",將軍澳維景灣畔3座,將軍澳,22.3018249907876,114.253644328173,09:30:00,570.0,景林邨景榆樓,將軍澳,22.3196747591992,114.261514275835,09:50:00,590.0,2021-12-30,2022-08-01,,,2032-12-31,True,20.0,0,1
SR3341,乘客892,NWC,手動輪椅不可過椅,就診,135,"['Mon', 'Wed', 'Fri']",將軍澳景嶺路都會駅9座,將軍澳,22.3047421183649,114.252014951351,09:40:00,580.0,福塘道4號啟能康復大樓基督教家庭服務中心,將軍澳,22.3118059268488,114.228805720773,10:20:00,620.0,2022-07-13,2022-08-01,,,2032-12-31,True,40.0,0,1
SR3341,乘客893,WC,其他 / 特殊情況,訓練,12345,"['Mon', 'Tue', 'Wed', 'Thu', 'Fri']",健明邨健曦樓,將軍澳,22.3056652255567,114.251025430957,09:45:00,585.0,翠屏道3號基督教家庭迪智展能中心,將軍澳,22.3116795188017,114.2289173688,10:25:00,625.0,2021-03-22,2022-08-01,,,2031-12-31,True,40.0,1,0
SR3341,乘客894,NWC,電動輪椅;手動輪椅可以過椅;手杖,就診,234,"['Tue', 'Wed', 'Thu']",將軍澳新都城2期(交通交匯處乘客上落區),將軍澳,22.3223342406544,114.258739706556,09:55:00,595.0,福塘道4號啟能康復大樓基督教家庭服務中心,將軍澳,22.3118059268488,114.228805720773,10:20:00,620.0,2019-12-16,2022-08-01,,,2030-12-31,True,25.0,0,1
SR3342,乘客895,WC,手杖,訓練,234,"['Tue', 'Wed', 'Thu']",福塘道4號啟能康復大樓基督教家庭服務中心,觀塘,22.3118059268488,114.228805720773,15:00:00,900.0,秀茂坪邨秀和樓,觀塘,22.3176241748358,114.23246732835,15:20:00,920.0,2025-04-16,2025-05-01,,,,True,20.0,1,0
SR3342,乘客896,NWC,手動輪椅不可過椅,訓練,12345,"['Mon', 'Tue', 'Wed', 'Thu', 'Fri']",福塘道4號啟能康復大樓基督教家庭服務中心,觀塘,22.3118059268488,114.228805720773,15:00:00,900.0,牛頭角道裕民中心商場(近小巴站),觀塘,22.3145011158695,114.222773738195,15:50:00,950.0,2019-12-24,2022-08-01,,,2030-12-31,True,50.0,0,1
SR3342,乘客897,WC,手動輪椅不可過椅,就診,12345,"['Mon', 'Tue', 'Wed', 'Thu', 'Fri']",福塘道4號啟能康復大樓基督教家庭服務中心,觀塘,22.3118059268488,114.228805720773,15:00:00,900.0,翠屏南邨翠榮樓(消防閘口),觀塘,22.3123682623999,114.233080639764,15:10:00,910.0,2019-12-16,2022-08-01,,,2030-12-31,True,10.0,1,0
SR3342,乘客898,WC,其他 / 特殊情況,訓練,12345,"['Mon', 'Tue', 'Wed', 'Thu', 'Fri']",油塘鯉魚門邨鯉隆樓循道衛理楊震晉朗中心,觀塘,22.293988923552,114.239381747937,16:10:00,970.0,維景灣畔12座,觀塘,22.3025420991299,114.253156551525,16:55:00,1015.0,2009-04-09,2022-08-01,,,2026-12-31,True,45.0,1,0
SR3342,乘客898跟車,NWC,,訓練,12345,"['Mon', 'Tue', 'Wed', 'Thu', 'Fri']",油塘鯉魚門邨鯉隆樓循道衛理楊震晉朗中心,觀塘,22.293988923552,114.239381747937,16:10:00,970.0,維景灣畔12座,觀塘,22.3025420991299,114.253156551525,16:55:00,1015.0,2009-04-09,2022-08-01,,,2026-12-31,True,45.0,0,1
SR3342,乘客899,NWC,其他 / 特殊情況,訓練,12345,"['Mon', 'Tue', 'Wed', 'Thu', 'Fri']",油塘鯉魚門邨鯉隆樓循道衛理楊震晉朗中心,觀塘,22.293988923552,114.239381747937,16:10:00,970.0,健明邨健華樓,觀塘,22.3064244446926,114.251008993095,17:00:00,1020.0,2013-08-15,2022-08-01,,,2026-12-31,True,50.0,0,1
SR3342,乘客900,NWC,腳架,訓練,12345,"['Mon', 'Tue', 'Wed', 'Thu', 'Fri']",油塘鯉魚門邨鯉隆樓循道衛理楊震晉朗中心,觀塘,22.293988923552,114.239381747937,16:10:00,970.0,油塘油麗邨秀麗樓(入閘迴旋處),觀塘,22.3013639871864,114.236566981397,16:25:00,985.0,2009-10-13,2024-12-01,,,2026-12-31,True,15.0,0,1
SR3342,乘客901,NWC,手動輪椅可以過椅,上學,12345,"['Mon', 'Tue', 'Wed', 'Thu', 'Fri']",將軍澳景嶺路3號 香港專業教育學院(李惠利),將軍澳,22.3057225024412,114.253677469486,17:05:00,1025.0,觀塘康利道23號南康大廈,將軍澳,22.3185038157938,114.220515794642,17:45:00,1065.0,2025-07-24,2025-09-01,,,,True,40.0,0,1
SR3342,乘客902,WC,電動輪椅;手動輪椅可以過椅,工作,12345,"['Mon', 'Tue', 'Wed', 'Thu', 'Fri']",觀塘鯉魚道10號觀塘法院後門(迴旋處),觀塘,22.3098048622646,114.229545650641,17:20:00,1040.0,功樂道9號富麗花園,觀塘,22.3164544880563,114.221250350457,17:35:00,1055.0,2008-09-04,2022-08-01,,,2026-12-31,True,15.0,1,0
SR3351,乘客903,WC,手動輪椅可以過椅,上學,12345,"['Mon', 'Tue', 'Wed', 'Thu', 'Fri']",土瓜灣馬頭涌道93-103號美誠大廈,九龍城,22.3239348973832,114.188248700288,07:55:00,475.0,歌和老街53號香港心理衛生會臻和學校,九龍城,22.3399607347764,114.168054871166,08:40:00,520.0,2026-01-20,2026-02-01,,,,True,45.0,1,0
SR3351,乘客903跟車,WC,,上學,12345,"['Mon', 'Tue', 'Wed', 'Thu', 'Fri']",土瓜灣馬頭涌道93-103號美誠大廈,九龍城,22.3239348973832,114.188248700288,07:55:00,475.0,歌和老街53號香港心理衛生會臻和學校,九龍城,22.3399607347764,114.168054871166,08:40:00,520.0,2026-01-20,2026-02-01,,,,True,45.0,1,0
SR3351,乘客904,NWC,手動輪椅不可過椅,上學,12345,"['Mon', 'Tue', 'Wed', 'Thu', 'Fri']",黃大仙上邨耀善樓,黃大仙,22.3427654137339,114.191862317492,08:15:00,495.0,歌和老街53號香港心理衛生會臻和學校,黃大仙,22.3399607347764,114.168054871166,08:40:00,520.0,2021-02-26,2022-08-01,,,2031-12-31,True,25.0,0,1
SR3351,乘客904跟車,WC,,上學,12345,"['Mon', 'Tue', 'Wed', 'Thu', 'Fri']",黃大仙上邨耀善樓,黃大仙,22.3427654137339,114.191862317492,08:15:00,495.0,歌和老街53號香港心理衛生會臻和學校,黃大仙,22.3399607347764,114.168054871166,08:40:00,520.0,2021-02-26,2022-08-01,,,2031-12-31,True,25.0,1,0
SR3351,乘客905,NWC,手動輪椅不可過椅,上學,12345,"['Mon', 'Tue', 'Wed', 'Thu', 'Fri']",沙田坳道10號黃大仙紀律部隊宿舍,黃大仙,22.3403985402113,114.196318500683,08:25:00,505.0,歌和老街53號香港心理衛生會臻和學校,黃大仙,22.3399607347764,114.168054871166,08:40:00,520.0,2024-05-08,2024-06-01,,,,True,15.0,0,1
SR3351,乘客906,WC,其他 / 特殊情況,訓練,12345,"['Mon', 'Tue', 'Wed', 'Thu', 'Fri']",石硤尾白田邨澤田樓,深水埗,22.3368163294573,114.168284739837,09:30:00,570.0,長沙灣邨服務設施大樓循道衛理楊震晉晴中心(入閘),深水埗,22.3346969847945,114.156231198175,10:15:00,615.0,2018-08-28,2026-02-01,,,2028-12-31,True,45.0,1,0
SR3351,乘客907,NWC,手動輪椅不可過椅,訓練,12345,"['Mon', 'Tue', 'Wed', 'Thu', 'Fri']",柯士甸道西1號漾日居7座(平台),油尖旺,22.305449760426,114.163093016932,09:50:00,590.0,長沙灣邨服務設施大樓循道衛理楊震晉晴中心(入閘),油尖旺,22.3346969847945,114.156231198175,10:15:00,615.0,2015-04-23,2022-08-01,,,2026-12-31,True,25.0,0,1
SR3351,乘客907跟車,WC,,訓練,12345,"['Mon', 'Tue', 'Wed', 'Thu', 'Fri']",柯士甸道西1號漾日居7座(平台),油尖旺,22.305449760426,114.163093016932,09:50:00,590.0,長沙灣邨服務設施大樓循道衛理楊震晉晴中心(入閘),油尖旺,22.3346969847945,114.156231198175,10:15:00,615.0,2015-04-23,2022-08-01,,,2026-12-31,True,25.0,1,0
SR3352,乘客908,NWC,手動輪椅不可過椅,訓練,12345,"['Mon', 'Tue', 'Wed', 'Thu', 'Fri']",長沙灣邨服務設施大樓循道衛理楊震晉晴中心(入閘),深水埗,22.3346969847945,114.156231198175,15:20:00,920.0,柯士甸道西1號漾日居7座(平台),深水埗,22.305449760426,114.163093016932,15:40:00,940.0,2015-04-23,2022-08-01,,,2026-12-31,True,20.0,0,1
SR3352,乘客908跟車,WC,,訓練,12345,"['Mon', 'Tue', 'Wed', 'Thu', 'Fri']",長沙灣邨服務設施大樓循道衛理楊震晉晴中心(入閘),深水埗,22.3346969847945,114.156231198175,15:20:00,920.0,柯士甸道西1號漾日居7座(平台),深水埗,22.305449760426,114.163093016932,15:40:00,940.0,2015-04-23,2022-08-01,,,2026-12-31,True,20.0,1,0
SR3352,乘客909,NWC,其他 / 特殊情況,訓練,12345,"['Mon', 'Tue', 'Wed', 'Thu', 'Fri']",慈雲山慈正邨正怡樓循道衛理楊震晉業中心,黃大仙,22.3510733093282,114.201289236573,16:05:00,965.0,翠屏南邨翠杏樓(消防閘口),黃大仙,22.3123460642954,114.232129571049,16:25:00,985.0,2016-05-05,2022-08-01,,,2026-12-31,True,20.0,0,1
SR3352,乘客910,NWC,手杖,訓練,12345,"['Mon', 'Tue', 'Wed', 'Thu', 'Fri']",慈雲山慈正邨正怡樓循道衛理楊震晉業中心,黃大仙,22.3510733093282,114.201289236573,16:05:00,965.0,大角咀棕樹街2號榮富苑1座,黃大仙,22.3193737288232,114.165507441524,17:30:00,1050.0,2024-10-03,2024-11-01,,,,True,85.0,0,1
SR3352,乘客911,NWC,手杖,工作,12345,"['Mon', 'Tue', 'Wed', 'Thu', 'Fri']",香港觀塘海濱道77號,觀塘,22.3164515,114.2137006,16:45:00,1005.0,葵涌邨春葵樓(近巴士站),葵涌,22.366292,114.131056,17:10:00,1030.0,2024-04-08,2024-06-01,,,,True,25.0,0,1
SR3352,乘客912,NWC,手動輪椅可以過椅,工作,12345,"['Mon', 'Tue', 'Wed', 'Thu', 'Fri']",尖沙咀麼地道77號華懋廣場,油尖旺,22.2999281757368,114.178991486735,18:15:00,1095.0,慈雲山雲華街慈愛苑愛慧閣,油尖旺,22.3502905468101,114.19975644326,18:45:00,1125.0,2011-09-26,2022-08-01,,,2026-12-31,True,30.0,0,1
SR3361,乘客913,WC,手動輪椅可以過椅,工作,12345,"['Mon', 'Tue', 'Wed', 'Thu', 'Fri']",慈雲山雲華街慈愛苑愛慧閣,黃大仙,22.3502905468101,114.19975644326,07:05:00,425.0,尖沙咀麼地道77號華懋廣場,黃大仙,22.2999281757368,114.178991486735,07:35:00,455.0,2011-09-26,2022-08-01,,,2026-12-31,True,30.0,1,0
SR3361,乘客914,WC,電動輪椅,訓練,12345,"['Mon', 'Tue', 'Wed', 'Thu', 'Fri']",尖沙咀廣東道188號港景峰1座,油尖旺,22.3021105388163,114.168082446431,07:45:00,465.0,何文田常康街51號耀能協會盛康園(閘口),油尖旺,22.3202049408109,114.182679177075,09:00:00,540.0,2011-03-11,2022-08-01,,,2030-12-31,True,75.0,1,0
SR3361,乘客915,WC,手動輪椅可以過椅,訓練,12345,"['Mon', 'Tue', 'Wed', 'Thu', 'Fri']",元洲邨元滿樓(東京街巴士站),深水埗,22.3351891816016,114.157844949252,08:25:00,505.0,何文田常康街51號耀能協會盛康園(閘口),深水埗,22.3202049408109,114.182679177075,09:00:00,540.0,2012-05-31,2022-08-01,,,2030-12-31,True,35.0,1,0
SR3361,乘客916,WC,其他 / 特殊情況,訓練,12345,"['Mon', 'Tue', 'Wed', 'Thu', 'Fri']",何文田太子道西310A嘉樂園,九龍城,22.3269397472309,114.183801404833,08:50:00,530.0,何文田常康街51號耀能協會盛康園(閘口),九龍城,22.3202049408109,114.182679177075,09:00:00,540.0,2015-10-06,2022-08-01,,,2030-12-31,True,10.0,1,0
SR3361,乘客917,NWC,手動輪椅不可過椅,訓練,12345,"['Mon', 'Tue', 'Wed', 'Thu', 'Fri']",石硤尾邨美笙樓,深水埗,22.333485936512,114.165774112186,09:25:00,565.0,藍田德田邨德盛樓耀能協會德田工場,深水埗,22.3073859320734,114.239077121155,10:25:00,625.0,2024-08-20,2024-12-01,,,,True,60.0,0,1
SR3361,乘客918,WC,其他 / 特殊情況,訓練,12345,"['Mon', 'Tue', 'Wed', 'Thu', 'Fri']",黃大仙睦鄰街8號現崇山(入閘),黃大仙,22.3404561872715,114.196803394491,09:45:00,585.0,藍田德田邨德盛樓耀能協會德田工場,黃大仙,22.3073859320734,114.239077121155,10:25:00,625.0,2026-02-10,2026-04-01,,,,True,40.0,1,0
SR3361,乘客919,NWC,電動輪椅,訓練,12345,"['Mon', 'Tue', 'Wed', 'Thu', 'Fri']",黃大仙東頭村道龍豐樓 (近小巴站),黃大仙,22.3397681474209,114.194905979211,09:50:00,590.0,藍田德田邨德盛樓耀能協會德田工場,黃大仙,22.3073859320734,114.239077121155,10:25:00,625.0,2006-11-28,2024-12-01,,,2031-12-31,True,35.0,0,1
SR3362,乘客920,WC,手動輪椅不可過椅,上學,12345,"['Mon', 'Tue', 'Wed', 'Thu', 'Fri']",安達臣道301號靈實恩光學校,將軍澳,22.3214554498288,114.244014640255,15:00:00,900.0,油塘油麗邨碧麗樓,將軍澳,22.3014636542338,114.236670347168,15:20:00,920.0,2015-06-30,2022-08-01,,,2030-12-31,True,20.0,1,0
SR3362,乘客920跟車,WC,,上學,12345,"['Mon', 'Tue', 'Wed', 'Thu', 'Fri']",安達臣道301號靈實恩光學校,將軍澳,22.3214554498288,114.244014640255,15:00:00,900.0,油塘油麗邨碧麗樓,將軍澳,22.3014636542338,114.236670347168,15:20:00,920.0,2015-06-30,2022-08-01,,,2030-12-31,True,20.0,1,0
SR3362,乘客921,NWC,手動輪椅不可過椅,上學,12345,"['Mon', 'Tue', 'Wed', 'Thu', 'Fri']",安達臣道301號靈實恩光學校,將軍澳,22.3214554498288,114.244014640255,15:00:00,900.0,油塘高翔苑高安閣,將軍澳,22.2956999701731,114.240230783058,15:30:00,930.0,2019-12-02,2022-08-01,,,2030-12-31,True,30.0,0,1
SR3362,乘客921跟車,WC,,上學,12345,"['Mon', 'Tue', 'Wed', 'Thu', 'Fri']",安達臣道301號靈實恩光學校,將軍澳,22.3214554498288,114.244014640255,15:00:00,900.0,油塘高翔苑高安閣,將軍澳,22.2956999701731,114.240230783058,15:30:00,930.0,2019-12-02,2022-08-01,,,2030-12-31,True,30.0,1,0
SR3362,乘客922,NWC,手動輪椅不可過椅,上學,12345,"['Mon', 'Tue', 'Wed', 'Thu', 'Fri']",安達臣道301號靈實恩光學校,將軍澳,22.3214554498288,114.244014640255,15:00:00,900.0,香港秀茂坪曉光街曉麗苑B座曉星閣,將軍澳,22.3213792,114.2283226,15:55:00,955.0,2024-09-30,2025-09-01,,,,True,55.0,0,1
SR3362,乘客922跟車,WC,,上學,12345,"['Mon', 'Tue', 'Wed', 'Thu', 'Fri']",安達臣道301號靈實恩光學校,將軍澳,22.3214554498288,114.244014640255,15:00:00,900.0,香港秀茂坪曉光街曉麗苑B座曉星閣,將軍澳,22.3213792,114.2283226,15:55:00,955.0,2024-09-30,2025-09-01,,,,True,55.0,1,0
SR3362,乘客923,NWC,嬰兒手推車型輪椅,上學,12345,"['Mon', 'Tue', 'Wed', 'Thu', 'Fri']",安達臣道301號靈實恩光學校,將軍澳,22.3214554498288,114.244014640255,15:00:00,900.0,油塘油麗邨碧麗樓,將軍澳,22.3014636542338,114.236670347168,15:20:00,920.0,2024-12-11,2025-02-01,,,,True,20.0,0,1
SR3362,乘客923跟車,WC,,上學,12345,"['Mon', 'Tue', 'Wed', 'Thu', 'Fri']",安達臣道301號靈實恩光學校,將軍澳,22.3214554498288,114.244014640255,15:00:00,900.0,油塘油麗邨碧麗樓,將軍澳,22.3014636542338,114.236670347168,15:20:00,920.0,2024-12-11,2025-02-01,,,,True,20.0,1,0
SR3362,乘客924,NWC,手杖,訓練,12345,"['Mon', 'Tue', 'Wed', 'Thu', 'Fri']",牛頭角功樂道2號香港心理衛生會賽馬會大樓,觀塘,22.3173085960269,114.222380189506,16:30:00,990.0,彩雲商場(近巴士分站坪石方向),觀塘,22.3337019506181,114.214766912808,17:00:00,1020.0,2011-02-23,2022-08-01,,,2026-12-31,True,30.0,0,1
SR3371,乘客925,NWC,電動輪椅,治療,23,"['Tue', 'Wed']",坪石邨藍石樓(停車場),觀塘,22.3327869985576,114.209807207357,08:50:00,530.0,九龍灣臨華街南豐商業中心  (停車場出入口),觀塘,22.3228937737599,114.207553513947,10:30:00,630.0,2025-04-22,2025-06-01,,,,True,100.0,0,1
SR3371,乘客925跟車,WC,,治療,23,"['Tue', 'Wed']",坪石邨藍石樓(停車場),觀塘,22.3327869985576,114.209807207357,08:50:00,530.0,九龍灣臨華街南豐商業中心  (停車場出入口),觀塘,22.3228937737599,114.207553513947,10:30:00,630.0,2025-04-22,2025-06-01,,,,True,100.0,1,0
SR3371,乘客926,NWC,手動輪椅不可過椅,治療,135,"['Mon', 'Wed', 'Fri']",彩雲邨日月樓(7-11店),黃大仙,22.3343122764597,114.214635589151,09:00:00,540.0,九龍灣臨華街南豐商業中心  (停車場出入口),黃大仙,22.3228937737599,114.207553513947,10:30:00,630.0,2025-02-04,2025-03-01,,,,True,90.0,0,1
SR3371,乘客926跟車,WC,,治療,135,"['Mon', 'Wed', 'Fri']",彩雲邨日月樓(7-11店),黃大仙,22.3343122764597,114.214635589151,09:00:00,540.0,九龍灣臨華街南豐商業中心  (停車場出入口),黃大仙,22.3228937737599,114.207553513947,10:30:00,630.0,2025-02-04,2025-03-01,,,,True,90.0,1,0
SR3371,乘客927,NWC,電動輪椅,訓練,12345,"['Mon', 'Tue', 'Wed', 'Thu', 'Fri']",彩福邨彩歡樓,觀塘,22.3272037926092,114.217850994799,09:15:00,555.0,九龍灣臨華街南豐商業中心  (停車場出入口),觀塘,22.3228937737599,114.207553513947,10:30:00,630.0,2024-01-09,2024-03-01,,,,True,75.0,0,1
SR3371,乘客928,WC,手杖,訓練,245,"['Tue', 'Thu', 'Fri']",牛頭角樂華北邨普華樓,觀塘,22.3220050755295,114.22044711374,09:35:00,575.0,福塘道4號啟能康復大樓基督教家庭服務中心,觀塘,22.3118059268488,114.228805720773,10:10:00,610.0,2022-12-06,2022-08-01,,,2033-12-31,True,35.0,1,0
SR3371,乘客929,NWC,手動輪椅不可過椅,訓練,12345,"['Mon', 'Tue', 'Wed', 'Thu', 'Fri']",牛頭角道裕民中心商場(近小巴站),觀塘,22.3145011158695,114.222773738195,10:00:00,600.0,福塘道4號啟能康復大樓基督教家庭服務中心,觀塘,22.3118059268488,114.228805720773,10:10:00,610.0,2019-12-24,2022-08-01,,,2030-12-31,True,10.0,0,1
SR3372,乘客930,WC,電動輪椅;手動輪椅可以過椅;手杖,就診,234,"['Tue', 'Wed', 'Thu']",福塘道4號啟能康復大樓基督教家庭服務中心,觀塘,22.3118059268488,114.228805720773,15:00:00,900.0,新都城2期(正門),觀塘,22.3233151223369,114.258363958386,15:50:00,950.0,2019-12-16,2022-08-01,,,2030-12-31,True,50.0,1,0
SR3372,乘客931,WC,嬰兒手推車型輪椅,訓練,1234,"['Mon', 'Tue', 'Wed', 'Thu']",福塘道4號啟能康復大樓基督教家庭服務中心,觀塘,22.3118059268488,114.228805720773,15:00:00,900.0,尚德邨尚美樓基督教懷智復康中心,觀塘,22.3111220770495,114.256956429368,15:20:00,920.0,2025-11-07,2025-12-01,,,,True,20.0,1,0
SR3372,乘客932,WC,手動輪椅不可過椅,就診,135,"['Mon', 'Wed', 'Fri']",福塘道4號啟能康復大樓基督教家庭服務中心,觀塘,22.3118059268488,114.228805720773,15:00:00,900.0,將軍澳景嶺路都會駅9座,觀塘,22.3047421183649,114.252014951351,15:40:00,940.0,2022-07-13,2022-08-01,,,2032-12-31,True,40.0,1,0
SR3372,乘客933,WC,不需輔助工具,就診,12345,"['Mon', 'Tue', 'Wed', 'Thu', 'Fri']",福塘道4號啟能康復大樓基督教家庭服務中心,觀塘,22.3118059268488,114.228805720773,15:00:00,900.0,煜明苑熹明閣,觀塘,22.3149005795302,114.266945863347,16:00:00,960.0,2023-08-03,2024-03-01,,,,True,60.0,1,0
SR3372,乘客934,NWC,手杖,訓練,12345,"['Mon', 'Tue', 'Wed', 'Thu', 'Fri']",福塘道4號啟能康復大樓基督教家庭服務中心,觀塘,22.3118059268488,114.228805720773,15:00:00,900.0,將軍澳唐明苑唐輝閣 (唐德街回旋處過的士站),觀塘,22.307945138425,114.25683387352,15:30:00,930.0,2025-08-22,2025-10-01,,,2026-10-01,True,30.0,0,1
SR3372,乘客935,NWC,手動輪椅不可過椅,治療,125,"['Mon', 'Tue', 'Fri']",福塘道4號啟能康復大樓基督教家庭服務中心,觀塘,22.3118059268488,114.228805720773,16:30:00,990.0,香港白田白田街白田邨太田樓,觀塘,22.3356513,114.1671652,17:40:00,1060.0,2024-03-27,2024-05-01,,,,True,70.0,0,1
SR3372,乘客936,WC,電動輪椅,訓練,12345,"['Mon', 'Tue', 'Wed', 'Thu', 'Fri']",福塘道4號啟能康復大樓基督教家庭服務中心翠業坊,觀塘,22.3117942711562,114.228789989713,16:30:00,990.0,彩頤里采頤花園12座,觀塘,22.3367535874803,114.202094346689,16:45:00,1005.0,2020-09-24,2022-08-01,,,2032-12-31,True,15.0,1,0
SR3372,乘客937,WC,電動輪椅,就診,135,"['Mon', 'Wed', 'Fri']",福塘道4號啟能康復大樓基督教家庭服務中心,觀塘,22.3118059268488,114.228805720773,16:30:00,990.0,石硤尾邨美賢樓,觀塘,22.3337423391638,114.165491171791,17:50:00,1070.0,2021-08-13,2022-08-01,,,2031-12-31,True,80.0,1,0
SR3372,乘客938,WC,手動輪椅可以過椅,治療,234,"['Tue', 'Wed', 'Thu']",福塘道4號啟能康復大樓基督教家庭服務中心,觀塘,22.3118059268488,114.228805720773,16:30:00,990.0,牛池灣街彩輝邨(入閘)彩華樓,觀塘,22.3355430072264,114.217930013973,16:50:00,1010.0,2024-05-21,2024-07-01,,,,True,20.0,1,0
SR3372,乘客939,WC,手動輪椅可以過椅;手杖,工作,12345,"['Mon', 'Tue', 'Wed', 'Thu', 'Fri']",葵昌路51號九龍貿易中心,葵涌,22.3614931374078,114.13248900202,18:20:00,1100.0,香港魷魚灣貿泰路8號茵怡花園2座,葵涌,22.3220953457952,114.255853090313,19:00:00,1140.0,2024-04-26,2024-06-01,,,,True,40.0,1,0
SR3381,乘客940,WC,手杖,訓練,12345,"['Mon', 'Tue', 'Wed', 'Thu', 'Fri']",藍田德田邨德隆樓,觀塘,22.3072253678641,114.238169478258,07:05:00,425.0,葵盛西邨10座新生精神康復會工場,觀塘,22.36005167918,114.122914075675,08:55:00,535.0,2024-03-13,2024-04-01,,,,True,110.0,1,0
SR3381,乘客941,NWC,手杖,訓練,12345,"['Mon', 'Tue', 'Wed', 'Thu', 'Fri']",楊屋道1號荃新天地鄰舍輔導會怡康居(上落貨區),荃灣,22.3694950394267,114.113214343407,08:20:00,500.0,葵盛圍310號保良局夏利萊博士伉儷復康中心,荃灣,22.3606246094388,114.125004068297,08:50:00,530.0,2013-03-08,2022-08-01,,,2026-12-31,True,30.0,0,1
SR3381,乘客942,NWC,手杖,訓練,12345,"['Mon', 'Tue', 'Wed', 'Thu', 'Fri']",楊屋道1號荃新天地鄰舍輔導會怡康居(上落貨區),荃灣,22.3694950394267,114.113214343407,08:20:00,500.0,元州邨元康樓基督教懷智服務處(長沙灣道巴士站),荃灣,22.3366975415461,114.154529045308,09:25:00,565.0,2024-11-04,2024-12-01,,,,True,65.0,0,1
SR3381,乘客943,NWC,手杖,訓練,12345,"['Mon', 'Tue', 'Wed', 'Thu', 'Fri']",葵涌大隴街(避車處),葵涌,22.3647547027141,114.137169791453,08:35:00,515.0,葵盛西邨10座新生精神康復會工場,葵涌,22.36005167918,114.122914075675,08:55:00,535.0,2025-04-10,2025-06-01,,,,True,20.0,0,1
SR3381,乘客944,NWC,其他 / 特殊情況,訓練,12345,"['Mon', 'Tue', 'Wed', 'Thu', 'Fri']",美孚新邨蘭秀道2-4號（荔灣道荔枝角公園牌坊對面，禁區牌前）,深水埗,22.3388518544398,114.138450512657,09:15:00,555.0,李鄭屋邨道德樓心理衛生會李鄭屋工場,深水埗,22.3396314422768,114.158737309022,10:15:00,615.0,2017-10-19,2022-08-01,,,2026-12-31,True,60.0,0,1
SR3381,乘客945,NWC,其他 / 特殊情況,訓練,12345,"['Mon', 'Tue', 'Wed', 'Thu', 'Fri']",元州邨元慧樓(長沙灣道入閘),深水埗,22.3359850054665,114.156982356283,09:30:00,570.0,李鄭屋邨道德樓心理衛生會李鄭屋工場,深水埗,22.3396314422768,114.158737309022,10:15:00,615.0,2017-01-17,2022-08-01,,,2026-12-31,True,45.0,0,1
SR3381,乘客946,NWC,手動輪椅不可過椅;腳架,訓練,12345,"['Mon', 'Tue', 'Wed', 'Thu', 'Fri']",元州邨元慧樓(長沙灣道入閘),深水埗,22.3359850054665,114.156982356283,09:30:00,570.0,李鄭屋邨道德樓心理衛生會李鄭屋工場,深水埗,22.3396314422768,114.158737309022,10:15:00,615.0,2016-03-16,2022-08-01,,,2026-12-31,True,45.0,0,1
SR3381,乘客947,WC,手推架,訓練,12345,"['Mon', 'Tue', 'Wed', 'Thu', 'Fri']",元州街2號,深水埗,22.3313457674484,114.164583649404,09:40:00,580.0,李鄭屋邨道德樓心理衛生會李鄭屋工場,深水埗,22.3396314422768,114.158737309022,10:15:00,615.0,2025-11-24,2026-02-01,,,,True,35.0,1,0
SR3381,乘客948,NWC,其他 / 特殊情況,訓練,12345,"['Mon', 'Tue', 'Wed', 'Thu', 'Fri']",南昌邨昌謙樓,深水埗,22.3268743227501,114.157826221127,09:50:00,590.0,李鄭屋邨道德樓心理衛生會李鄭屋工場,深水埗,22.3396314422768,114.158737309022,10:15:00,615.0,2017-01-17,2022-08-01,,,2026-12-31,True,25.0,0,1
SR3381,乘客949,NWC,手杖;手動輪椅可以過椅,訓練,12345,"['Mon', 'Tue', 'Wed', 'Thu', 'Fri']",石硤尾白田邨雅田樓,深水埗,22.3364449645945,114.166934282643,10:00:00,600.0,李鄭屋邨道德樓心理衛生會李鄭屋工場,深水埗,22.3396314422768,114.158737309022,10:15:00,615.0,2026-01-21,2026-03-01,,,,True,15.0,0,1
SR3381,乘客950,WC,手杖;手動輪椅可以過椅,訓練,12345,"['Mon', 'Tue', 'Wed', 'Thu', 'Fri']",石硤尾白田邨雅田樓,深水埗,22.3364449645945,114.166934282643,10:00:00,600.0,李鄭屋邨道德樓心理衛生會李鄭屋工場,深水埗,22.3396314422768,114.158737309022,10:15:00,615.0,2026-01-21,2026-03-01,,,,True,15.0,1,0
SR3382,乘客951,WC,手杖,訓練,12345,"['Mon', 'Tue', 'Wed', 'Thu', 'Fri']",元州邨元康樓基督教懷智服務處(長沙灣道巴士站),深水埗,22.3366975415461,114.154529045308,15:30:00,930.0,楊屋道1號荃新天地鄰舍輔導會怡康居(上落貨區),深水埗,22.3694950394267,114.113214343407,16:25:00,985.0,2024-11-04,2024-12-01,,,,True,55.0,1,0
SR3382,乘客952,NWC,其他 / 特殊情況,訓練,12345,"['Mon', 'Tue', 'Wed', 'Thu', 'Fri']",葵盛圍310號保良局夏利萊博士伉儷復康中心,葵涌,22.3606246094388,114.125004068297,15:50:00,950.0,葵涌葵盛圍188號高盛臺,葵涌,22.3646560630568,114.122862707688,16:05:00,965.0,2023-01-26,2022-08-01,,,2033-12-31,True,15.0,0,1
SR3382,乘客953,NWC,手杖,訓練,12345,"['Mon', 'Tue', 'Wed', 'Thu', 'Fri']",葵盛圍310號保良局夏利萊博士伉儷復康中心,葵涌,22.3606246094388,114.125004068297,15:50:00,950.0,楊屋道1號荃新天地鄰舍輔導會怡康居(上落貨區),葵涌,22.3694950394267,114.113214343407,16:25:00,985.0,2013-03-08,2022-08-01,,,2026-12-31,True,35.0,0,1
SR3382,乘客954,NWC,手杖,訓練,12345,"['Mon', 'Tue', 'Wed', 'Thu', 'Fri']",葵盛圍310號保良局夏利萊博士伉儷復康中心,葵涌,22.3606246094388,114.125004068297,15:50:00,950.0,葵盛東邨盛家樓,葵涌,22.3633511162177,114.125558613352,16:10:00,970.0,2024-10-16,2024-12-01,,,,True,20.0,0,1
SR3382,乘客955,NWC,手杖,訓練,12345,"['Mon', 'Tue', 'Wed', 'Thu', 'Fri']",葵盛西邨10座新生精神康復會工場,葵涌,22.36005167918,114.122914075675,15:55:00,955.0,葵涌大隴街(避車處),葵涌,22.3647547027141,114.137169791453,16:40:00,1000.0,2025-04-10,2025-06-01,,,,True,45.0,0,1
SR3382,乘客956,NWC,其他 / 特殊情況,訓練,12345,"['Mon', 'Tue', 'Wed', 'Thu', 'Fri']",葵盛西邨10座新生精神康復會工場,葵涌,22.36005167918,114.122914075675,16:55:00,1015.0,大角咀福全街17-19號福康大樓樂悠居復康中心(旺角分院),葵涌,22.3205614621421,114.164985340207,17:30:00,1050.0,2016-08-03,2022-08-01,,,2026-12-31,True,35.0,0,1
SR3382,乘客957,NWC,手杖,訓練,12345,"['Mon', 'Tue', 'Wed', 'Thu', 'Fri']",葵盛西邨10座新生精神康復會工場,葵涌,22.36005167918,114.122914075675,16:55:00,1015.0,長青邨青槐樓(入閘),葵涌,22.3457463517919,114.108498720091,17:10:00,1030.0,2018-07-05,2022-08-01,,,2028-12-31,True,15.0,0,1
SR3382,乘客958,NWC,電動輪椅,工作,12345,"['Mon', 'Tue', 'Wed', 'Thu', 'Fri']",旺角太子道西193號新世紀廣場（上落客區）,油尖旺,22.3232733927233,114.172197475126,17:40:00,1060.0,富昌邨富悅樓,油尖旺,22.3276573591696,114.155516546934,18:20:00,1100.0,2026-01-09,2026-02-01,,,,True,40.0,0,1
SR3391,乘客959,WC,手動輪椅可以過椅,上學,12345,"['Mon', 'Tue', 'Wed', 'Thu', 'Fri']",大網仔路8號逸瓏園(美福街迴旋處),西貢,22.3856352176383,114.273644198453,07:10:00,430.0,藍田復康徑8號紅十字會雅麗珊學校,西貢,22.3074345515783,114.230656003018,08:20:00,500.0,2025-10-16,2025-12-01,,,,True,70.0,1,0
SR3391,乘客960,WC,手動輪椅可以過椅,上學,12345,"['Mon', 'Tue', 'Wed', 'Thu', 'Fri']",翠塘花園5座(迴旋處),西貢,22.3799436874526,114.268993365828,07:20:00,440.0,藍田復康徑8號紅十字會雅麗珊學校,西貢,22.3074345515783,114.230656003018,08:20:00,500.0,2019-07-17,2022-08-01,,,2029-12-31,True,60.0,1,0
SR3391,乘客960跟車,WC,,上學,12345,"['Mon', 'Tue', 'Wed', 'Thu', 'Fri']",翠塘花園5座(迴旋處),西貢,22.3799436874526,114.268993365828,07:20:00,440.0,藍田復康徑8號紅十字會雅麗珊學校,西貢,22.3074345515783,114.230656003018,08:20:00,500.0,2019-07-17,2022-08-01,,,2029-12-31,True,60.0,1,0
SR3391,乘客961,NWC,不需輔助工具,上學,12345,"['Mon', 'Tue', 'Wed', 'Thu', 'Fri']",西貢對面海邨海泰樓,西貢,22.3747719556858,114.26915626236,07:25:00,445.0,香港晒草灣復康徑8號香港紅十字會雅麗珊郡主學校,西貢,22.3072609194075,114.230769469459,08:20:00,500.0,2025-06-22,2025-09-01,,,,True,55.0,0,1
SR3391,乘客961跟車,NWC,,上學,12345,"['Mon', 'Tue', 'Wed', 'Thu', 'Fri']",西貢對面海邨海泰樓,西貢,22.3747719556858,114.26915626236,07:25:00,445.0,香港晒草灣復康徑8號香港紅十字會雅麗珊郡主學校,西貢,22.3072609194075,114.230769469459,08:20:00,500.0,2025-06-22,2025-09-01,,,,True,55.0,0,1
SR3391,乘客962,NWC,其他 / 特殊情況,上學,12345,"['Mon', 'Tue', 'Wed', 'Thu', 'Fri']",南邊圍路(御花園門口近垃圾站),西貢,22.3529163911166,114.249032630334,07:35:00,455.0,藍田復康徑8號紅十字會雅麗珊學校,西貢,22.3074345515783,114.230656003018,08:20:00,500.0,2018-07-16,2022-08-01,,,2028-12-31,True,45.0,0,1
SR3391,乘客963,NWC,手動輪椅可以過椅,上學,12345,"['Mon', 'Tue', 'Wed', 'Thu', 'Fri']",清水灣道397號壁屋監獄已婚職員宿舍F座(入閘),將軍澳,22.3392441957534,114.247769317084,07:50:00,470.0,藍田復康徑8號紅十字會雅麗珊學校,將軍澳,22.3074345515783,114.230656003018,08:20:00,500.0,2024-12-12,2025-01-01,,,,True,30.0,0,1
SR3391,乘客963跟車,WC,,上學,12345,"['Mon', 'Tue', 'Wed', 'Thu', 'Fri']",清水灣道397號壁屋監獄已婚職員宿舍F座(入閘),將軍澳,22.3392441957534,114.247769317084,07:50:00,470.0,藍田復康徑8號紅十字會雅麗珊學校,將軍澳,22.3074345515783,114.230656003018,08:20:00,500.0,2024-12-12,2025-01-01,,,,True,30.0,1,0
SR3391,乘客964,NWC,其他 / 特殊情況,訓練,12345,"['Mon', 'Tue', 'Wed', 'Thu', 'Fri']",牛頭角道(近宏光樓閘口),觀塘,22.3257403618725,114.215055727824,09:00:00,540.0,藍田德田邨德盛樓耀能協會德田工場,觀塘,22.3073859320734,114.239077121155,09:25:00,565.0,2013-01-31,2022-08-01,,,2026-12-31,True,25.0,0,1
SR3391,乘客965,NWC,其他 / 特殊情況,訓練,12345,"['Mon', 'Tue', 'Wed', 'Thu', 'Fri']",秀茂坪邨秀緻樓,觀塘,22.318255464126,114.233650353792,09:15:00,555.0,藍田德田邨德盛樓耀能協會德田工場,觀塘,22.3073859320734,114.239077121155,09:25:00,565.0,2014-02-07,2022-08-01,,,2033-12-31,True,10.0,0,1
SR3392,乘客966,NWC,手動輪椅不可過椅,上學,12345,"['Mon', 'Tue', 'Wed', 'Thu', 'Fri']",安達臣道301號靈實恩光學校,將軍澳,22.3214554498288,114.244014640255,15:05:00,905.0,唐德街9號將軍澳中心(停車場),將軍澳,22.3075108929355,114.257105995794,15:25:00,925.0,2024-09-26,2024-11-01,,,,True,20.0,0,1
SR3392,乘客966跟車,WC,,上學,12345,"['Mon', 'Tue', 'Wed', 'Thu', 'Fri']",安達臣道301號靈實恩光學校,將軍澳,22.3214554498288,114.244014640255,15:05:00,905.0,唐德街9號將軍澳中心(停車場),將軍澳,22.3075108929355,114.257105995794,15:25:00,925.0,2024-09-26,2024-11-01,,,,True,20.0,1,0
SR3392,乘客966跟車,NWC,,上學,12345,"['Mon', 'Tue', 'Wed', 'Thu', 'Fri']",安達臣道301號靈實恩光學校,將軍澳,22.3214554498288,114.244014640255,15:05:00,905.0,唐德街9號將軍澳中心(停車場),將軍澳,22.3075108929355,114.257105995794,15:25:00,925.0,2024-09-26,2024-11-01,,,,True,20.0,0,1
SR3392,乘客967,NWC,其他 / 特殊情況,上學,12345,"['Mon', 'Tue', 'Wed', 'Thu', 'Fri']",藍田復康徑8號紅十字會雅麗珊學校,觀塘,22.3074345515783,114.230656003018,15:40:00,940.0,南邊圍路(御花園門口近垃圾站),觀塘,22.3529163911166,114.249032630334,16:25:00,985.0,2018-07-16,2022-08-01,,,2028-12-31,True,45.0,0,1
SR3392,乘客968,NWC,手動輪椅可以過椅,上學,12345,"['Mon', 'Tue', 'Wed', 'Thu', 'Fri']",藍田復康徑8號紅十字會雅麗珊學校,觀塘,22.3074345515783,114.230656003018,15:40:00,940.0,清水灣道397號壁屋監獄已婚職員宿舍F座(入閘),觀塘,22.3392441957534,114.247769317084,16:00:00,960.0,2024-12-12,2025-01-01,,,,True,20.0,0,1
SR3392,乘客969,WC,手動輪椅可以過椅,上學,12345,"['Mon', 'Tue', 'Wed', 'Thu', 'Fri']",藍田復康徑8號紅十字會雅麗珊學校,觀塘,22.3074345515783,114.230656003018,15:40:00,940.0,對面海康健路285號(迴旋處近對面海公廁),觀塘,22.3769581205835,114.272990904794,16:35:00,995.0,2019-07-17,2022-08-01,,,2029-12-31,True,55.0,1,0
SR3392,乘客969跟車,WC,,上學,12345,"['Mon', 'Tue', 'Wed', 'Thu', 'Fri']",藍田復康徑8號紅十字會雅麗珊學校,觀塘,22.3074345515783,114.230656003018,15:40:00,940.0,對面海康健路285號(迴旋處近對面海公廁),觀塘,22.3769581205835,114.272990904794,16:35:00,995.0,2019-07-17,2022-08-01,,,2029-12-31,True,55.0,1,0
SR3392,乘客970,NWC,不需輔助工具,上學,12345,"['Mon', 'Tue', 'Wed', 'Thu', 'Fri']",藍田復康徑8號紅十字會雅麗珊學校,觀塘,22.3074345515783,114.230656003018,15:40:00,940.0,西貢對面海邨海泰樓,觀塘,22.3747719556858,114.26915626236,16:30:00,990.0,2025-06-22,2025-09-01,,,,True,50.0,0,1
SR3392,乘客970跟車,NWC,,上學,12345,"['Mon', 'Tue', 'Wed', 'Thu', 'Fri']",藍田復康徑8號紅十字會雅麗珊學校,觀塘,22.3074345515783,114.230656003018,15:40:00,940.0,西貢對面海邨海泰樓,觀塘,22.3747719556858,114.26915626236,16:30:00,990.0,2025-06-22,2025-09-01,,,,True,50.0,0,1
SR3392,乘客971,NWC,手杖,工作,12345,"['Mon', 'Tue', 'Wed', 'Thu', 'Fri']",北港路20號漁農自然護理署蕉坑管理站,西貢,22.3752531842644,114.261083274305,17:25:00,1045.0,彩虹邨青楊路(屋邨辦事處),西貢,22.3356560788287,114.205903856053,18:10:00,1090.0,2018-11-10,2022-08-01,,,2030-12-31,True,45.0,0,1
SR3392,乘客972,NWC,不需輔助工具,訓練,12345,"['Mon', 'Tue', 'Wed', 'Thu', 'Fri']",碧翠路33號保良局永隆銀行金禧庇護工場,西貢,22.3376633646464,114.248408723397,17:40:00,1060.0,香港牛池灣牛池灣街2號彩輝邨1座彩華樓,西貢,22.335329,114.217847,18:00:00,1080.0,2024-03-15,2024-05-01,,,,True,20.0,0,1
SR3392,乘客973,NWC,其他 / 特殊情況,訓練,12345,"['Mon', 'Tue', 'Wed', 'Thu', 'Fri']",碧翠路33號保良局永隆銀行金禧庇護工場,西貢,22.3376633646464,114.248408723397,17:40:00,1060.0,九龍灣麗晶花園11座,西貢,22.3308956210764,114.20635053545,18:40:00,1120.0,2025-12-12,2026-02-01,,,,True,60.0,0,1
SR3401,乘客974,NWC,嬰兒手推車型輪椅;其他 / 特殊情況,上學,12345,"['Mon', 'Tue', 'Wed', 'Thu', 'Fri']",貿泰路8號茵怡花園3座,將軍澳,22.3226603251646,114.25597683994,07:00:00,420.0,牛池灣平定道東10號紅十字會瑪嘉烈戴麟趾學校,將軍澳,22.3358516256126,114.212872452501,08:55:00,535.0,2023-07-28,2024-03-01,,,,True,115.0,0,1
SR3401,乘客974跟車,WC,,上學,12345,"['Mon', 'Tue', 'Wed', 'Thu', 'Fri']",貿泰路8號茵怡花園3座,將軍澳,22.3226603251646,114.25597683994,07:00:00,420.0,牛池灣平定道東10號紅十字會瑪嘉烈戴麟趾學校,將軍澳,22.3358516256126,114.212872452501,08:55:00,535.0,2023-07-28,2024-03-01,,,,True,115.0,1,0
SR3401,乘客975,NWC,手動輪椅不可過椅,上學,12345,"['Mon', 'Tue', 'Wed', 'Thu', 'Fri']",將軍澳銀澳路1號新寶城(7-11對面),將軍澳,22.3144238680171,114.26647490546,07:10:00,430.0,藍田復康徑8號紅十字會雅麗珊學校,將軍澳,22.3074345515783,114.230656003018,07:50:00,470.0,2022-01-19,2022-08-01,,,2032-12-31,True,40.0,0,1
SR3401,乘客976,WC,嬰兒手推車型輪椅,上學,12345,"['Mon', 'Tue', 'Wed', 'Thu', 'Fri']",將軍澳銀澳路1號新寶城(7-11對面),將軍澳,22.3144238680171,114.26647490546,07:10:00,430.0,牛池灣平定道東10號紅十字會瑪嘉烈戴麟趾學校,將軍澳,22.3358516256126,114.212872452501,08:55:00,535.0,2024-01-09,2024-03-01,,,,True,105.0,1,0
SR3401,乘客976跟車,WC,,上學,12345,"['Mon', 'Tue', 'Wed', 'Thu', 'Fri']",將軍澳銀澳路1號新寶城(7-11對面),將軍澳,22.3144238680171,114.26647490546,07:10:00,430.0,牛池灣平定道東10號紅十字會瑪嘉烈戴麟趾學校,將軍澳,22.3358516256126,114.212872452501,08:55:00,535.0,2024-01-09,2024-03-01,,,,True,105.0,1,0
SR3401,乘客977,NWC,手推架,上學,12345,"['Mon', 'Tue', 'Wed', 'Thu', 'Fri']",坑口厚德邨(近信義會慕德中學迴旋處),將軍澳,22.3173980334195,114.267603787583,07:20:00,440.0,藍田復康徑8號紅十字會雅麗珊學校,將軍澳,22.3074345515783,114.230656003018,07:50:00,470.0,2018-04-23,2022-08-01,,,2028-12-31,True,30.0,0,1
SR3401,乘客978,NWC,其他 / 特殊情況,上學,12345,"['Mon', 'Tue', 'Wed', 'Thu', 'Fri']",坑口厚德邨德志樓,將軍澳,22.3180042025818,114.264579244917,07:25:00,445.0,藍田復康徑8號紅十字會雅麗珊學校,將軍澳,22.3074345515783,114.230656003018,07:50:00,470.0,2018-07-03,2022-08-01,,,2028-12-31,True,25.0,0,1
SR3401,乘客979,NWC,手動輪椅不可過椅;嬰兒手推車型輪椅,上學,12345,"['Mon', 'Tue', 'Wed', 'Thu', 'Fri']",天香街6號永泰大廈(月華街入),觀塘,22.3135097520263,114.227821070239,08:05:00,485.0,牛池灣平定道東10號紅十字會瑪嘉烈戴麟趾學校,觀塘,22.3358516256126,114.212872452501,08:55:00,535.0,2014-07-22,2022-08-01,,,2026-12-31,True,50.0,0,1
SR3401,乘客979跟車,WC,,上學,12345,"['Mon', 'Tue', 'Wed', 'Thu', 'Fri']",天香街6號永泰大廈(月華街入),觀塘,22.3135097520263,114.227821070239,08:05:00,485.0,牛池灣平定道東10號紅十字會瑪嘉烈戴麟趾學校,觀塘,22.3358516256126,114.212872452501,08:55:00,535.0,2014-07-22,2022-08-01,,,2026-12-31,True,50.0,1,0
SR3401,乘客980,NWC,手動輪椅不可過椅,上學,12345,"['Mon', 'Tue', 'Wed', 'Thu', 'Fri']",彩福邨彩歡樓,觀塘,22.3272037926092,114.217850994799,08:40:00,520.0,牛池灣平定道東10號紅十字會瑪嘉烈戴麟趾學校,觀塘,22.3358516256126,114.212872452501,08:55:00,535.0,2024-07-03,2024-09-01,,,,True,15.0,0,1
SR3401,乘客980跟車,WC,,上學,12345,"['Mon', 'Tue', 'Wed', 'Thu', 'Fri']",彩福邨彩歡樓,觀塘,22.3272037926092,114.217850994799,08:40:00,520.0,牛池灣平定道東10號紅十字會瑪嘉烈戴麟趾學校,觀塘,22.3358516256126,114.212872452501,08:55:00,535.0,2024-07-03,2024-09-01,,,,True,15.0,1,0
SR3402,乘客981,NWC,其他 / 特殊情況,訓練,12345,"['Mon', 'Tue', 'Wed', 'Thu', 'Fri']",藍田德田邨德盛樓耀能協會德田工場,觀塘,22.3073859320734,114.239077121155,15:00:00,900.0,牛頭角道(近宏光樓閘口),觀塘,22.3257403618725,114.215055727824,16:00:00,960.0,2013-01-31,2022-08-01,,,2026-12-31,True,60.0,0,1
SR3402,乘客982,NWC,其他 / 特殊情況,訓練,12345,"['Mon', 'Tue', 'Wed', 'Thu', 'Fri']",藍田德田邨德盛樓耀能協會德田工場,觀塘,22.3073859320734,114.239077121155,15:00:00,900.0,黃大仙睦鄰街8號現崇山(入閘),觀塘,22.3404561872715,114.196803394491,15:45:00,945.0,2026-02-10,2026-04-01,,,,True,45.0,0,1
SR3402,乘客983,NWC,其他 / 特殊情況,訓練,12345,"['Mon', 'Tue', 'Wed', 'Thu', 'Fri']",正德街104號社區中心鄰舍輔導會展能中心,黃大仙,22.3410273873094,114.194035798103,15:40:00,940.0,藍田平田邨平仁樓,黃大仙,22.305961056145,114.236527473268,16:20:00,980.0,2016-01-14,2025-08-01,,,2026-12-31,True,40.0,0,1
SR3402,乘客984,NWC,其他 / 特殊情況,訓練,12345,"['Mon', 'Tue', 'Wed', 'Thu', 'Fri']",正德街104號社區中心鄰舍輔導會展能中心,黃大仙,22.3410273873094,114.194035798103,15:40:00,940.0,翠屏北邨翠楊樓,黃大仙,22.316891833431,114.230179399042,16:10:00,970.0,2020-12-18,2025-08-01,,,2031-12-31,True,30.0,0,1
SR3402,乘客985,NWC,其他 / 特殊情況,訓練,12345,"['Mon', 'Tue', 'Wed', 'Thu', 'Fri']",翠林邨安林樓基督教家庭翠林工場,將軍澳,22.3237467156139,114.248915045451,16:45:00,1005.0,牛頭角花園大廈畫眉樓,將軍澳,22.3171771514481,114.219222551835,17:35:00,1055.0,2010-08-05,2022-08-01,,,2026-12-31,True,50.0,0,1
SR3402,乘客986,NWC,手杖,訓練,12345,"['Mon', 'Tue', 'Wed', 'Thu', 'Fri']",翠林邨安林樓基督教家庭翠林工場,將軍澳,22.3237467156139,114.248915045451,16:45:00,1005.0,藍田康華苑頌康閣,將軍澳,22.3135657041756,114.23998725195,17:10:00,1030.0,2012-03-15,2024-03-01,,,2026-12-31,True,25.0,0,1
SR3411,乘客987,NWC,電動輪椅,工作,12345,"['Mon', 'Tue', 'Wed', 'Thu', 'Fri']",竹園北邨橡園樓,黃大仙,22.3463911997596,114.192920222061,07:00:00,420.0,紅磡祟平街9號建業中心,黃大仙,22.3113293669678,114.190790038259,07:25:00,445.0,2016-05-05,2022-08-01,,,2026-12-31,True,25.0,0,1
SR3411,乘客988,WC,其他 / 特殊情況,訓練,12345,"['Mon', 'Tue', 'Wed', 'Thu', 'Fri']",青衣長青邨 (青康路閘外小巴站),青衣,22.34468874779,114.108081692946,07:50:00,470.0,葵盛圍310號保良局夏利萊博士伉儷復康中心,青衣,22.3606246094388,114.125004068297,08:45:00,525.0,2025-07-31,2025-09-01,,,,True,55.0,1,0
SR3411,乘客989,NWC,其他 / 特殊情況,訓練,12345,"['Mon', 'Tue', 'Wed', 'Thu', 'Fri']",長康邨康盛樓(涌美路消防閘口),青衣,22.3506694800847,114.103288141142,07:55:00,475.0,葵盛圍310號保良局夏利萊博士伉儷復康中心,青衣,22.3606246094388,114.125004068297,08:45:00,525.0,2011-08-26,2022-08-01,,,2026-12-31,True,50.0,0,1
SR3411,乘客990,NWC,其他 / 特殊情況,訓練,12345,"['Mon', 'Tue', 'Wed', 'Thu', 'Fri']",長康邨康盛樓(涌美路消防閘口),青衣,22.3506694800847,114.103288141142,07:55:00,475.0,葵盛圍310號保良局夏利萊博士伉儷復康中心,青衣,22.3606246094388,114.125004068297,08:45:00,525.0,2013-03-27,2022-08-01,,,2026-12-31,True,50.0,0,1
SR3411,乘客991,NWC,其他 / 特殊情況,訓練,12345,"['Mon', 'Tue', 'Wed', 'Thu', 'Fri']",青衣邨宜偉樓(青葉街巴士站),青衣,22.3552373603732,114.103173462112,08:05:00,485.0,葵盛圍310號保良局夏利萊博士伉儷復康中心,青衣,22.3606246094388,114.125004068297,08:45:00,525.0,2012-01-18,2022-08-01,,,2026-12-31,True,40.0,0,1
SR3411,乘客992,NWC,其他 / 特殊情況,訓練,12345,"['Mon', 'Tue', 'Wed', 'Thu', 'Fri']",青衣邨宜偉樓(青葉街巴士站),青衣,22.3552373603732,114.103173462112,08:05:00,485.0,葵盛圍310號保良局夏利萊博士伉儷復康中心,青衣,22.3606246094388,114.125004068297,08:45:00,525.0,2014-05-14,2022-08-01,,,2026-12-31,True,40.0,0,1
SR3411,乘客993,NWC,其他 / 特殊情況,訓練,12345,"['Mon', 'Tue', 'Wed', 'Thu', 'Fri']",偉景花園(迴旋處),青衣,22.3565127659174,114.103953586692,08:10:00,490.0,葵盛圍310號保良局夏利萊博士伉儷復康中心,青衣,22.3606246094388,114.125004068297,08:45:00,525.0,2015-11-05,2022-08-01,,,2026-12-31,True,35.0,0,1
SR3411,乘客994,NWC,其他 / 特殊情況,訓練,12345,"['Mon', 'Tue', 'Wed', 'Thu', 'Fri']",青綠街17號青怡花園,青衣,22.353471637291,114.104877704941,08:15:00,495.0,葵盛圍310號保良局夏利萊博士伉儷復康中心,青衣,22.3606246094388,114.125004068297,08:45:00,525.0,2013-03-27,2022-08-01,,,2026-12-31,True,30.0,0,1
SR3411,乘客995,NWC,手動輪椅可以過椅,訓練,12345,"['Mon', 'Tue', 'Wed', 'Thu', 'Fri']",麗城花園二期商場上落客區,荃灣,22.3715345156261,114.099987153761,09:00:00,540.0,葵盛圍310號保良局夏利萊博士伉儷復康中心,荃灣,22.3606246094388,114.125004068297,10:05:00,605.0,2025-11-06,2025-12-01,,,,True,65.0,0,1
SR3411,乘客996,WC,手推架;手動輪椅可以過椅,訓練,12345,"['Mon', 'Tue', 'Wed', 'Thu', 'Fri']",安蔭邨澤蔭樓 (近小巴站),葵涌,22.3706199518449,114.1419790851,09:20:00,560.0,荔景山路200號救世軍荔景院,葵涌,22.3450479206061,114.127917588699,10:20:00,620.0,2024-06-13,2024-08-01,,,,True,60.0,1,0
SR3411,乘客997,WC,不需輔助工具,訓練,12345,"['Mon', 'Tue', 'Wed', 'Thu', 'Fri']",石蔭路北葵涌街市(83A小巴站),葵涌,22.3703662021694,114.139007875456,09:30:00,570.0,葵盛圍310號保良局夏利萊博士伉儷復康中心,葵涌,22.3606246094388,114.125004068297,10:05:00,605.0,2024-07-15,2024-08-01,,,,True,35.0,1,0
SR3411,乘客998,NWC,其他 / 特殊情況,訓練,12345,"['Mon', 'Tue', 'Wed', 'Thu', 'Fri']",葵涌葵芳邨葵喜樓(停車場閘口),葵涌,22.3593659217159,114.128646941945,09:45:00,585.0,葵盛圍310號保良局夏利萊博士伉儷復康中心,葵涌,22.3606246094388,114.125004068297,10:05:00,605.0,2012-01-06,2022-08-01,,,2026-12-31,True,20.0,0,1
SR3411,乘客999,NWC,其他 / 特殊情況,訓練,12345,"['Mon', 'Tue', 'Wed', 'Thu', 'Fri']",葵涌葵芳邨葵喜樓(停車場閘口),葵涌,22.3593659217159,114.128646941945,09:45:00,585.0,葵盛圍310號保良局夏利萊博士伉儷復康中心,葵涌,22.3606246094388,114.125004068297,10:05:00,605.0,2011-08-19,2022-08-01,,,2026-12-31,True,20.0,0,1
SR3412,乘客1000,NWC,其他 / 特殊情況,訓練,12345,"['Mon', 'Tue', 'Wed', 'Thu', 'Fri']",葵盛圍310號保良局夏利萊博士伉儷復康中心,葵涌,22.3606246094388,114.125004068297,15:45:00,945.0,葵涌葵芳邨葵喜樓(停車場閘口),葵涌,22.3593659217159,114.128646941945,16:10:00,970.0,2012-01-06,2022-08-01,,,2026-12-31,True,25.0,0,1
SR3412,乘客1001,NWC,其他 / 特殊情況,訓練,12345,"['Mon', 'Tue', 'Wed', 'Thu', 'Fri']",葵盛圍310號保良局夏利萊博士伉儷復康中心,葵涌,22.3606246094388,114.125004068297,15:45:00,945.0,葵涌葵芳邨葵喜樓(停車場閘口),葵涌,22.3593659217159,114.128646941945,16:10:00,970.0,2011-08-19,2022-08-01,,,2026-12-31,True,25.0,0,1
SR3412,乘客1002,NWC,不需輔助工具,訓練,12345,"['Mon', 'Tue', 'Wed', 'Thu', 'Fri']",葵盛圍310號保良局夏利萊博士伉儷復康中心,葵涌,22.3606246094388,114.125004068297,15:45:00,945.0,石蔭商場(童子街小巴站近停車場),葵涌,22.3713326379516,114.138849676614,16:30:00,990.0,2024-07-15,2024-08-01,,,,True,45.0,0,1
SR3412,乘客1003,NWC,手動輪椅可以過椅,訓練,12345,"['Mon', 'Tue', 'Wed', 'Thu', 'Fri']",葵盛圍310號保良局夏利萊博士伉儷復康中心,葵涌,22.3606246094388,114.125004068297,15:45:00,945.0,麗城花園二期商場上落客區,葵涌,22.3715345156261,114.099987153761,16:55:00,1015.0,2025-11-06,2025-12-01,,,,True,70.0,0,1
SR3412,乘客1004,WC,其他 / 特殊情況,訓練,12345,"['Mon', 'Tue', 'Wed', 'Thu', 'Fri']",葵盛圍310號保良局夏利萊博士伉儷復康中心,葵涌,22.3606246094388,114.125004068297,17:05:00,1025.0,青衣長青邨 (青康路閘外小巴站),葵涌,22.34468874779,114.108081692946,17:20:00,1040.0,2025-07-31,2025-09-01,,,,True,15.0,1,0
SR3412,乘客1005,NWC,其他 / 特殊情況,訓練,12345,"['Mon', 'Tue', 'Wed', 'Thu', 'Fri']",葵盛圍310號保良局夏利萊博士伉儷復康中心,葵涌,22.3606246094388,114.125004068297,17:05:00,1025.0,青衣邨宜偉樓(青葉街巴士站),葵涌,22.3552373603732,114.103173462112,17:35:00,1055.0,2012-01-18,2022-08-01,,,2026-12-31,True,30.0,0,1
SR3412,乘客1006,NWC,其他 / 特殊情況,訓練,12345,"['Mon', 'Tue', 'Wed', 'Thu', 'Fri']",葵盛圍310號保良局夏利萊博士伉儷復康中心,葵涌,22.3606246094388,114.125004068297,17:05:00,1025.0,長康邨康盛樓(涌美路消防閘口),葵涌,22.3506694800847,114.103288141142,17:25:00,1045.0,2011-08-26,2022-08-01,,,2026-12-31,True,20.0,0,1
SR3412,乘客1007,NWC,其他 / 特殊情況,訓練,12345,"['Mon', 'Tue', 'Wed', 'Thu', 'Fri']",葵盛圍310號保良局夏利萊博士伉儷復康中心,葵涌,22.3606246094388,114.125004068297,17:05:00,1025.0,長康邨康盛樓(涌美路消防閘口),葵涌,22.3506694800847,114.103288141142,17:25:00,1045.0,2013-03-27,2022-08-01,,,2026-12-31,True,20.0,0,1
SR3412,乘客1008,NWC,其他 / 特殊情況,訓練,12345,"['Mon', 'Tue', 'Wed', 'Thu', 'Fri']",葵盛圍310號保良局夏利萊博士伉儷復康中心,葵涌,22.3606246094388,114.125004068297,17:05:00,1025.0,青綠街17號青怡花園,葵涌,22.353471637291,114.104877704941,17:50:00,1070.0,2013-03-27,2022-08-01,,,2026-12-31,True,45.0,0,1
SR3412,乘客1009,NWC,其他 / 特殊情況,訓練,12345,"['Mon', 'Tue', 'Wed', 'Thu', 'Fri']",葵盛圍310號保良局夏利萊博士伉儷復康中心,葵涌,22.3606246094388,114.125004068297,17:05:00,1025.0,青衣邨宜偉樓(青葉街巴士站),葵涌,22.3552373603732,114.103173462112,17:35:00,1055.0,2014-05-14,2022-08-01,,,2026-12-31,True,30.0,0,1
SR3412,乘客1010,NWC,其他 / 特殊情況,訓練,12345,"['Mon', 'Tue', 'Wed', 'Thu', 'Fri']",葵盛圍310號保良局夏利萊博士伉儷復康中心,葵涌,22.3606246094388,114.125004068297,17:05:00,1025.0,偉景花園(迴旋處),葵涌,22.3565127659174,114.103953586692,17:40:00,1060.0,2015-11-05,2022-08-01,,,2026-12-31,True,35.0,0,1
SR3421,乘客1011,NWC,手動輪椅可以過椅;手杖;腳架,訓練,12345,"['Mon', 'Tue', 'Wed', 'Thu', 'Fri']",廣明苑廣寧閣,將軍澳,22.3119497586518,114.259188105857,07:05:00,425.0,何文田常康街51號耀能協會盛康園(閘口),將軍澳,22.3202049408109,114.182679177075,08:50:00,530.0,2011-04-19,2022-08-01,,,2026-12-31,True,105.0,0,1
SR3421,乘客1012,WC,電動輪椅,訓練,12345,"['Mon', 'Tue', 'Wed', 'Thu', 'Fri']",藍田邨藍碧樓,觀塘,22.3106522159634,114.236321764603,07:25:00,445.0,九龍塘牛津道1D號展亮技能發展中心,觀塘,22.3287326259366,114.180324023198,08:20:00,500.0,2025-07-03,2025-09-01,,,,True,55.0,1,0
SR3421,乘客1013,WC,手動輪椅可以過椅,訓練,12345,"['Mon', 'Tue', 'Wed', 'Thu', 'Fri']",福塘道4號啟能康復大樓基督教家庭服務中心,觀塘,22.3118059268488,114.228805720773,07:50:00,470.0,九龍塘牛津道1D號展亮技能發展中心,觀塘,22.3287326259366,114.180324023198,08:20:00,500.0,2024-07-30,2024-10-01,,,,True,30.0,1,0
SR3421,乘客1014,WC,電動輪椅,訓練,12345,"['Mon', 'Tue', 'Wed', 'Thu', 'Fri']",福塘道4號啟能康復大樓基督教家庭服務中心,觀塘,22.3118059268488,114.228805720773,07:50:00,470.0,九龍塘牛津道1D號展亮技能發展中心,觀塘,22.3287326259366,114.180324023198,08:20:00,500.0,2024-07-26,2024-10-01,,,2028-08-31,True,30.0,1,0
SR3421,乘客1015,WC,電動輪椅,訓練,12345,"['Mon', 'Tue', 'Wed', 'Thu', 'Fri']",何文田冠德苑B座,九龍城,22.314670131965,114.183221160765,08:40:00,520.0,何文田常康街51號耀能協會盛康園(閘口),九龍城,22.3202049408109,114.182679177075,08:50:00,530.0,2022-12-30,2022-08-01,,,2033-12-31,True,10.0,1,0
SR3421,乘客1016,WC,手推架,訓練,12345,"['Mon', 'Tue', 'Wed', 'Thu', 'Fri']",何文田愛民邨建民樓,九龍城,22.3123313521932,114.179365077339,09:00:00,540.0,何文田常康街51號耀能協會盛康園(閘口),九龍城,22.3202049408109,114.182679177075,09:40:00,580.0,2024-12-09,2025-01-01,,,,True,40.0,1,0
SR3421,乘客1017,NWC,手動輪椅不可過椅;手杖,訓練,12345,"['Mon', 'Tue', 'Wed', 'Thu', 'Fri']",何文田邨景文樓,九龍城,22.3180915429257,114.180709344994,09:10:00,550.0,何文田常康街51號耀能協會盛康園(閘口),九龍城,22.3202049408109,114.182679177075,09:40:00,580.0,2014-12-22,2022-08-01,,,2032-12-31,True,30.0,0,1
SR3421,乘客1018,WC,手動輪椅不可過椅,訓練,12345,"['Mon', 'Tue', 'Wed', 'Thu', 'Fri']",何文田邨景文樓,九龍城,22.3180915429257,114.180709344994,09:10:00,550.0,何文田常康街51號耀能協會盛康園(閘口),九龍城,22.3202049408109,114.182679177075,09:40:00,580.0,2025-01-22,2025-03-01,,,,True,30.0,1,0
SR3422,乘客1019,WC,其他 / 特殊情況,訓練,12345,"['Mon', 'Tue', 'Wed', 'Thu', 'Fri']",何文田常康街51號耀能協會盛康園(閘口),九龍城,22.3202049408109,114.182679177075,15:30:00,930.0,黃大仙下邨龍泰樓耀能協會龍泰宿舍,九龍城,22.3401737256226,114.191524889904,15:55:00,955.0,2010-11-10,2022-08-01,,,2030-12-31,True,25.0,1,0
SR3422,乘客1020,NWC,手動輪椅可以過椅;手杖;腳架,訓練,12345,"['Mon', 'Tue', 'Wed', 'Thu', 'Fri']",何文田常康街51號耀能協會盛康園(閘口),九龍城,22.3202049408109,114.182679177075,15:30:00,930.0,廣明苑廣寧閣,九龍城,22.3119497586518,114.259188105857,16:55:00,1015.0,2011-04-19,2022-08-01,,,2026-12-31,True,85.0,0,1
SR3422,乘客1021,WC,電動輪椅,訓練,12345,"['Mon', 'Tue', 'Wed', 'Thu', 'Fri']",何文田常康街51號耀能協會盛康園(閘口),九龍城,22.3202049408109,114.182679177075,15:30:00,930.0,何文田冠德苑B座,九龍城,22.314670131965,114.183221160765,15:35:00,935.0,2022-12-30,2022-08-01,,,2033-12-31,True,5.0,1,0
SR3422,乘客1022,WC,電動輪椅,工作,12345,"['Mon', 'Tue', 'Wed', 'Thu', 'Fri']",藍田復康徑7號藍田綜合中心,觀塘,22.3080382817291,114.23042037906,17:30:00,1050.0,藍田平田邨平誠樓(消防閘口_落雨入閘上平台),觀塘,22.3059561110006,114.236637897371,18:00:00,1080.0,2023-08-02,2025-09-01,,,,True,30.0,1,0
SR3422,乘客1023,WC,電動輪椅;手動輪椅不可過椅,工作,12345,"['Mon', 'Tue', 'Wed', 'Thu', 'Fri']",藍田復康徑7號藍田綜合中心,觀塘,22.3080382817291,114.23042037906,17:30:00,1050.0,藍田德田邨德隆樓,觀塘,22.3072253678641,114.238169478258,17:50:00,1070.0,2014-01-22,2022-08-01,,,2031-12-31,True,20.0,1,0
SR3431,乘客1024,WC,不需輔助工具,上學,12345,"['Mon', 'Tue', 'Wed', 'Thu', 'Fri']",厚德邨德澤樓,將軍澳,22.318613951118,114.263651155467,07:00:00,420.0,興盛路89號啟聾學校,將軍澳,22.3596830175344,114.12540937882,07:55:00,475.0,2023-11-28,2024-03-01,,,,True,55.0,1,0
SR3431,乘客1025,NWC,手杖,工作,12345,"['Mon', 'Tue', 'Wed', 'Thu', 'Fri']",富麗花園1座,將軍澳,22.3240064448862,114.254549580648,07:10:00,430.0,青衣城(落貨區18號升降機位),將軍澳,22.3585741194731,114.107265471658,08:05:00,485.0,2012-12-10,2022-08-01,,,2029-12-31,True,55.0,0,1
SR3431,乘客1026,NWC,手動輪椅可以過椅;手杖,工作,12345,"['Mon', 'Tue', 'Wed', 'Thu', 'Fri']",香港魷魚灣貿泰路8號茵怡花園2座,將軍澳,22.3220953457952,114.255853090313,07:15:00,435.0,葵昌路51號九龍貿易中心,葵涌,22.3614931374078,114.13248900202,07:45:00,465.0,2024-04-26,2024-06-01,,,,True,30.0,0,1
SR3431,乘客1027,WC,手杖,訓練,12345,"['Mon', 'Tue', 'Wed', 'Thu', 'Fri']",青泰苑(閘口迴旋處),青衣,22.3624940566022,114.102011078112,08:15:00,495.0,葵涌醫院A座 - 日間復元中心,青衣,22.3416382759383,114.134580154842,08:55:00,535.0,2023-07-22,2024-03-01,,,,True,40.0,1,0
SR3431,乘客1028,NWC,手杖,工作,12345,"['Mon', 'Tue', 'Wed', 'Thu', 'Fri']",美景花園(商場入閘),青衣,22.3441828778319,114.106744315562,08:25:00,505.0,葵涌大圓街12-22號瑞榮工業大廈,青衣,22.3700235994761,114.135823647454,08:40:00,520.0,2026-03-04,2026-04-01,,,,True,15.0,0,1
SR3431,乘客1029,NWC,其他 / 特殊情況,訓練,12345,"['Mon', 'Tue', 'Wed', 'Thu', 'Fri']",翠屏南邨翠杏樓(消防閘口),觀塘,22.3123460642954,114.232129571049,09:30:00,570.0,慈雲山慈正邨正怡樓循道衛理楊震晉業中心,觀塘,22.3510733093282,114.201289236573,10:15:00,615.0,2016-05-05,2022-08-01,,,2026-12-31,True,45.0,0,1
SR3431,乘客1030,NWC,其他 / 特殊情況,訓練,12345,"['Mon', 'Tue', 'Wed', 'Thu', 'Fri']",藍田廣田邨廣軒樓,觀塘,22.3031478470623,114.239670758835,09:40:00,580.0,紅磡紅菱街3號東華三院何玉清工場,觀塘,22.3051937972372,114.184098155385,10:40:00,640.0,2022-11-15,2025-08-01,,,2032-12-31,True,60.0,0,1
SR3431,乘客1031,NWC,手動輪椅可以過椅,訓練,234,"['Tue', 'Wed', 'Thu']",黃大仙下邨龍裕樓(閘口),黃大仙,22.3398369198445,114.195540570644,10:00:00,600.0,紅磡紅菱街3號東華三院何玉清工場,黃大仙,22.3051937972372,114.184098155385,10:40:00,640.0,2024-01-05,2025-08-01,,,,True,40.0,0,1
SR3432,乘客1032,WC,手動輪椅不可過椅,上學,12345,"['Mon', 'Tue', 'Wed', 'Thu', 'Fri']",歌和老街53號香港心理衛生會臻和學校,深水埗,22.3399607347764,114.168054871166,15:00:00,900.0,沙田坳道10號黃大仙紀律部隊宿舍,深水埗,22.3403985402113,114.196318500683,15:25:00,925.0,2024-05-08,2024-06-01,,,,True,25.0,1,0
SR3432,乘客1033,WC,手動輪椅不可過椅,上學,12345,"['Mon', 'Tue', 'Wed', 'Thu', 'Fri']",歌和老街53號香港心理衛生會臻和學校,深水埗,22.3399607347764,114.168054871166,15:00:00,900.0,黃大仙上邨耀善樓,深水埗,22.3427654137339,114.191862317492,15:15:00,915.0,2021-02-26,2022-08-01,,,2031-12-31,True,15.0,1,0
SR3432,乘客1033跟車,WC,,上學,12345,"['Mon', 'Tue', 'Wed', 'Thu', 'Fri']",歌和老街53號香港心理衛生會臻和學校,深水埗,22.3399607347764,114.168054871166,15:00:00,900.0,黃大仙上邨耀善樓,深水埗,22.3427654137339,114.191862317492,15:15:00,915.0,2021-02-26,2022-08-01,,,2031-12-31,True,15.0,1,0
SR3432,乘客1034,NWC,手動輪椅可以過椅,上學,12345,"['Mon', 'Tue', 'Wed', 'Thu', 'Fri']",歌和老街53號香港心理衛生會臻和學校,深水埗,22.3399607347764,114.168054871166,15:00:00,900.0,土瓜灣馬頭涌道93-103號美誠大廈,深水埗,22.3239348973832,114.188248700288,15:35:00,935.0,2026-01-20,2026-02-01,,,,True,35.0,0,1
SR3432,乘客1034跟車,WC,,上學,12345,"['Mon', 'Tue', 'Wed', 'Thu', 'Fri']",歌和老街53號香港心理衛生會臻和學校,深水埗,22.3399607347764,114.168054871166,15:00:00,900.0,土瓜灣馬頭涌道93-103號美誠大廈,深水埗,22.3239348973832,114.188248700288,15:35:00,935.0,2026-01-20,2026-02-01,,,,True,35.0,1,0
SR3432,乘客1035,NWC,手動輪椅不可過椅;嬰兒手推車型輪椅,上學,12345,"['Mon', 'Tue', 'Wed', 'Thu', 'Fri']",牛池灣平定道東10號紅十字會瑪嘉烈戴麟趾學校,黃大仙,22.3358516256126,114.212872452501,16:00:00,960.0,天香街6號永泰大廈(月華街入),黃大仙,22.3135097520263,114.227821070239,16:40:00,1000.0,2014-07-22,2022-08-01,,,2026-12-31,True,40.0,0,1
SR3432,乘客1035跟車,WC,,上學,12345,"['Mon', 'Tue', 'Wed', 'Thu', 'Fri']",牛池灣平定道東10號紅十字會瑪嘉烈戴麟趾學校,黃大仙,22.3358516256126,114.212872452501,16:00:00,960.0,天香街6號永泰大廈(月華街入),黃大仙,22.3135097520263,114.227821070239,16:40:00,1000.0,2014-07-22,2022-08-01,,,2026-12-31,True,40.0,1,0
SR3432,乘客1036,NWC,嬰兒手推車型輪椅,上學,12345,"['Mon', 'Tue', 'Wed', 'Thu', 'Fri']",牛池灣平定道東10號紅十字會瑪嘉烈戴麟趾學校,黃大仙,22.3358516256126,114.212872452501,16:00:00,960.0,將軍澳銀澳路1號新寶城 (近巴士站),黃大仙,22.3143108466077,114.266380213044,17:10:00,1030.0,2024-01-09,2024-03-01,,,,True,70.0,0,1
SR3432,乘客1036跟車,WC,,上學,12345,"['Mon', 'Tue', 'Wed', 'Thu', 'Fri']",牛池灣平定道東10號紅十字會瑪嘉烈戴麟趾學校,黃大仙,22.3358516256126,114.212872452501,16:00:00,960.0,將軍澳銀澳路1號新寶城 (近巴士站),黃大仙,22.3143108466077,114.266380213044,17:10:00,1030.0,2024-01-09,2024-03-01,,,,True,70.0,1,0
SR3432,乘客1037,NWC,嬰兒手推車型輪椅;其他 / 特殊情況,上學,12345,"['Mon', 'Tue', 'Wed', 'Thu', 'Fri']",牛池灣平定道東10號紅十字會瑪嘉烈戴麟趾學校,黃大仙,22.3358516256126,114.212872452501,16:00:00,960.0,貿泰路8號茵怡花園3座,黃大仙,22.3226603251646,114.25597683994,17:00:00,1020.0,2023-07-28,2024-03-01,,,,True,60.0,0,1
SR3432,乘客1037跟車,WC,,上學,12345,"['Mon', 'Tue', 'Wed', 'Thu', 'Fri']",牛池灣平定道東10號紅十字會瑪嘉烈戴麟趾學校,黃大仙,22.3358516256126,114.212872452501,16:00:00,960.0,貿泰路8號茵怡花園3座,黃大仙,22.3226603251646,114.25597683994,17:00:00,1020.0,2023-07-28,2024-03-01,,,,True,60.0,1,0
SR3432,乘客1038,NWC,手動輪椅不可過椅,上學,12345,"['Mon', 'Tue', 'Wed', 'Thu', 'Fri']",牛池灣平定道東10號紅十字會瑪嘉烈戴麟趾學校,黃大仙,22.3358516256126,114.212872452501,16:00:00,960.0,彩福邨彩歡樓,黃大仙,22.3272037926092,114.217850994799,16:25:00,985.0,2024-07-03,2024-09-01,,,,True,25.0,0,1
SR3432,乘客1038跟車,WC,,上學,12345,"['Mon', 'Tue', 'Wed', 'Thu', 'Fri']",牛池灣平定道東10號紅十字會瑪嘉烈戴麟趾學校,黃大仙,22.3358516256126,114.212872452501,16:00:00,960.0,彩福邨彩歡樓,黃大仙,22.3272037926092,114.217850994799,16:25:00,985.0,2024-07-03,2024-09-01,,,,True,25.0,1,0
SR3441,乘客1039,NWC,電動輪椅;手杖,工作,12345,"['Mon', 'Tue', 'Wed', 'Thu', 'Fri']",秀茂坪曉麗苑曉天閣,觀塘,22.3208795293276,114.229361520148,06:50:00,410.0,九龍灣啟成街3號機電工程署,觀塘,22.3263118756401,114.202880114749,07:20:00,440.0,2023-07-21,2024-04-01,,,,True,30.0,0,1
SR3441,乘客1040,WC,電動輪椅,工作,12345,"['Mon', 'Tue', 'Wed', 'Thu', 'Fri']",牛頭角上邨常榮樓(入閘),觀塘,22.3194180664513,114.21667683058,07:05:00,425.0,九龍灣啟成街3號機電工程署,觀塘,22.3263118756401,114.202880114749,07:20:00,440.0,2025-01-23,2025-04-01,,,,True,15.0,1,0
SR3441,乘客1041,WC,手動輪椅不可過椅,訓練,12345,"['Mon', 'Tue', 'Wed', 'Thu', 'Fri']",慈雲山毓華街60號B廣發大廈,黃大仙,22.3469895068333,114.201562103104,07:40:00,460.0,李鄭屋邨道德樓心理衛生會李鄭屋工場,黃大仙,22.3396314422768,114.158737309022,08:25:00,505.0,2012-06-19,2022-08-01,,,2026-12-31,True,45.0,1,0
SR3441,乘客1042,WC,手動輪椅不可過椅;其他 / 特殊情況,訓練,12345,"['Mon', 'Tue', 'Wed', 'Thu', 'Fri']",黃大仙下邨龍福樓,黃大仙,22.3397685140335,114.191553679159,08:00:00,480.0,元州邨元康樓基督教懷智服務處(入閘),黃大仙,22.3375174105136,114.154391939781,08:35:00,515.0,2018-08-08,2022-08-01,,,2033-12-31,True,35.0,1,0
SR3441,乘客1043,WC,其他 / 特殊情況,訓練,12345,"['Mon', 'Tue', 'Wed', 'Thu', 'Fri']",太子界限街12號A興隆大廈,油尖旺,22.3262646336246,114.165575568675,08:50:00,530.0,油塘鯉魚門邨鯉隆樓循道衛理楊震晉朗中心,油尖旺,22.293988923552,114.239381747937,10:30:00,630.0,2012-03-26,2022-08-01,,,2026-12-31,True,100.0,1,0
SR3441,乘客1044,NWC,電動輪椅;手動輪椅可以過椅,訓練,12345,"['Mon', 'Tue', 'Wed', 'Thu', 'Fri']",樂富邨宏樂樓(入巴士總站),黃大仙,22.3386285999822,114.18729233108,09:30:00,570.0,油塘鯉魚門邨鯉隆樓循道衛理楊震晉朗中心,黃大仙,22.293988923552,114.239381747937,10:30:00,630.0,2018-09-11,2022-08-01,,,2028-12-31,True,60.0,0,1
SR3441,乘客1045,WC,手動輪椅不可過椅;其他 / 特殊情況,訓練,12345,"['Mon', 'Tue', 'Wed', 'Thu', 'Fri']",坑口名成街(連成街商場玻璃門),將軍澳,22.3161362602177,114.26509696089,09:55:00,595.0,油塘鯉魚門邨鯉隆樓循道衛理楊震晉朗中心,將軍澳,22.293988923552,114.239381747937,10:30:00,630.0,2014-01-21,2022-08-01,,,2026-12-31,True,35.0,1,0
SR3441,乘客1046,WC,其他 / 特殊情況,訓練,12345,"['Mon', 'Tue', 'Wed', 'Thu', 'Fri']",健明邨健華樓,將軍澳,22.3064244446926,114.251008993095,10:05:00,605.0,油塘鯉魚門邨鯉隆樓循道衛理楊震晉朗中心,將軍澳,22.293988923552,114.239381747937,10:30:00,630.0,2013-08-15,2022-08-01,,,2026-12-31,True,25.0,1,0
SR3441,乘客1047,NWC,其他 / 特殊情況,訓練,12345,"['Mon', 'Tue', 'Wed', 'Thu', 'Fri']",維景灣畔12座,將軍澳,22.3025420991299,114.253156551525,10:15:00,615.0,油塘鯉魚門邨鯉隆樓循道衛理楊震晉朗中心,將軍澳,22.293988923552,114.239381747937,10:30:00,630.0,2009-04-09,2022-08-01,,,2026-12-31,True,15.0,0,1
SR3441,乘客1047跟車,NWC,,訓練,12345,"['Mon', 'Tue', 'Wed', 'Thu', 'Fri']",維景灣畔12座,將軍澳,22.3025420991299,114.253156551525,10:15:00,615.0,油塘鯉魚門邨鯉隆樓循道衛理楊震晉朗中心,將軍澳,22.293988923552,114.239381747937,10:30:00,630.0,2009-04-09,2022-08-01,,,2026-12-31,True,15.0,0,1
SR3442,乘客1048,NWC,不需輔助工具,訓練,12345,"['Mon', 'Tue', 'Wed', 'Thu', 'Fri']",正德街104號社區中心鄰舍輔導會展能中心,黃大仙,22.3410273873094,114.194035798103,15:00:00,900.0,香港將軍澳名成街,黃大仙,22.316003,114.264987,16:15:00,975.0,2024-02-16,2024-04-01,,,,True,75.0,0,1
SR3442,乘客1049,NWC,其他 / 特殊情況,訓練,12345,"['Mon', 'Tue', 'Wed', 'Thu', 'Fri']",正德街104號社區中心鄰舍輔導會展能中心,黃大仙,22.3410273873094,114.194035798103,15:00:00,900.0,唐德街9號將軍澳中心(停車場),黃大仙,22.3075108929355,114.257105995794,16:30:00,990.0,2024-10-29,2024-12-01,,,,True,90.0,0,1
SR3442,乘客1050,NWC,手杖,訓練,12345,"['Mon', 'Tue', 'Wed', 'Thu', 'Fri']",清水灣道16號聖公會聖約翰小學,黃大仙,22.3339065754751,114.211555319516,15:25:00,925.0,牛頭角功樂道 2號賽馬會大樓心理衛生會敦睦軒,黃大仙,22.3175370763783,114.222546615381,16:50:00,1010.0,2022-10-27,2022-08-01,,,2032-12-31,True,85.0,0,1
SR3442,乘客1051,NWC,手杖,訓練,12345,"['Mon', 'Tue', 'Wed', 'Thu', 'Fri']",清水灣道16號聖公會聖約翰小學,黃大仙,22.3339065754751,114.211555319516,15:25:00,925.0,黃大仙中心北館（停車場落客區）,黃大仙,22.3427567681724,114.190501442282,15:35:00,935.0,2024-08-05,2024-09-01,,,,True,10.0,0,1
SR3442,乘客1052,NWC,白手杖,訓練,12345,"['Mon', 'Tue', 'Wed', 'Thu', 'Fri']",清水灣道16號聖公會聖約翰小學,黃大仙,22.3339065754751,114.211555319516,15:25:00,925.0,黃大仙中心北館（停車場落客區）,黃大仙,22.3427567681724,114.190501442282,15:35:00,935.0,2024-09-10,2024-10-01,,,,True,10.0,0,1
SR3442,乘客1053,NWC,電動輪椅;手動輪椅不可過椅,工作,235,"['Tue', 'Wed', 'Fri']",牛頭角海濱道宏利大樓,觀塘,22.3158653752826,114.214109152507,15:50:00,950.0,將軍澳名成街 (綠色小巴站尾),觀塘,22.3159424266459,114.265011655615,16:15:00,975.0,2025-04-22,2025-06-01,,,,True,25.0,0,1
SR3442,乘客1054,WC,手推架,訓練,12345,"['Mon', 'Tue', 'Wed', 'Thu', 'Fri']",石硤尾邨美山樓保良局服務中心,深水埗,22.3320977574593,114.165573715176,17:15:00,1035.0,荔枝角道246號,深水埗,22.3271646004089,114.162969194128,17:35:00,1055.0,2019-04-23,2022-08-01,,,2031-12-31,True,20.0,1,0
SR3442,乘客1055,NWC,手動輪椅不可過椅,訓練,12345,"['Mon', 'Tue', 'Wed', 'Thu', 'Fri']",石硤尾邨美山樓保良局服務中心,深水埗,22.3320977574593,114.165573715176,17:15:00,1035.0,黃大仙悅庭軒 (入停車場),深水埗,22.3416832766837,114.201711385036,17:55:00,1075.0,2024-05-18,2024-07-01,,,,True,40.0,0,1
SR3442,乘客1056,WC,手推架,訓練,12345,"['Mon', 'Tue', 'Wed', 'Thu', 'Fri']",石硤尾邨美山樓保良局服務中心,深水埗,22.3320977574593,114.165573715176,17:15:00,1035.0,何文田邨(入閘後的士站外),深水埗,22.3164055227537,114.182176738683,18:25:00,1105.0,2024-05-22,2024-07-01,,,,True,70.0,1,0
SR3442,乘客1057,NWC,不需輔助工具,訓練,12345,"['Mon', 'Tue', 'Wed', 'Thu', 'Fri']",石硤尾邨美山樓保良局服務中心,深水埗,22.3320977574593,114.165573715176,17:15:00,1035.0,何文田愛民商場,深水埗,22.311555055515,114.178633571776,18:20:00,1100.0,2024-07-03,2024-09-01,,,,True,65.0,0,1
SR3442,乘客1058,NWC,手杖,工作,12345,"['Mon', 'Tue', 'Wed', 'Thu', 'Fri']",黃大仙中心北館（停車場落客區）,黃大仙,22.3427567681724,114.190501442282,18:05:00,1085.0,大圍翠田街1-3號愉景花園,黃大仙,22.3697821674525,114.184128113443,18:55:00,1135.0,2025-05-07,2025-06-01,,,,True,50.0,0,1
SR3451,乘客1059,NWC,其他 / 特殊情況,訓練,12345,"['Mon', 'Tue', 'Wed', 'Thu', 'Fri']",牛頭角彩興路簡約公屋,觀塘,22.3313784058777,114.216885780353,07:30:00,450.0,油麻地澄平街4號駿發花園2期3座心理衛生會展能中心,觀塘,22.3106964858711,114.167869040316,08:50:00,530.0,2025-09-15,2025-11-01,,,,True,80.0,0,1
SR3451,乘客1060,NWC,其他 / 特殊情況,訓練,12345,"['Mon', 'Tue', 'Wed', 'Thu', 'Fri']",樂富邨樂民樓(入閘),黃大仙,22.3365780162184,114.186826610026,07:55:00,475.0,油麻地石壁道4號明愛油麻地服務中心,黃大仙,22.3107804793595,114.17171875273,08:45:00,525.0,2022-05-18,2022-08-01,,,2032-12-31,True,50.0,0,1
SR3451,乘客1061,NWC,不需輔助工具,訓練,12345,"['Mon', 'Tue', 'Wed', 'Thu', 'Fri']",紅磡紅樂道9號善匯,九龍城,22.3025575978074,114.185477210195,08:15:00,495.0,油麻地澄平街4號駿發花園2期3座心理衛生會展能中心,九龍城,22.3106964858711,114.167869040316,08:50:00,530.0,2025-02-18,2025-04-01,,,,True,35.0,0,1
SR3451,乘客1062,NWC,手杖,訓練,12345,"['Mon', 'Tue', 'Wed', 'Thu', 'Fri']",大角咀埃華街67-87號大同新邨大眾樓聖榮之家,油尖旺,22.3213661774198,114.161209289958,08:30:00,510.0,油麻地石壁道4號明愛油麻地服務中心,油尖旺,22.3107804793595,114.17171875273,08:45:00,525.0,2023-07-24,2023-08-01,,,,True,15.0,0,1
SR3451,乘客1063,NWC,不需輔助工具,訓練,135,"['Mon', 'Wed', 'Fri']",大角咀埃華街67-87號大同新邨大眾樓聖榮之家,油尖旺,22.3213661774198,114.161209289958,08:30:00,510.0,香港李鄭屋發祥街李鄭屋邨道德樓,油尖旺,22.3395277153274,114.158691130579,09:05:00,545.0,2025-07-30,2025-09-01,,,,True,35.0,0,1
SR3451,乘客1064,NWC,手動輪椅不可過椅,治療,125,"['Mon', 'Tue', 'Fri']",香港白田白田街白田邨太田樓,深水埗,22.3356513,114.1671652,09:15:00,555.0,福塘道4號啟能康復大樓基督教家庭服務中心,觀塘,22.3118059268488,114.228805720773,10:20:00,620.0,2024-03-27,2024-05-01,,,,True,65.0,0,1
SR3451,乘客1065,WC,電動輪椅,就診,135,"['Mon', 'Wed', 'Fri']",石硤尾邨美賢樓,深水埗,22.3337423391638,114.165491171791,09:20:00,560.0,福塘道4號啟能康復大樓基督教家庭服務中心,深水埗,22.3118059268488,114.228805720773,10:20:00,620.0,2021-08-13,2022-08-01,,,2031-12-31,True,60.0,1,0
SR3451,乘客1066,WC,其他 / 特殊情況,就診,12345,"['Mon', 'Tue', 'Wed', 'Thu', 'Fri']",何文田亞皆老街122號旺角大廈,九龍城,22.3199861101783,114.175895532835,09:35:00,575.0,福塘道4號啟能康復大樓基督教家庭服務中心,九龍城,22.3118059268488,114.228805720773,10:20:00,620.0,2019-12-17,2022-08-01,,,2030-12-31,True,45.0,1,0
SR3452,乘客1067,NWC,手動輪椅不可過椅,上學,12345,"['Mon', 'Tue', 'Wed', 'Thu', 'Fri']",安達臣道301號靈實恩光學校,將軍澳,22.3214554498288,114.244014640255,15:00:00,900.0,彩虹邨錦雲樓,將軍澳,22.3368521565974,114.205018834871,15:30:00,930.0,2023-07-25,2024-12-01,,,,True,30.0,0,1
SR3452,乘客1067跟車,WC,,上學,12345,"['Mon', 'Tue', 'Wed', 'Thu', 'Fri']",安達臣道301號靈實恩光學校,將軍澳,22.3214554498288,114.244014640255,15:00:00,900.0,彩虹邨錦雲樓,將軍澳,22.3368521565974,114.205018834871,15:30:00,930.0,2023-07-25,2024-12-01,,,,True,30.0,1,0
SR3452,乘客1068,NWC,嬰兒手推車型輪椅,上學,12345,"['Mon', 'Tue', 'Wed', 'Thu', 'Fri']",安達臣道301號靈實恩光學校,將軍澳,22.3214554498288,114.244014640255,15:00:00,900.0,啟晴邨欣晴樓,將軍澳,22.3325332138563,114.203391863914,15:50:00,950.0,2024-11-28,2025-01-01,,,,True,50.0,0,1
SR3452,乘客1068跟車,WC,,上學,12345,"['Mon', 'Tue', 'Wed', 'Thu', 'Fri']",安達臣道301號靈實恩光學校,將軍澳,22.3214554498288,114.244014640255,15:00:00,900.0,啟晴邨欣晴樓,將軍澳,22.3325332138563,114.203391863914,15:50:00,950.0,2024-11-28,2025-01-01,,,,True,50.0,1,0
SR3452,乘客1069,NWC,手動輪椅不可過椅,上學,12345,"['Mon', 'Tue', 'Wed', 'Thu', 'Fri']",安達臣道301號靈實恩光學校,將軍澳,22.3214554498288,114.244014640255,15:00:00,900.0,九龍城沐安街回旋處避車處,將軍澳,22.32931966586,114.20165779961,15:40:00,940.0,2025-07-06,2025-09-01,,,,True,40.0,0,1
SR3452,乘客1069跟車,WC,,上學,12345,"['Mon', 'Tue', 'Wed', 'Thu', 'Fri']",安達臣道301號靈實恩光學校,將軍澳,22.3214554498288,114.244014640255,15:00:00,900.0,九龍城沐安街回旋處避車處,將軍澳,22.32931966586,114.20165779961,15:40:00,940.0,2025-07-06,2025-09-01,,,,True,40.0,1,0
SR3452,乘客1070,NWC,電動輪椅,訓練,12345,"['Mon', 'Tue', 'Wed', 'Thu', 'Fri']",何文田常康街51號耀能協會盛康園(閘口),九龍城,22.3202049408109,114.182679177075,16:05:00,965.0,尖沙咀廣東道188號港景峰1座,九龍城,22.3021105388163,114.168082446431,17:05:00,1025.0,2011-03-11,2022-08-01,,,2030-12-31,True,60.0,0,1
SR3452,乘客1071,WC,手動輪椅不可過椅,訓練,12345,"['Mon', 'Tue', 'Wed', 'Thu', 'Fri']",何文田常康街51號耀能協會盛康園(閘口),九龍城,22.3202049408109,114.182679177075,16:05:00,965.0,長沙灣深旺道海達邨海昌樓,九龍城,22.3296775677953,114.150661344578,17:25:00,1045.0,2021-08-02,2022-08-01,,,2031-12-31,True,80.0,1,0
SR3452,乘客1072,WC,手動輪椅可以過椅,訓練,12345,"['Mon', 'Tue', 'Wed', 'Thu', 'Fri']",何文田常康街51號耀能協會盛康園(閘口),九龍城,22.3202049408109,114.182679177075,16:05:00,965.0,元洲邨元滿樓(東京街巴士站),九龍城,22.3351891816016,114.157844949252,17:35:00,1055.0,2012-05-31,2022-08-01,,,2030-12-31,True,90.0,1,0
SR3452,乘客1073,WC,手動輪椅不可過椅,訓練,12345,"['Mon', 'Tue', 'Wed', 'Thu', 'Fri']",何文田常康街51號耀能協會盛康園(閘口),九龍城,22.3202049408109,114.182679177075,16:05:00,965.0,荔景山路278號荔欣苑(迴旋處),九龍城,22.34243280562,114.137233614977,18:10:00,1090.0,2022-08-10,2022-08-01,,,2032-12-31,True,125.0,1,0
SR3461,乘客1074,WC,手杖;其他 / 特殊情況,上學,12345,"['Mon', 'Tue', 'Wed', 'Thu', 'Fri']",何文田愛民邨昭民樓(避車處),九龍城,22.3133419794008,114.178530987557,07:00:00,420.0,藍田復康徑8號紅十字會雅麗珊學校,九龍城,22.3074345515783,114.230656003018,08:15:00,495.0,2021-12-01,2022-08-01,,,2032-12-31,True,75.0,1,0
SR3461,乘客1075,NWC,手動輪椅不可過椅,上學,12345,"['Mon', 'Tue', 'Wed', 'Thu', 'Fri']",紅磡紅樂道過渡性房屋「善匯」(避車處),九龍城,22.3022567949381,114.185608859586,07:15:00,435.0,藍田復康徑8號紅十字會雅麗珊學校,九龍城,22.3074345515783,114.230656003018,08:15:00,495.0,2025-10-09,2025-11-01,,,,True,60.0,0,1
SR3461,乘客1076,WC,手動輪椅不可過椅,上學,12345,"['Mon', 'Tue', 'Wed', 'Thu', 'Fri']",紅磡愛景街海濱南岸(閘口),九龍城,22.3024913427465,114.187311709815,07:20:00,440.0,藍田復康徑8號紅十字會雅麗珊學校,九龍城,22.3074345515783,114.230656003018,08:15:00,495.0,2023-11-01,2023-12-01,,,,True,55.0,1,0
SR3461,乘客1077,WC,手動輪椅不可過椅,上學,12345,"['Mon', 'Tue', 'Wed', 'Thu', 'Fri']",亞皆老街玉華大廈(小巴站),九龍城,22.3260723974501,114.18705580411,07:45:00,465.0,藍田復康徑8號紅十字會雅麗珊學校,九龍城,22.3074345515783,114.230656003018,08:15:00,495.0,2022-10-20,2022-08-01,,,2032-12-31,True,30.0,1,0
SR3461,乘客1077跟車,WC,,上學,12345,"['Mon', 'Tue', 'Wed', 'Thu', 'Fri']",亞皆老街玉華大廈(小巴站),九龍城,22.3260723974501,114.18705580411,07:45:00,465.0,藍田復康徑8號紅十字會雅麗珊學校,九龍城,22.3074345515783,114.230656003018,08:15:00,495.0,2022-10-20,2022-08-01,,,2032-12-31,True,30.0,1,0
SR3461,乘客1078,NWC,手動輪椅不可過椅;嬰兒手推車型輪椅,上學,12345,"['Mon', 'Tue', 'Wed', 'Thu', 'Fri']",土瓜灣美景街124號偉恒昌新邨,九龍城,22.3177456404828,114.192203235102,07:55:00,475.0,藍田復康徑8號紅十字會雅麗珊學校,九龍城,22.3074345515783,114.230656003018,08:15:00,495.0,2020-08-28,2022-08-01,,,2030-12-31,True,20.0,0,1
SR3461,乘客1078跟車,WC,,上學,12345,"['Mon', 'Tue', 'Wed', 'Thu', 'Fri']",土瓜灣美景街124號偉恒昌新邨,九龍城,22.3177456404828,114.192203235102,07:55:00,475.0,藍田復康徑8號紅十字會雅麗珊學校,九龍城,22.3074345515783,114.230656003018,08:15:00,495.0,2020-08-28,2022-08-01,,,2030-12-31,True,20.0,1,0
SR3461,乘客1079,NWC,手杖,訓練,12345,"['Mon', 'Tue', 'Wed', 'Thu', 'Fri']",牛頭角上邨常榮樓(入閘),觀塘,22.3194180664513,114.21667683058,08:30:00,510.0,九龍塘牛津道1D號展亮技能發展中心,觀塘,22.3287326259366,114.180324023198,09:00:00,540.0,2024-08-06,2024-09-01,,,,True,30.0,0,1
SR3461,乘客1080,NWC,電動輪椅,工作,12345,"['Mon', 'Tue', 'Wed', 'Thu', 'Fri']",香港平山彩德邨彩敬樓,觀塘,22.3302213,114.2142979,08:40:00,520.0,沙福道19號教育局九龍塘服務中心,九龍城,22.3367735974287,114.177402687864,09:05:00,545.0,2017-06-16,2022-08-01,,,2026-12-31,True,25.0,0,1
SR3462,乘客1081,WC,嬰兒手推車型輪椅,上學,12345,"['Mon', 'Tue', 'Wed', 'Thu', 'Fri']",橫頭磡邨宏亮樓賽馬會方心淑引導式教育中心(消防閘外),黃大仙,22.341218572631,114.18808064084,15:25:00,925.0,大埔汀角路大美督村口 (垃圾站對面),黃大仙,22.4724305566322,114.232370494933,17:00:00,1020.0,2024-08-14,2024-09-01,,,,True,95.0,1,0
SR3462,乘客1081跟車,WC,,上學,12345,"['Mon', 'Tue', 'Wed', 'Thu', 'Fri']",橫頭磡邨宏亮樓賽馬會方心淑引導式教育中心(消防閘外),黃大仙,22.341218572631,114.18808064084,15:25:00,925.0,大埔汀角路大美督村口 (垃圾站對面),黃大仙,22.4724305566322,114.232370494933,17:00:00,1020.0,2024-08-14,2024-09-01,,,,True,95.0,1,0
SR3462,乘客1082,NWC,嬰兒手推車型輪椅,訓練,12345,"['Mon', 'Tue', 'Wed', 'Thu', 'Fri']",橫頭磡邨宏亮樓賽馬會方心淑引導式教育中心(消防閘外),黃大仙,22.341218572631,114.18808064084,15:25:00,925.0,小瀝源路廣榮里 近黃泥頭公廁,黃大仙,22.3826762085004,114.216079836635,16:05:00,965.0,2025-10-15,2025-12-01,,,,True,40.0,0,1
SR3462,乘客1082跟車,WC,,訓練,12345,"['Mon', 'Tue', 'Wed', 'Thu', 'Fri']",橫頭磡邨宏亮樓賽馬會方心淑引導式教育中心(消防閘外),黃大仙,22.341218572631,114.18808064084,15:25:00,925.0,小瀝源路廣榮里 近黃泥頭公廁,黃大仙,22.3826762085004,114.216079836635,16:05:00,965.0,2025-10-15,2025-12-01,,,,True,40.0,1,0
SR3462,乘客1083,NWC,嬰兒手推車型輪椅,訓練,12345,"['Mon', 'Tue', 'Wed', 'Thu', 'Fri']",橫頭磡邨宏亮樓賽馬會方心淑引導式教育中心(消防閘外),黃大仙,22.341218572631,114.18808064084,15:25:00,925.0,小瀝源路69號帝堡城(正門),黃大仙,22.383654938065,114.215145490841,15:55:00,955.0,2025-10-10,2025-12-01,,,,True,30.0,0,1
SR3462,乘客1083跟車,WC,,訓練,12345,"['Mon', 'Tue', 'Wed', 'Thu', 'Fri']",橫頭磡邨宏亮樓賽馬會方心淑引導式教育中心(消防閘外),黃大仙,22.341218572631,114.18808064084,15:25:00,925.0,小瀝源路69號帝堡城(正門),黃大仙,22.383654938065,114.215145490841,15:55:00,955.0,2025-10-10,2025-12-01,,,,True,30.0,1,0
SR3462,乘客1084,NWC,其他 / 特殊情況,訓練,12345,"['Mon', 'Tue', 'Wed', 'Thu', 'Fri']",橫頭磡邨宏亮樓賽馬會方心淑引導式教育中心(消防閘外),黃大仙,22.341218572631,114.18808064084,15:25:00,925.0,沙田火炭駿景園3座,黃大仙,22.4006865276689,114.202093829673,16:25:00,985.0,2025-10-17,2025-12-01,,,,True,60.0,0,1
SR3462,乘客1084跟車,NWC,,訓練,12345,"['Mon', 'Tue', 'Wed', 'Thu', 'Fri']",橫頭磡邨宏亮樓賽馬會方心淑引導式教育中心(消防閘外),黃大仙,22.341218572631,114.18808064084,15:25:00,925.0,沙田火炭駿景園3座,黃大仙,22.4006865276689,114.202093829673,16:25:00,985.0,2025-10-17,2025-12-01,,,,True,60.0,0,1
SR3462,乘客1085,NWC,不需輔助工具,上學,12345,"['Mon', 'Tue', 'Wed', 'Thu', 'Fri']",富忠里1號耀能協會賽馬會田綺玲學校,大埔,22.4568945063632,114.17293747176,17:15:00,1035.0,啟德沐安街18號啟朗苑,大埔,22.3303727803362,114.200896245282,18:20:00,1100.0,2025-08-04,2025-09-01,,,,True,65.0,0,1
SR3462,乘客1086,NWC,腳架,上學,12345,"['Mon', 'Tue', 'Wed', 'Thu', 'Fri']",富忠里1號耀能協會賽馬會田綺玲學校,大埔,22.4568945063632,114.17293747176,17:15:00,1035.0,大圍站(B出口上落客區),大埔,22.3725302244568,114.179478443192,17:55:00,1075.0,2024-06-06,2025-10-01,,,,True,40.0,0,1
SR3462,乘客1087,NWC,不需輔助工具,上學,12345,"['Mon', 'Tue', 'Wed', 'Thu', 'Fri']",富忠里1號耀能協會賽馬會田綺玲學校,大埔,22.4568945063632,114.17293747176,17:15:00,1035.0,大埔戲院街4-10號明月樓,大埔,22.4486645202191,114.163783698443,17:30:00,1050.0,2025-03-07,2025-04-01,,,,True,15.0,0,1
SR3471,乘客1088,NWC,手杖,工作,12345,"['Mon', 'Tue', 'Wed', 'Thu', 'Fri']",馬鞍山沃泰街8號曉峯灣畔1座(入閘) **慢車上落平台**,沙田,22.4097654297626,114.222343203886,06:55:00,415.0,巧明街100號安盛金融大樓,沙田,22.3122698761063,114.223106653469,08:00:00,480.0,2023-07-28,2023-08-01,,,,True,65.0,0,1
SR3471,乘客1089,NWC,電動輪椅,工作,12345,"['Mon', 'Tue', 'Wed', 'Thu', 'Fri']",大圍新翠商場,沙田,22.3696964258972,114.181226898263,07:15:00,435.0,將軍澳政府合署,沙田,22.3048196488232,114.256936958886,08:40:00,520.0,2025-08-19,2025-10-01,,,,True,85.0,0,1
SR3471,乘客1090,WC,電動輪椅,上學,12345,"['Mon', 'Tue', 'Wed', 'Thu', 'Fri']",景嶺路都會駅8座,將軍澳,22.3048725141327,114.251656573388,08:20:00,500.0,新蒲崗大有街萬迪廣場,將軍澳,22.3383179327812,114.19903624205,09:30:00,570.0,2025-11-19,2026-01-01,,,,True,70.0,1,0
SR3471,乘客1090跟車,WC,,上學,12345,"['Mon', 'Tue', 'Wed', 'Thu', 'Fri']",景嶺路都會駅8座,將軍澳,22.3048725141327,114.251656573388,08:20:00,500.0,新蒲崗大有街萬迪廣場,將軍澳,22.3383179327812,114.19903624205,09:30:00,570.0,2025-11-19,2026-01-01,,,,True,70.0,1,0
SR3471,乘客1090跟車,NWC,,上學,12345,"['Mon', 'Tue', 'Wed', 'Thu', 'Fri']",景嶺路都會駅8座,將軍澳,22.3048725141327,114.251656573388,08:20:00,500.0,新蒲崗大有街萬迪廣場,將軍澳,22.3383179327812,114.19903624205,09:30:00,570.0,2025-11-19,2026-01-01,,,,True,70.0,0,1
SR3471,乘客1091,NWC,手動輪椅可以過椅,訓練,12345,"['Mon', 'Tue', 'Wed', 'Thu', 'Fri']",將軍澳寶盈花園1座,將軍澳,22.3067646560739,114.26224166451,08:50:00,530.0,新蒲崗大有街萬迪廣場,將軍澳,22.3383179327812,114.19903624205,09:30:00,570.0,2023-08-02,2024-03-01,,,,True,40.0,0,1
SR3471,乘客1092,WC,手動輪椅可以過椅,訓練,12345,"['Mon', 'Tue', 'Wed', 'Thu', 'Fri']",將軍澳翠林邨欣林樓(入閘近垃圾站),將軍澳,22.3232135713652,114.248834317818,09:00:00,540.0,新蒲崗大有街萬迪廣場,將軍澳,22.3383179327812,114.19903624205,09:30:00,570.0,2023-08-02,2024-03-01,,,,True,30.0,1,0
SR3471,乘客1092跟車,WC,,訓練,12345,"['Mon', 'Tue', 'Wed', 'Thu', 'Fri']",將軍澳翠林邨欣林樓(入閘近垃圾站),將軍澳,22.3232135713652,114.248834317818,09:00:00,540.0,新蒲崗大有街萬迪廣場,將軍澳,22.3383179327812,114.19903624205,09:30:00,570.0,2023-08-02,2024-03-01,,,,True,30.0,1,0
SR3472,乘客1093,NWC,手動輪椅不可過椅,訓練,12345,"['Mon', 'Tue', 'Wed', 'Thu', 'Fri']",新蒲崗大有街萬迪廣場,黃大仙,22.3383179327812,114.19903624205,15:00:00,900.0,藍田麗港城第1期第6座,黃大仙,22.3066986571901,114.227154156417,16:00:00,960.0,2023-08-02,2024-12-01,,,,True,60.0,0,1
SR3472,乘客1093跟車,WC,,訓練,12345,"['Mon', 'Tue', 'Wed', 'Thu', 'Fri']",新蒲崗大有街萬迪廣場,黃大仙,22.3383179327812,114.19903624205,15:00:00,900.0,藍田麗港城第1期第6座,黃大仙,22.3066986571901,114.227154156417,16:00:00,960.0,2023-08-02,2024-12-01,,,,True,60.0,1,0
SR3472,乘客1094,NWC,手動輪椅不可過椅,訓練,12345,"['Mon', 'Tue', 'Wed', 'Thu', 'Fri']",新蒲崗大有街萬迪廣場,黃大仙,22.3383179327812,114.19903624205,15:00:00,900.0,沙浦道83號御豪門(賈炳達道入卸貨區),黃大仙,22.3311319308203,114.192199797571,15:20:00,920.0,2023-07-05,2024-03-01,,,,True,20.0,0,1
SR3472,乘客1094跟車,WC,,訓練,12345,"['Mon', 'Tue', 'Wed', 'Thu', 'Fri']",新蒲崗大有街萬迪廣場,黃大仙,22.3383179327812,114.19903624205,15:00:00,900.0,沙浦道83號御豪門(賈炳達道入卸貨區),黃大仙,22.3311319308203,114.192199797571,15:20:00,920.0,2023-07-05,2024-03-01,,,,True,20.0,1,0
SR3472,乘客1095,NWC,其他 / 特殊情況,訓練,12345,"['Mon', 'Tue', 'Wed', 'Thu', 'Fri']",新蒲崗大有街萬迪廣場,黃大仙,22.3383179327812,114.19903624205,15:00:00,900.0,牛頭角功樂道53號碧麗苑,黃大仙,22.3180368247905,114.219005561821,15:40:00,940.0,2024-02-23,2024-03-01,,,,True,40.0,0,1
SR3472,乘客1096,NWC,手動輪椅可以過椅,訓練,24,"['Tue', 'Thu']",九龍灣臨華街南豐商業中心  (停車場出入口),觀塘,22.3228937737599,114.207553513947,15:30:00,930.0,藍田麗港城17座,觀塘,22.3060526478251,114.227382401327,15:55:00,955.0,2025-07-31,2026-02-01,,,,True,25.0,0,1
SR3472,乘客1097,WC,手動輪椅不可過椅,工作,12345,"['Mon', 'Tue', 'Wed', 'Thu', 'Fri']",九龍灣啟成街3號機電工程署,觀塘,22.3263118756401,114.202880114749,17:10:00,1030.0,香港長沙灣長沙灣(深旺道)總站,觀塘,22.330095,114.149674,17:40:00,1060.0,2024-05-18,2024-06-01,,,,True,30.0,1,0
SR3481,乘客1098,WC,手動輪椅可以過椅,上學,12345,"['Mon', 'Tue', 'Wed', 'Thu', 'Fri']",元洲邨元豐樓,深水埗,22.3376197465186,114.155187465765,07:00:00,420.0,藍田復康徑8號紅十字會雅麗珊學校,深水埗,22.3074345515783,114.230656003018,08:25:00,505.0,2021-09-10,2025-09-01,,,2031-12-31,True,85.0,1,0
SR3481,乘客1098跟車,WC,,上學,12345,"['Mon', 'Tue', 'Wed', 'Thu', 'Fri']",元洲邨元豐樓,深水埗,22.3376197465186,114.155187465765,07:00:00,420.0,藍田復康徑8號紅十字會雅麗珊學校,深水埗,22.3074345515783,114.230656003018,08:25:00,505.0,2021-09-10,2025-09-01,,,2031-12-31,True,85.0,1,0
SR3481,乘客1099,NWC,其他 / 特殊情況,上學,12345,"['Mon', 'Tue', 'Wed', 'Thu', 'Fri']",海達邨海盛樓,深水埗,22.3300038381758,114.150669901693,07:10:00,430.0,藍田復康徑8號紅十字會雅麗珊學校,深水埗,22.3074345515783,114.230656003018,08:25:00,505.0,2025-10-13,2025-12-01,,,,True,75.0,0,1
SR3481,乘客1100,NWC,其他 / 特殊情況,上學,12345,"['Mon', 'Tue', 'Wed', 'Thu', 'Fri']",長沙灣深旺道38號海達邨海榮樓,深水埗,22.3301887314421,114.150250557952,07:15:00,435.0,藍田復康徑8號紅十字會雅麗珊學校,深水埗,22.3074345515783,114.230656003018,08:25:00,505.0,2021-04-01,2022-08-01,,,2031-12-30,True,70.0,0,1
SR3481,乘客1101,NWC,不需輔助工具,上學,12345,"['Mon', 'Tue', 'Wed', 'Thu', 'Fri']",彩虹邨綠晶樓,黃大仙,22.3345476237415,114.206676821766,07:55:00,475.0,藍田復康徑8號紅十字會雅麗珊學校,黃大仙,22.3074345515783,114.230656003018,08:25:00,505.0,2022-12-15,2022-08-01,,,2033-12-31,True,30.0,0,1
SR3481,乘客1102,NWC,其他 / 特殊情況,上學,12345,"['Mon', 'Tue', 'Wed', 'Thu', 'Fri']",翠屏南邨翠杏樓(消防閘口),觀塘,22.3123460642954,114.232129571049,08:12:00,492.0,藍田復康徑8號紅十字會雅麗珊學校,觀塘,22.3074345515783,114.230656003018,08:25:00,505.0,2018-07-17,2022-08-01,,,2028-12-31,True,13.0,0,1
SR3481,乘客1103,NWC,手杖,就診,135,"['Mon', 'Wed', 'Fri']",牛頭角上邨常逸樓(停車場出口),觀塘,22.3188943710829,114.217279305595,09:10:00,550.0,福塘道4號啟能康復大樓基督教家庭服務中心,觀塘,22.3118059268488,114.228805720773,10:10:00,610.0,2023-03-14,2022-08-01,,,2033-12-31,True,60.0,0,1
SR3481,乘客1104,NWC,手杖,訓練,234,"['Tue', 'Wed', 'Thu']",秀茂坪邨秀和樓,觀塘,22.3176241748358,114.23246732835,09:35:00,575.0,福塘道4號啟能康復大樓基督教家庭服務中心,觀塘,22.3118059268488,114.228805720773,10:10:00,610.0,2025-04-16,2025-05-01,,,,True,35.0,0,1
SR3481,乘客1105,NWC,手動輪椅不可過椅,就診,12345,"['Mon', 'Tue', 'Wed', 'Thu', 'Fri']",藍田德田邨德隆樓,觀塘,22.3072253678641,114.238169478258,09:45:00,585.0,福塘道4號啟能康復大樓基督教家庭欣悅坊,觀塘,22.3119060107175,114.228825458281,10:10:00,610.0,2021-12-01,2022-08-01,,,2032-12-31,True,25.0,0,1
SR3481,乘客1106,WC,手動輪椅不可過椅,就診,12345,"['Mon', 'Tue', 'Wed', 'Thu', 'Fri']",翠屏南邨翠榮樓(消防閘口),觀塘,22.3123682623999,114.233080639764,10:00:00,600.0,福塘道4號啟能康復大樓基督教家庭服務中心,觀塘,22.3118059268488,114.228805720773,10:10:00,610.0,2019-12-16,2022-08-01,,,2030-12-31,True,10.0,1,0
SR3482,乘客1107,WC,手動輪椅不可過椅;嬰兒手推車型輪椅,上學,12345,"['Mon', 'Tue', 'Wed', 'Thu', 'Fri']",藍田復康徑8號紅十字會雅麗珊學校,觀塘,22.3074345515783,114.230656003018,15:50:00,950.0,鑽石山瓊東街1號瓊軒苑A座,觀塘,22.3411314161805,114.208893530438,16:40:00,1000.0,2022-01-07,2022-08-01,,,2032-12-31,True,50.0,1,0
SR3482,乘客1108,WC,手杖,上學,135,"['Mon', 'Wed', 'Fri']",藍田復康徑8號紅十字會雅麗珊學校,觀塘,22.3074345515783,114.230656003018,15:50:00,950.0,新蒲崗越秀廣場,觀塘,22.3339149223098,114.195509048102,16:55:00,1015.0,2024-10-04,2024-11-01,,,,True,65.0,1,0
SR3482,乘客1109,NWC,手推架,上學,12345,"['Mon', 'Tue', 'Wed', 'Thu', 'Fri']",藍田復康徑8號紅十字會雅麗珊學校,觀塘,22.3074345515783,114.230656003018,15:50:00,950.0,油塘油麗邨逸麗樓(入閘),觀塘,22.3014343517595,114.236471004999,16:10:00,970.0,2022-07-07,2025-09-01,,,2032-12-31,True,20.0,0,1
SR3482,乘客1110,NWC,手動輪椅可以過椅,上學,12345,"['Mon', 'Tue', 'Wed', 'Thu', 'Fri']",藍田復康徑8號香港紅十字會雅麗珊郡主學校,觀塘,22.3076024450916,114.230544232306,15:50:00,950.0,新蒲崗爵祿街康景樓,觀塘,22.3350194196614,114.197139005901,16:50:00,1010.0,2024-06-17,2024-07-01,,,,True,60.0,0,1
SR3482,乘客1111,WC,手動輪椅可以過椅,上學,12345,"['Mon', 'Tue', 'Wed', 'Thu', 'Fri']",藍田復康徑8號香港紅十字會雅麗珊郡主學校,觀塘,22.3076024450916,114.230544232306,15:50:00,950.0,橫頭磡東道 (近福德祠),觀塘,22.3414491205266,114.188319509883,17:05:00,1025.0,2025-06-24,2025-09-01,,,,True,75.0,1,0
SR3482,乘客1112,WC,手動輪椅可以過椅,上學,12345,"['Mon', 'Tue', 'Wed', 'Thu', 'Fri']",藍田復康徑8號紅十字會雅麗珊學校,觀塘,22.3074345515783,114.230656003018,15:50:00,950.0,黃大仙匯豪山,觀塘,22.3452476897506,114.199084603338,16:30:00,990.0,2024-10-03,2024-11-01,,,,True,40.0,1,0
SR3482,乘客1113,WC,不需輔助工具,上學,12345,"['Mon', 'Tue', 'Wed', 'Thu', 'Fri']",藍田復康徑8號紅十字會雅麗珊學校,觀塘,22.3074345515783,114.230656003018,15:50:00,950.0,黃大仙竹園南邨富園樓,觀塘,22.3440985859617,114.18987653493,17:15:00,1035.0,2024-09-05,2024-10-01,,,2032-07-16,True,85.0,1,0
SR3482,乘客1114,NWC,手杖,工作,12345,"['Mon', 'Tue', 'Wed', 'Thu', 'Fri']",長沙灣長順街11號長城工廠大廈,深水埗,22.3362725774383,114.147932388228,18:10:00,1090.0,牛頭角道淘大商場(近巴士站),深水埗,22.3245507966026,114.215324920276,19:10:00,1150.0,2025-09-29,2025-11-01,,,,True,60.0,0,1
SR3491,乘客1115,NWC,電動輪椅,工作,12345,"['Mon', 'Tue', 'Wed', 'Thu', 'Fri']",油塘大本型(的士站),觀塘,22.296879665238,114.239006857068,07:15:00,435.0,紅磡祟平街9號建業中心,觀塘,22.3113293669678,114.190790038259,07:45:00,465.0,2021-12-20,2022-08-01,,,2032-12-31,True,30.0,0,1
SR3491,乘客1116,WC,電動輪椅;手推架;手杖,訓練,12345,"['Mon', 'Tue', 'Wed', 'Thu', 'Fri']",富昌邨富誠樓,深水埗,22.3293839650005,114.154624684407,08:10:00,490.0,葵涌醫院A座 - 日間復元中心,深水埗,22.3416382759383,114.134580154842,08:25:00,505.0,2025-05-30,2025-07-01,,,2027-01-01,True,15.0,1,0
SR3491,乘客1117,WC,電動輪椅,工作,12345,"['Mon', 'Tue', 'Wed', 'Thu', 'Fri']",葵涌荔景邨D停車場(入閘),葵涌,22.3462323950709,114.126268736289,08:30:00,510.0,九龍灣啟業邨啟裕樓(自強協會),葵涌,22.3287263259712,114.210331610734,09:15:00,555.0,2025-03-24,2025-05-01,,,,True,45.0,1,0
SR3491,乘客1118,WC,手杖,訓練,1234,"['Mon', 'Tue', 'Wed', 'Thu']",牛頭角彩霞邨彩日樓(消防閘口),觀塘,22.326344232365,114.217198693524,09:00:00,540.0,蘇屋邨茶花樓基督教家庭翠藝中心(佛教大雄中學對面),觀塘,22.3407200561656,114.158442429887,10:15:00,615.0,2020-11-25,2025-05-01,,,2030-12-31,True,75.0,1,0
SR3491,乘客1119,NWC,白手杖,訓練,245,"['Tue', 'Thu', 'Fri']",橫頭磡邨宏偉樓,黃大仙,22.3410132681895,114.186339761322,09:30:00,570.0,蘇屋邨茶花樓基督教家庭翠藝中心(佛教大雄中學對面),黃大仙,22.3407200561656,114.158442429887,10:15:00,615.0,2025-03-10,2025-05-01,,,,True,45.0,0,1
SR3491,乘客1120,NWC,其他 / 特殊情況,訓練,12345,"['Mon', 'Tue', 'Wed', 'Thu', 'Fri']",何文田巴富街5號宜富閣(登巴道上落),九龍城,22.3211511199826,114.179517049089,09:45:00,585.0,蘇屋邨茶花樓基督教家庭翠藝中心(佛教大雄中學對面),九龍城,22.3407200561656,114.158442429887,10:15:00,615.0,2020-09-24,2025-05-01,,,2030-12-31,True,30.0,0,1
SR3491,乘客1121,NWC,手杖,訓練,12345,"['Mon', 'Tue', 'Wed', 'Thu', 'Fri']",青山道252-256號金球閣仁安護老院,深水埗,22.3375530113434,114.157730677836,10:00:00,600.0,蘇屋邨茶花樓基督教家庭翠藝中心(佛教大雄中學對面),深水埗,22.3407200561656,114.158442429887,10:15:00,615.0,2020-06-18,2025-05-01,,,2031-12-31,True,15.0,0,1
SR3492,乘客1122,NWC,手杖,訓練,12345,"['Mon', 'Tue', 'Wed', 'Thu', 'Fri']",石硤尾邨美山樓保良局服務中心,深水埗,22.3320977574593,114.165573715176,15:25:00,925.0,青山道64號名人商業中心聖康會,深水埗,22.33432204985,114.161954629873,15:35:00,935.0,2019-03-25,2022-08-01,,,2031-12-31,True,10.0,0,1
SR3492,乘客1123,NWC,不需輔助工具,訓練,12345,"['Mon', 'Tue', 'Wed', 'Thu', 'Fri']",石硤尾邨美山樓保良局服務中心,深水埗,22.3320977574593,114.165573715176,15:25:00,925.0,南山邨道南逸樓循道衛理楊震南山晉逸居(近啟智學校),深水埗,22.3348166130929,114.171855061719,16:30:00,990.0,2022-09-28,2022-08-01,,,2032-12-31,True,65.0,0,1
SR3492,乘客1124,NWC,手杖,工作,12345,"['Mon', 'Tue', 'Wed', 'Thu', 'Fri']",石硤尾邨美山樓保良局服務中心,深水埗,22.3320977574593,114.165573715176,15:25:00,925.0,南山邨道南逸樓循道衛理楊震南山晉逸居(近啟智學校),深水埗,22.3348166130929,114.171855061719,16:30:00,990.0,2023-12-15,2024-03-01,,,,True,65.0,0,1
SR3492,乘客1125,NWC,手杖;其他 / 特殊情況,訓練,12345,"['Mon', 'Tue', 'Wed', 'Thu', 'Fri']",石硤尾邨美山樓保良局服務中心,深水埗,22.3320977574593,114.165573715176,15:25:00,925.0,南山邨道南逸樓循道衛理楊震南山晉逸居(近啟智學校),深水埗,22.3348166130929,114.171855061719,16:30:00,990.0,2025-10-18,2025-12-01,,,,True,65.0,0,1
SR3492,乘客1126,NWC,手杖,上學,12345,"['Mon', 'Tue', 'Wed', 'Thu', 'Fri']",長沙灣興華街西9號德貞女子中學,深水埗,22.3320008245713,114.149229851734,15:45:00,945.0,長沙灣邨長欣樓,深水埗,22.3347417982277,114.156066002641,15:55:00,955.0,2021-07-14,2022-08-01,,,2031-12-31,True,10.0,0,1
SR3492,乘客1127,NWC,其他 / 特殊情況,訓練,12345,"['Mon', 'Tue', 'Wed', 'Thu', 'Fri']",長沙灣邨服務設施大樓循道衛理楊震晉晴中心(入閘),深水埗,22.3346969847945,114.156231198175,16:00:00,960.0,石硤尾白田邨澤田樓,深水埗,22.3368163294573,114.168284739837,16:10:00,970.0,2018-08-28,2026-02-01,,,2028-12-31,True,10.0,0,1
SR3492,乘客1128,NWC,手動輪椅不可過椅;其他 / 特殊情況,訓練,12345,"['Mon', 'Tue', 'Wed', 'Thu', 'Fri']",南山邨南明樓基督教懷智南山中心,深水埗,22.3351490381511,114.172327982211,16:15:00,975.0,長沙灣怡閣苑(巴士站近行人交通燈),深水埗,22.3332084546707,114.159208074499,16:50:00,1010.0,2003-01-21,2025-06-01,,,2026-12-31,True,35.0,0,1
SR3492,乘客1128跟車,WC,,訓練,12345,"['Mon', 'Tue', 'Wed', 'Thu', 'Fri']",南山邨南明樓基督教懷智南山中心,深水埗,22.3351490381511,114.172327982211,16:15:00,975.0,長沙灣怡閣苑(巴士站近行人交通燈),深水埗,22.3332084546707,114.159208074499,16:50:00,1010.0,2003-01-21,2025-06-01,,,2026-12-31,True,35.0,1,0
SR3501,乘客1129,NWC,其他 / 特殊情況,訓練,12345,"['Mon', 'Tue', 'Wed', 'Thu', 'Fri']",安蔭邨澤蔭樓 (近小巴站),葵涌,22.3706199518449,114.1419790851,07:45:00,465.0,葵興港鐵站B出口扶康會葵興職業發展中心,葵涌,22.3626627424173,114.131164376381,09:05:00,545.0,2024-06-13,2024-08-01,,,,True,80.0,0,1
SR3501,乘客1130,NWC,其他 / 特殊情況,訓練,12345,"['Mon', 'Tue', 'Wed', 'Thu', 'Fri']",大窩口大廈街(近德大徑交通燈位),荃灣,22.3691999326619,114.123788763475,08:05:00,485.0,葵興港鐵站B出口扶康會葵興職業發展中心,荃灣,22.3626627424173,114.131164376381,09:05:00,545.0,2017-03-10,2022-08-01,,,2026-12-31,True,60.0,0,1
SR3501,乘客1131,NWC,手杖,訓練,12345,"['Mon', 'Tue', 'Wed', 'Thu', 'Fri']",楊屋道1號荃新天地鄰舍輔導會怡康居(上落貨區),荃灣,22.3694950394267,114.113214343407,08:15:00,495.0,聯仁街寶石大廈香港神託會,荃灣,22.3681620528096,114.117816019597,08:25:00,505.0,2018-07-10,2022-08-01,,,2028-12-31,True,10.0,0,1
SR3501,乘客1132,NWC,手杖,訓練,12345,"['Mon', 'Tue', 'Wed', 'Thu', 'Fri']",楊屋道1號荃新天地鄰舍輔導會怡康居(上落貨區),荃灣,22.3694950394267,114.113214343407,08:15:00,495.0,聯仁街寶石大廈香港神託會,荃灣,22.3681620528096,114.117816019597,08:25:00,505.0,2018-07-10,2022-08-01,,,2028-12-31,True,10.0,0,1
SR3501,乘客1133,NWC,手杖,訓練,12345,"['Mon', 'Tue', 'Wed', 'Thu', 'Fri']",楊屋道1號荃新天地鄰舍輔導會怡康居(上落貨區),荃灣,22.3694950394267,114.113214343407,08:15:00,495.0,聯仁街寶石大廈香港神託會,荃灣,22.3681620528096,114.117816019597,08:25:00,505.0,2023-07-24,2023-08-01,,,,True,10.0,0,1
SR3501,乘客1134,NWC,手杖,訓練,12345,"['Mon', 'Tue', 'Wed', 'Thu', 'Fri']",楊屋道1號荃新天地鄰舍輔導會怡康居(上落貨區),荃灣,22.3694950394267,114.113214343407,08:15:00,495.0,聯仁街寶石大廈香港神託會,荃灣,22.3681620528096,114.117816019597,08:25:00,505.0,2023-08-29,2024-03-01,,,,True,10.0,0,1
SR3501,乘客1135,NWC,其他 / 特殊情況,訓練,12345,"['Mon', 'Tue', 'Wed', 'Thu', 'Fri']",老圍二陂圳路東普陀(近巴士站),荃灣,22.3789484612882,114.127329441301,08:40:00,520.0,葵盛圍310號保良局夏利萊博士伉儷復康中心,荃灣,22.3606246094388,114.125004068297,08:55:00,535.0,2017-03-31,2022-08-01,,,2026-12-31,True,15.0,0,1
SR3501,乘客1136,NWC,手動輪椅可以過椅,訓練,12345,"['Mon', 'Tue', 'Wed', 'Thu', 'Fri']",石籬(二)邨石偉樓(石梨街紅色小巴站),葵涌,22.3649179301018,114.139371275914,09:20:00,560.0,長安邨安湖樓明愛陳震夏展能中心,葵涌,22.360927641251,114.104320507062,09:55:00,595.0,2018-01-22,2022-08-01,,,2028-12-31,True,35.0,0,1
SR3501,乘客1137,WC,手動輪椅可以過椅;手推架,訓練,12345,"['Mon', 'Tue', 'Wed', 'Thu', 'Fri']",青衣邨商場 (卸貨區),青衣,22.3540476142026,114.103318071867,09:35:00,575.0,長安邨安湖樓明愛陳震夏展能中心,青衣,22.360927641251,114.104320507062,09:55:00,595.0,2025-07-14,2025-09-01,,,,True,20.0,1,0
SR3502,乘客1138,WC,手動輪椅可以過椅,訓練,12345,"['Mon', 'Tue', 'Wed', 'Thu', 'Fri']",長安邨安湖樓明愛陳震夏展能中心,青衣,22.360927641251,114.104320507062,15:40:00,940.0,石籬(二)邨石偉樓(石梨街紅色小巴站),青衣,22.3649179301018,114.139371275914,17:30:00,1050.0,2018-01-22,2022-08-01,,,2028-12-31,True,110.0,1,0
SR3502,乘客1139,WC,手動輪椅可以過椅;手推架,訓練,12345,"['Mon', 'Tue', 'Wed', 'Thu', 'Fri']",長安邨安湖樓明愛陳震夏展能中心,青衣,22.360927641251,114.104320507062,15:40:00,940.0,青衣邨商場 (卸貨區),青衣,22.3540476142026,114.103318071867,15:50:00,950.0,2025-07-14,2025-09-01,,,,True,10.0,1,0
SR3502,乘客1140,WC,其他 / 特殊情況,訓練,12345,"['Mon', 'Tue', 'Wed', 'Thu', 'Fri']",葵盛圍310號保良局夏利萊博士伉儷復康中心,葵涌,22.3606246094388,114.125004068297,16:05:00,965.0,老圍二陂圳路東普陀(近巴士站),葵涌,22.3789484612882,114.127329441301,17:10:00,1030.0,2017-03-31,2022-08-01,,,2026-12-31,True,65.0,1,0
SR3502,乘客1141,NWC,其他 / 特殊情況,訓練,12345,"['Mon', 'Tue', 'Wed', 'Thu', 'Fri']",葵興港鐵站B出口扶康會葵興職業發展中心,葵涌,22.3626627424173,114.131164376381,16:10:00,970.0,大窩口大廈街(近德大徑交通燈位),葵涌,22.3691999326619,114.123788763475,16:50:00,1010.0,2017-03-10,2022-08-01,,,2026-12-31,True,40.0,0,1
SR3502,乘客1142,NWC,其他 / 特殊情況,訓練,12345,"['Mon', 'Tue', 'Wed', 'Thu', 'Fri']",葵興港鐵站B出口扶康會葵興職業發展中心,葵涌,22.3626627424173,114.131164376381,16:10:00,970.0,安蔭邨澤蔭樓 (近小巴站),葵涌,22.3706199518449,114.1419790851,17:20:00,1040.0,2024-06-13,2024-08-01,,,,True,70.0,0,1
SR3502,乘客1143,NWC,手杖,訓練,12345,"['Mon', 'Tue', 'Wed', 'Thu', 'Fri']",聯仁街寶石大廈香港神託會,荃灣,22.3681620528096,114.117816019597,16:20:00,980.0,楊屋道1號荃新天地鄰舍輔導會怡康居(上落貨區),荃灣,22.3694950394267,114.113214343407,16:30:00,990.0,2018-07-10,2022-08-01,,,2028-12-31,True,10.0,0,1
SR3502,乘客1144,NWC,手杖,訓練,12345,"['Mon', 'Tue', 'Wed', 'Thu', 'Fri']",聯仁街寶石大廈香港神託會,荃灣,22.3681620528096,114.117816019597,16:20:00,980.0,楊屋道1號荃新天地鄰舍輔導會怡康居(上落貨區),荃灣,22.3694950394267,114.113214343407,16:30:00,990.0,2018-07-10,2022-08-01,,,2028-12-31,True,10.0,0,1
SR3502,乘客1145,NWC,白手杖,訓練,12345,"['Mon', 'Tue', 'Wed', 'Thu', 'Fri']",聯仁街寶石大廈香港神託會,荃灣,22.3681620528096,114.117816019597,16:20:00,980.0,大窩口邨富賢樓,荃灣,22.3667611675355,114.122341234593,16:55:00,1015.0,2018-01-02,2022-08-01,,,2031-12-31,True,35.0,0,1
SR3502,乘客1146,NWC,手杖,訓練,12345,"['Mon', 'Tue', 'Wed', 'Thu', 'Fri']",聯仁街寶石大廈香港神託會,荃灣,22.3681620528096,114.117816019597,16:20:00,980.0,楊屋道1號荃新天地鄰舍輔導會怡康居(上落貨區),荃灣,22.3694950394267,114.113214343407,16:30:00,990.0,2023-07-24,2023-08-01,,,,True,10.0,0,1
SR3502,乘客1147,NWC,手杖,訓練,12345,"['Mon', 'Tue', 'Wed', 'Thu', 'Fri']",聯仁街寶石大廈香港神託會,荃灣,22.3681620528096,114.117816019597,16:20:00,980.0,楊屋道1號荃新天地鄰舍輔導會怡康居(上落貨區),荃灣,22.3694950394267,114.113214343407,16:30:00,990.0,2023-08-29,2024-03-01,,,,True,10.0,0,1
SR3511,乘客1148,NWC,手杖,工作,12345,"['Mon', 'Tue', 'Wed', 'Thu', 'Fri']",牛池灣威豪花園1座(安定道入閘，客通知管理處開閘，如垃圾房上落需提早通知車長),黃大仙,22.3369691626424,114.208336764375,07:20:00,440.0,排頭街1-3號康樂及文化事務署總部,黃大仙,22.3847292685624,114.188607114964,08:35:00,515.0,2022-02-10,2022-08-01,,,2032-12-31,True,75.0,0,1
SR3511,乘客1149,NWC,嬰兒手推車型輪椅,上學,12345,"['Mon', 'Tue', 'Wed', 'Thu', 'Fri']",小瀝源路69號帝堡城(正門),沙田,22.383654938065,114.215145490841,07:40:00,460.0,歌和老街53號香港心理衛生會臻和學校,沙田,22.3399607347764,114.168054871166,09:15:00,555.0,2022-08-19,2022-08-01,,,2033-12-31,True,95.0,0,1
SR3511,乘客1149跟車,WC,,上學,12345,"['Mon', 'Tue', 'Wed', 'Thu', 'Fri']",小瀝源路69號帝堡城(正門),沙田,22.383654938065,114.215145490841,07:40:00,460.0,歌和老街53號香港心理衛生會臻和學校,沙田,22.3399607347764,114.168054871166,09:15:00,555.0,2022-08-19,2022-08-01,,,2033-12-31,True,95.0,1,0
SR3511,乘客1150,NWC,手動輪椅不可過椅,上學,12345,"['Mon', 'Tue', 'Wed', 'Thu', 'Fri']",碩門邨美碩樓,沙田,22.3861792057722,114.209457193309,07:50:00,470.0,歌和老街53號香港心理衛生會臻和學校,沙田,22.3399607347764,114.168054871166,09:15:00,555.0,2018-08-01,2022-08-01,,,2028-12-31,True,85.0,0,1
SR3511,乘客1151,WC,其他 / 特殊情況,上學,12345,"['Mon', 'Tue', 'Wed', 'Thu', 'Fri']",乙明邨明信樓(停車場),沙田,22.3760374940844,114.190920406839,08:15:00,495.0,歌和老街53號香港心理衛生會臻和學校,沙田,22.3399607347764,114.168054871166,09:15:00,555.0,2017-08-14,2022-08-01,,,2026-12-31,True,60.0,1,0
SR3511,乘客1151跟車,NWC,,上學,12345,"['Mon', 'Tue', 'Wed', 'Thu', 'Fri']",乙明邨明信樓(停車場),沙田,22.3760374940844,114.190920406839,08:15:00,495.0,歌和老街53號香港心理衛生會臻和學校,沙田,22.3399607347764,114.168054871166,09:15:00,555.0,2017-08-14,2022-08-01,,,2026-12-31,True,60.0,0,1
SR3511,乘客1152,NWC,手動輪椅不可過椅,上學,12345,"['Mon', 'Tue', 'Wed', 'Thu', 'Fri']",沙田正街11-17號偉華中心(樓下避車處),沙田,22.3809259620935,114.18728476126,08:25:00,505.0,歌和老街53號香港心理衛生會臻和學校,沙田,22.3399607347764,114.168054871166,09:15:00,555.0,2017-08-29,2022-08-01,,,2026-12-31,True,50.0,0,1
SR3511,乘客1152跟車,WC,,上學,12345,"['Mon', 'Tue', 'Wed', 'Thu', 'Fri']",沙田正街11-17號偉華中心(樓下避車處),沙田,22.3809259620935,114.18728476126,08:25:00,505.0,歌和老街53號香港心理衛生會臻和學校,沙田,22.3399607347764,114.168054871166,09:15:00,555.0,2017-08-29,2022-08-01,,,2026-12-31,True,50.0,1,0
SR3511,乘客1153,NWC,嬰兒手推車型輪椅,上學,12345,"['Mon', 'Tue', 'Wed', 'Thu', 'Fri']",美林邨美桃樓B座,沙田,22.377796488264,114.177529901391,08:50:00,530.0,歌和老街53號香港心理衛生會臻和學校,沙田,22.3399607347764,114.168054871166,09:15:00,555.0,2022-08-15,2022-08-01,,,2032-12-31,True,25.0,0,1
SR3511,乘客1153跟車,WC,,上學,12345,"['Mon', 'Tue', 'Wed', 'Thu', 'Fri']",美林邨美桃樓B座,沙田,22.377796488264,114.177529901391,08:50:00,530.0,歌和老街53號香港心理衛生會臻和學校,沙田,22.3399607347764,114.168054871166,09:15:00,555.0,2022-08-15,2022-08-01,,,2032-12-31,True,25.0,1,0
SR3512,乘客1154,NWC,其他 / 特殊情況,上學,12345,"['Mon', 'Tue', 'Wed', 'Thu', 'Fri']",歌和老街53號香港心理衛生會臻和學校,深水埗,22.3399607347764,114.168054871166,16:10:00,970.0,乙明邨明信樓(停車場),深水埗,22.3760374940844,114.190920406839,17:15:00,1035.0,2017-08-14,2022-08-01,,,2026-12-31,True,65.0,0,1
SR3512,乘客1154跟車,NWC,,上學,12345,"['Mon', 'Tue', 'Wed', 'Thu', 'Fri']",歌和老街53號香港心理衛生會臻和學校,深水埗,22.3399607347764,114.168054871166,16:10:00,970.0,乙明邨明信樓(停車場),深水埗,22.3760374940844,114.190920406839,17:15:00,1035.0,2017-08-14,2022-08-01,,,2026-12-31,True,65.0,0,1
SR3512,乘客1155,NWC,手動輪椅不可過椅,上學,12345,"['Mon', 'Tue', 'Wed', 'Thu', 'Fri']",歌和老街53號香港心理衛生會臻和學校,深水埗,22.3399607347764,114.168054871166,16:10:00,970.0,大圍嘉田苑嘉慧閣,深水埗,22.3604344944471,114.172671640952,16:40:00,1000.0,2017-08-14,2022-08-01,,,2030-12-31,True,30.0,0,1
SR3512,乘客1155跟車,WC,,上學,12345,"['Mon', 'Tue', 'Wed', 'Thu', 'Fri']",歌和老街53號香港心理衛生會臻和學校,深水埗,22.3399607347764,114.168054871166,16:10:00,970.0,大圍嘉田苑嘉慧閣,深水埗,22.3604344944471,114.172671640952,16:40:00,1000.0,2017-08-14,2022-08-01,,,2030-12-31,True,30.0,1,0
SR3512,乘客1156,NWC,手動輪椅不可過椅,上學,12345,"['Mon', 'Tue', 'Wed', 'Thu', 'Fri']",歌和老街53號香港心理衛生會臻和學校,深水埗,22.3399607347764,114.168054871166,16:10:00,970.0,碩門邨美碩樓,深水埗,22.3861792057722,114.209457193309,17:40:00,1060.0,2018-08-01,2022-08-01,,,2028-12-31,True,90.0,0,1
SR3512,乘客1157,WC,手動輪椅不可過椅,上學,12345,"['Mon', 'Tue', 'Wed', 'Thu', 'Fri']",歌和老街53號香港心理衛生會臻和學校,深水埗,22.3399607347764,114.168054871166,16:10:00,970.0,沙田正街11-17號偉華中心(樓下避車處),深水埗,22.3809259620935,114.18728476126,17:05:00,1025.0,2017-08-29,2022-08-01,,,2026-12-31,True,55.0,1,0
SR3512,乘客1157跟車,WC,,上學,12345,"['Mon', 'Tue', 'Wed', 'Thu', 'Fri']",歌和老街53號香港心理衛生會臻和學校,深水埗,22.3399607347764,114.168054871166,16:10:00,970.0,沙田正街11-17號偉華中心(樓下避車處),深水埗,22.3809259620935,114.18728476126,17:05:00,1025.0,2017-08-29,2022-08-01,,,2026-12-31,True,55.0,1,0
SR3512,乘客1158,NWC,嬰兒手推車型輪椅,上學,12345,"['Mon', 'Tue', 'Wed', 'Thu', 'Fri']",歌和老街53號香港心理衛生會臻和學校,深水埗,22.3399607347764,114.168054871166,16:10:00,970.0,小瀝源路69號帝堡城(正門),深水埗,22.383654938065,114.215145490841,17:35:00,1055.0,2022-08-19,2022-08-01,,,2033-12-31,True,85.0,0,1
SR3521,乘客1159,WC,手杖,工作,12345,"['Mon', 'Tue', 'Wed', 'Thu', 'Fri']",彩虹邨青楊路(屋邨辦事處),黃大仙,22.3356560788287,114.205903856053,06:45:00,405.0,北港路20號漁農自然護理署蕉坑管理站,黃大仙,22.3752531842644,114.261083274305,07:05:00,425.0,2018-11-10,2022-08-01,,,2030-12-31,True,20.0,1,0
SR3521,乘客1160,NWC,手推架;手杖;手動輪椅可以過椅,訓練,12345,"['Mon', 'Tue', 'Wed', 'Thu', 'Fri']",將軍澳安寧花園 (入閘近垃圾站),將軍澳,22.3152295686451,114.262838553532,07:30:00,450.0,景林邨景榆樓,將軍澳,22.3196747591992,114.261514275835,08:20:00,500.0,2025-12-22,2026-02-01,,,,True,50.0,0,1
SR3521,乘客1161,WC,手動輪椅不可過椅,訓練,12345,"['Mon', 'Tue', 'Wed', 'Thu', 'Fri']",明德邨(入閘),將軍澳,22.3164595506183,114.268687617268,07:40:00,460.0,藍田啟田道71號匡智中心,將軍澳,22.3091606695934,114.234035937855,09:05:00,545.0,2024-02-17,2024-03-01,,,,True,85.0,1,0
SR3521,乘客1162,WC,腳架,訓練,12345,"['Mon', 'Tue', 'Wed', 'Thu', 'Fri']",明德邨(入閘),將軍澳,22.3164595506183,114.268687617268,07:40:00,460.0,翠林邨安林樓基督教家庭翠林工場,將軍澳,22.3237467156139,114.248915045451,08:35:00,515.0,2017-10-04,2022-08-01,,,2026-12-31,True,55.0,1,0
SR3521,乘客1163,NWC,不需輔助工具,訓練,12345,"['Mon', 'Tue', 'Wed', 'Thu', 'Fri']",香港將軍澳名成街,將軍澳,22.316003,114.264987,07:50:00,470.0,正德街104號社區中心鄰舍輔導會展能中心,黃大仙,22.3410273873094,114.194035798103,09:50:00,590.0,2024-02-16,2024-04-01,,,,True,120.0,0,1
SR3521,乘客1164,NWC,其他 / 特殊情況,訓練,12345,"['Mon', 'Tue', 'Wed', 'Thu', 'Fri']",唐德街9號將軍澳中心(停車場),將軍澳,22.3075108929355,114.257105995794,08:00:00,480.0,正德街104號社區中心鄰舍輔導會展能中心,將軍澳,22.3410273873094,114.194035798103,09:50:00,590.0,2024-10-29,2024-12-01,,,,True,110.0,0,1
SR3521,乘客1165,NWC,其他 / 特殊情況,訓練,12345,"['Mon', 'Tue', 'Wed', 'Thu', 'Fri']",貿泰路茵怡花園基督教家庭誠望宿舍(近小巴站),將軍澳,22.3227700179419,114.255994606157,08:10:00,490.0,景林邨景榆樓,將軍澳,22.3196747591992,114.261514275835,08:20:00,500.0,2017-08-24,2022-08-01,,,2026-12-31,True,10.0,0,1
SR3521,乘客1166,NWC,其他 / 特殊情況,訓練,12345,"['Mon', 'Tue', 'Wed', 'Thu', 'Fri']",景林邨景榆樓,將軍澳,22.3196747591992,114.261514275835,08:20:00,500.0,安秀道23號安泰邨服務設施大樓,將軍澳,22.3252464981736,114.231040191223,08:45:00,525.0,2019-12-31,2022-08-01,,,2030-12-31,True,25.0,0,1
SR3521,乘客1167,NWC,其他 / 特殊情況,訓練,12345,"['Mon', 'Tue', 'Wed', 'Thu', 'Fri']",藍田平田邨平仁樓,觀塘,22.305961056145,114.236527473268,09:00:00,540.0,正德街104號社區中心鄰舍輔導會展能中心,觀塘,22.3410273873094,114.194035798103,09:50:00,590.0,2016-01-14,2025-08-01,,,2026-12-31,True,50.0,0,1
SR3521,乘客1168,NWC,其他 / 特殊情況,訓練,12345,"['Mon', 'Tue', 'Wed', 'Thu', 'Fri']",藍田麗港城14座,觀塘,22.3064197173987,114.227729505635,09:20:00,560.0,正德街104號社區中心鄰舍輔導會展能中心,觀塘,22.3410273873094,114.194035798103,09:50:00,590.0,2019-06-06,2025-08-01,,,2030-12-31,True,30.0,0,1
SR3521,乘客1168跟車,NWC,,訓練,12345,"['Mon', 'Tue', 'Wed', 'Thu', 'Fri']",藍田麗港城14座,觀塘,22.3064197173987,114.227729505635,09:20:00,560.0,正德街104號社區中心鄰舍輔導會展能中心,觀塘,22.3410273873094,114.194035798103,09:50:00,590.0,2019-06-06,2025-08-01,,,2030-12-31,True,30.0,0,1
SR3521,乘客1169,NWC,其他 / 特殊情況,訓練,12345,"['Mon', 'Tue', 'Wed', 'Thu', 'Fri']",翠屏北邨翠楊樓,觀塘,22.316891833431,114.230179399042,09:30:00,570.0,正德街104號社區中心鄰舍輔導會展能中心,觀塘,22.3410273873094,114.194035798103,09:50:00,590.0,2020-12-18,2025-08-01,,,2031-12-31,True,20.0,0,1
SR3522,乘客1170,NWC,其他 / 特殊情況,訓練,12345,"['Mon', 'Tue', 'Wed', 'Thu', 'Fri']",安秀道23號安泰邨服務設施大樓 (聖雅各忻悅中心),觀塘,22.3253866507369,114.23050724649,15:05:00,905.0,景林邨景榆樓,觀塘,22.3196747591992,114.261514275835,16:40:00,1000.0,2019-12-31,2022-08-01,,,2030-12-31,True,95.0,0,1
SR3522,乘客1171,NWC,手杖,訓練,12345,"['Mon', 'Tue', 'Wed', 'Thu', 'Fri']",安秀道23號安泰邨服務設施大樓 (聖雅各忻悅中心),觀塘,22.3253866507369,114.23050724649,15:05:00,905.0,黃大仙下邨龍慧樓,觀塘,22.3398956772892,114.193860077335,16:10:00,970.0,2021-02-01,2022-08-01,,,2031-12-31,True,65.0,0,1
SR3522,乘客1172,NWC,電動輪椅,訓練,12345,"['Mon', 'Tue', 'Wed', 'Thu', 'Fri']",安秀道23號安泰邨服務設施大樓 (聖雅各忻悅中心),觀塘,22.3253866507369,114.23050724649,15:05:00,905.0,油塘邨華塘樓,觀塘,22.2986942845565,114.238002658499,15:35:00,935.0,2019-07-30,2022-08-01,,,2029-12-31,True,30.0,0,1
SR3522,乘客1173,WC,手動輪椅不可過椅,訓練,12345,"['Mon', 'Tue', 'Wed', 'Thu', 'Fri']",安秀道23號安泰邨服務設施大樓,觀塘,22.3252464981736,114.231040191223,15:05:00,905.0,鑽石山星河明居(閘口過避車處),觀塘,22.3410683151834,114.202693678614,16:00:00,960.0,2025-07-05,2025-09-01,,,,True,55.0,1,0
SR3522,乘客1174,WC,手杖,訓練,12345,"['Mon', 'Tue', 'Wed', 'Thu', 'Fri']",安秀道23號安泰邨服務設施大樓,觀塘,22.3252464981736,114.231040191223,15:05:00,905.0,黃大仙下邨龍慧樓,觀塘,22.3398956772892,114.193860077335,16:10:00,970.0,2025-04-09,2025-05-01,,,,True,65.0,1,0
SR3522,乘客1175,NWC,其他 / 特殊情況,訓練,12345,"['Mon', 'Tue', 'Wed', 'Thu', 'Fri']",安秀道23號安泰邨服務設施大樓,觀塘,22.3252464981736,114.231040191223,15:05:00,905.0,香港九龍城福佬村道25號,觀塘,22.3281545182381,114.187543766129,16:20:00,980.0,2023-08-08,2023-09-01,,,,True,75.0,0,1
SR3522,乘客1175跟車,NWC,,訓練,12345,"['Mon', 'Tue', 'Wed', 'Thu', 'Fri']",安秀道23號安泰邨服務設施大樓,觀塘,22.3252464981736,114.231040191223,15:05:00,905.0,香港九龍城福佬村道25號,觀塘,22.3281545182381,114.187543766129,16:20:00,980.0,2023-08-08,2023-09-01,,,,True,75.0,0,1
SR3522,乘客1176,NWC,手動輪椅不可過椅,訓練,12345,"['Mon', 'Tue', 'Wed', 'Thu', 'Fri']",藍田德田邨德欣樓救世軍展能中心,觀塘,22.308409444856,114.239758498651,15:20:00,920.0,油塘邨貴塘樓（入閘）,觀塘,22.2980659854337,114.238453850571,15:30:00,930.0,2025-11-27,2026-01-01,,,,True,10.0,0,1
SR3522,乘客1177,WC,其他 / 特殊情況,訓練,12345,"['Mon', 'Tue', 'Wed', 'Thu', 'Fri']",藍田德田邨德欣樓救世軍展能中心,觀塘,22.308409444856,114.239758498651,15:20:00,920.0,油塘油麗邨盈麗樓,觀塘,22.3003527844432,114.236569500349,15:40:00,940.0,2025-07-08,2025-09-01,,,,True,20.0,1,0
SR3522,乘客1178,NWC,手杖,訓練,145,"['Mon', 'Thu', 'Fri']",景林邨景榆樓,將軍澳,22.3196747591992,114.261514275835,16:40:00,1000.0,將軍澳維景灣畔3座,將軍澳,22.3018249907876,114.253644328173,17:15:00,1035.0,2021-12-30,2022-08-01,,,2032-12-31,True,35.0,0,1
SR3522,乘客1179,NWC,其他 / 特殊情況,訓練,12345,"['Mon', 'Tue', 'Wed', 'Thu', 'Fri']",景林邨景榆樓,將軍澳,22.3196747591992,114.261514275835,16:40:00,1000.0,貿泰路茵怡花園基督教家庭誠望宿舍(近小巴站),將軍澳,22.3227700179419,114.255994606157,16:45:00,1005.0,2017-08-24,2022-08-01,,,2026-12-31,True,5.0,0,1
SR3522,乘客1180,NWC,手推架;手杖;手動輪椅可以過椅,訓練,12345,"['Mon', 'Tue', 'Wed', 'Thu', 'Fri']",景林邨景榆樓,將軍澳,22.3196747591992,114.261514275835,16:40:00,1000.0,將軍澳安寧花園 (入閘近垃圾站),將軍澳,22.3152295686451,114.262838553532,16:55:00,1015.0,2025-12-22,2026-02-01,,,,True,15.0,0,1
SR3531,乘客1181,WC,手杖,治療,135,"['Mon', 'Wed', 'Fri']",香港觀塘月華街和樂邨居安樓,觀塘,22.3162669,114.228042,07:10:00,430.0,瑪嘉烈醫院 (急症室),葵涌,22.3409765809563,114.134563905584,07:40:00,460.0,2024-08-07,2024-09-01,,,,True,30.0,1,0
SR3531,乘客1182,NWC,手動輪椅不可過椅,訓練,12345,"['Mon', 'Tue', 'Wed', 'Thu', 'Fri']",荔景山路278號荔欣苑(迴旋處),葵涌,22.34243280562,114.137233614977,07:50:00,470.0,何文田常康街51號耀能協會盛康園(閘口),葵涌,22.3202049408109,114.182679177075,09:00:00,540.0,2022-08-10,2022-08-01,,,2032-12-31,True,70.0,0,1
SR3531,乘客1183,WC,手動輪椅不可過椅,訓練,12345,"['Mon', 'Tue', 'Wed', 'Thu', 'Fri']",長沙灣深旺道海達邨海昌樓,深水埗,22.3296775677953,114.150661344578,08:05:00,485.0,何文田常康街51號耀能協會盛康園(閘口),深水埗,22.3202049408109,114.182679177075,09:00:00,540.0,2021-08-02,2022-08-01,,,2031-12-31,True,55.0,1,0
SR3531,乘客1184,WC,其他 / 特殊情況,訓練,12345,"['Mon', 'Tue', 'Wed', 'Thu', 'Fri']",黃大仙下邨龍泰樓耀能協會龍泰宿舍,黃大仙,22.3401737256226,114.191524889904,08:25:00,505.0,何文田常康街51號耀能協會盛康園(閘口),黃大仙,22.3202049408109,114.182679177075,09:00:00,540.0,2010-11-10,2022-08-01,,,2030-12-31,True,35.0,1,0
SR3532,乘客1185,NWC,手杖,訓練,12345,"['Mon', 'Tue', 'Wed', 'Thu', 'Fri']",年華路樟木頭長者度假中心,沙田,22.4319766187794,114.250500617588,15:25:00,925.0,新蒲崗景福街118號景泰苑,沙田,22.3350605677416,114.200467254182,16:00:00,960.0,2023-12-15,2024-09-01,,,,True,35.0,0,1
SR3532,乘客1186,NWC,手杖;腳架,訓練,135,"['Mon', 'Wed', 'Fri']",彩雲邨伴月樓靈實創毅中心,黃大仙,22.3332861996755,114.216138210779,16:15:00,975.0,斧山道宏景花園,黃大仙,22.3413190303914,114.207756993871,16:55:00,1015.0,2024-08-29,2024-10-01,,,,True,40.0,0,1
SR3532,乘客1187,NWC,電動輪椅;手動輪椅不可過椅,訓練,12345,"['Mon', 'Tue', 'Wed', 'Thu', 'Fri']",彩雲邨伴月樓靈實創毅中心,黃大仙,22.3332861996755,114.216138210779,16:15:00,975.0,豐盛街2號富山邨(油站對面),黃大仙,22.3430393825201,114.208437057105,17:05:00,1025.0,2002-08-19,2022-08-01,,,2033-12-31,True,50.0,0,1
SR3532,乘客1188,WC,手杖,工作,12345,"['Mon', 'Tue', 'Wed', 'Thu', 'Fri']",彩雲邨伴月樓靈實創毅中心,黃大仙,22.3332861996755,114.216138210779,16:15:00,975.0,彩虹邨紅萼樓(近垃圾站),黃大仙,22.3367943926575,114.205820355215,16:25:00,985.0,2024-01-17,2024-03-01,,,,True,10.0,1,0
SR3532,乘客1189,NWC,其他 / 特殊情況,工作,12345,"['Mon', 'Tue', 'Wed', 'Thu', 'Fri']",藍田復康徑7號藍田綜合中心,觀塘,22.3080382817291,114.23042037906,17:45:00,1065.0,深水埗南昌邨(昌新里小巴站),觀塘,22.3267676429727,114.158409376601,18:30:00,1110.0,2023-10-25,2025-07-01,,,,True,45.0,0,1
SR3541,乘客1190,NWC,手動輪椅不可過椅,工作,12345,"['Mon', 'Tue', 'Wed', 'Thu', 'Fri']",香港長沙灣長沙灣(深旺道)總站,深水埗,22.330095,114.149674,07:00:00,420.0,香港九龍灣啟成街3號機電工程署總部大樓停車場,九龍城,22.325911,114.203512,07:50:00,470.0,2024-05-18,2024-06-01,,,,True,50.0,0,1
SR3541,乘客1191,WC,手杖,工作,12345,"['Mon', 'Tue', 'Wed', 'Thu', 'Fri']",葵涌邨春葵樓(近巴士站),葵涌,22.366292,114.131056,07:20:00,440.0,香港海濱道77號,觀塘,22.3165327,114.2132025,08:00:00,480.0,2024-04-08,2024-06-01,,,,True,40.0,1,0
SR3541,乘客1192,NWC,電動輪椅,工作,12345,"['Mon', 'Tue', 'Wed', 'Thu', 'Fri']",九龍城亞皆老街173號A-F芝蘭苑,九龍城,22.3267320013357,114.188640798093,08:15:00,495.0,觀塘巧明街98號 The Millennity 停車場B1上落貨區,九龍城,22.3131047937896,114.220666310619,08:30:00,510.0,2024-08-14,2024-10-01,,,,True,15.0,0,1
SR3541,乘客1193,WC,其他 / 特殊情況,訓練,12345,"['Mon', 'Tue', 'Wed', 'Thu', 'Fri']",黃大仙下邨龍滿樓,黃大仙,22.3387621007529,114.192534286863,08:55:00,535.0,藍田德田邨德盛樓耀能協會德田工場,黃大仙,22.3073859320734,114.239077121155,10:10:00,610.0,2003-08-19,2022-08-01,,,2030-12-31,True,75.0,1,0
SR3541,乘客1194,NWC,其他 / 特殊情況,訓練,12345,"['Mon', 'Tue', 'Wed', 'Thu', 'Fri']",黃大仙下邨龍泰樓耀能協會龍泰宿舍,黃大仙,22.3401737256226,114.191524889904,09:00:00,540.0,藍田德田邨德盛樓耀能協會德田工場,黃大仙,22.3073859320734,114.239077121155,10:10:00,610.0,2005-10-06,2022-08-01,,,2030-12-31,True,70.0,0,1
SR3541,乘客1195,NWC,其他 / 特殊情況,訓練,12345,"['Mon', 'Tue', 'Wed', 'Thu', 'Fri']",黃大仙下邨龍泰樓耀能協會龍泰宿舍,黃大仙,22.3401737256226,114.191524889904,09:00:00,540.0,藍田德田邨德盛樓耀能協會德田工場,黃大仙,22.3073859320734,114.239077121155,10:10:00,610.0,2007-06-23,2022-08-01,,,2030-12-31,True,70.0,0,1
SR3541,乘客1196,NWC,電動輪椅;手杖,訓練,12345,"['Mon', 'Tue', 'Wed', 'Thu', 'Fri']",黃大仙下邨龍泰樓耀能協會龍泰宿舍,黃大仙,22.3401737256226,114.191524889904,09:00:00,540.0,藍田德田邨德盛樓耀能協會德田工場,黃大仙,22.3073859320734,114.239077121155,10:10:00,610.0,2003-08-19,2022-08-01,,,2030-12-31,True,70.0,0,1
SR3541,乘客1197,WC,手杖,訓練,12345,"['Mon', 'Tue', 'Wed', 'Thu', 'Fri']",黃大仙下邨龍泰樓耀能協會龍泰宿舍,黃大仙,22.3401737256226,114.191524889904,09:00:00,540.0,藍田德田邨德盛樓耀能協會德田工場,黃大仙,22.3073859320734,114.239077121155,10:10:00,610.0,2013-04-24,2022-08-01,,,2030-12-31,True,70.0,1,0
SR3541,乘客1198,NWC,電動輪椅;手動輪椅不可過椅,訓練,12345,"['Mon', 'Tue', 'Wed', 'Thu', 'Fri']",黃大仙下邨龍泰樓耀能協會龍泰宿舍,黃大仙,22.3401737256226,114.191524889904,09:00:00,540.0,藍田德田邨德盛樓耀能協會德田工場,黃大仙,22.3073859320734,114.239077121155,10:10:00,610.0,2026-01-11,2026-02-01,,,,True,70.0,0,1
SR3541,乘客1199,WC,手杖,訓練,12345,"['Mon', 'Tue', 'Wed', 'Thu', 'Fri']",黃大仙下邨龍泰樓耀能協會龍泰宿舍,黃大仙,22.3401737256226,114.191524889904,09:00:00,540.0,藍田德田邨德盛樓耀能協會德田工場,黃大仙,22.3073859320734,114.239077121155,10:10:00,610.0,2025-04-23,2025-06-01,,,,True,70.0,1,0
SR3541,乘客1200,NWC,其他 / 特殊情況,訓練,12345,"['Mon', 'Tue', 'Wed', 'Thu', 'Fri']",黃大仙東頭村道龍豐樓 (近小巴站),黃大仙,22.3393773155834,114.19454774267,09:10:00,550.0,藍田德田邨德盛樓耀能協會德田工場,黃大仙,22.3073859320734,114.239077121155,10:10:00,610.0,2017-05-05,2022-08-01,,,2030-12-31,True,60.0,0,1
SR3541,乘客1201,NWC,手動輪椅可以過椅;腳架,訓練,12345,"['Mon', 'Tue', 'Wed', 'Thu', 'Fri']",黃大仙東頭村道龍豐樓 (近小巴站),黃大仙,22.3393773155834,114.19454774267,09:10:00,550.0,藍田德田邨德盛樓耀能協會德田工場,黃大仙,22.3073859320734,114.239077121155,10:10:00,610.0,2019-04-30,2022-08-01,,,2030-12-31,True,60.0,0,1
SR3541,乘客1202,WC,電動輪椅,訓練,12345,"['Mon', 'Tue', 'Wed', 'Thu', 'Fri']",黃大仙東頭村道龍豐樓 (近小巴站),黃大仙,22.3397681474209,114.194905979211,09:10:00,550.0,藍田德田邨德盛樓耀能協會德田工場,黃大仙,22.3073859320734,114.239077121155,10:10:00,610.0,2022-10-11,2022-08-01,,,2032-12-31,True,60.0,1,0
SR3541,乘客1203,WC,其他 / 特殊情況,訓練,12345,"['Mon', 'Tue', 'Wed', 'Thu', 'Fri']",橫頭磡邨宏照樓,黃大仙,22.3407012474343,114.187667809255,09:20:00,560.0,藍田德田邨德盛樓耀能協會德田工場,黃大仙,22.3073859320734,114.239077121155,10:10:00,610.0,2018-06-25,2022-08-01,,,2030-12-31,True,50.0,1,0
SR3541,乘客1204,NWC,手動輪椅可以過椅,訓練,12345,"['Mon', 'Tue', 'Wed', 'Thu', 'Fri']",橫頭磡富強苑富裕閣,黃大仙,22.3400784046033,114.184616135098,09:30:00,570.0,藍田德田邨德盛樓耀能協會德田工場,黃大仙,22.3073859320734,114.239077121155,10:10:00,610.0,2021-03-16,2022-08-01,,,2031-12-31,True,40.0,0,1
SR3542,乘客1205,WC,電動輪椅,工作,12345,"['Mon', 'Tue', 'Wed', 'Thu', 'Fri']",九龍灣啟成街3號機電工程署,觀塘,22.3263118756401,114.202880114749,17:10:00,1030.0,牛頭角上邨常榮樓(入閘),觀塘,22.3194180664513,114.21667683058,17:25:00,1045.0,2025-01-23,2025-04-01,,,,True,15.0,1,0
SR3542,乘客1206,WC,電動輪椅;手杖,工作,1234,"['Mon', 'Tue', 'Wed', 'Thu']",九龍灣啟成街3號機電工程署,觀塘,22.3263118756401,114.202880114749,17:10:00,1030.0,秀茂坪曉麗苑曉天閣,觀塘,22.3208795293276,114.229361520148,17:40:00,1060.0,2023-07-21,2024-04-01,,,,True,30.0,1,0
SR3551,乘客1207,WC,其他 / 特殊情況,訓練,12345,"['Mon', 'Tue', 'Wed', 'Thu', 'Fri']",九龍灣麗晶花園11座,觀塘,22.3308956210764,114.20635053545,07:15:00,435.0,碧翠路33號保良局永隆銀行金禧庇護工場,觀塘,22.3376633646464,114.248408723397,08:15:00,495.0,2025-12-12,2026-02-01,,,,True,60.0,1,0
SR3551,乘客1207跟車,NWC,,訓練,12345,"['Mon', 'Tue', 'Wed', 'Thu', 'Fri']",九龍灣麗晶花園11座,觀塘,22.3308956210764,114.20635053545,07:15:00,435.0,碧翠路33號保良局永隆銀行金禧庇護工場,觀塘,22.3376633646464,114.248408723397,08:15:00,495.0,2025-12-12,2026-02-01,,,,True,60.0,0,1
SR3551,乘客1208,NWC,不需輔助工具,訓練,12345,"['Mon', 'Tue', 'Wed', 'Thu', 'Fri']",牛池灣街彩輝邨(入閘)彩華樓,黃大仙,22.3355430072264,114.217930013973,07:50:00,470.0,碧翠路33號保良局永隆銀行金禧庇護工場,黃大仙,22.3376633646464,114.248408723397,08:15:00,495.0,2024-03-15,2024-05-01,,,,True,25.0,0,1
SR3551,乘客1209,NWC,嬰兒手推車型輪椅,上學,12345,"['Mon', 'Tue', 'Wed', 'Thu', 'Fri']",親民街16號西貢花園2座(近麥當勞),西貢,22.3824951713822,114.271861272452,08:40:00,520.0,安達臣道301號靈實恩光學校,西貢,22.3214554498288,114.244014640255,09:35:00,575.0,2018-08-22,2022-08-01,,,2029-12-31,True,55.0,0,1
SR3551,乘客1209跟車,WC,,上學,12345,"['Mon', 'Tue', 'Wed', 'Thu', 'Fri']",親民街16號西貢花園2座(近麥當勞),西貢,22.3824951713822,114.271861272452,08:40:00,520.0,安達臣道301號靈實恩光學校,西貢,22.3214554498288,114.244014640255,09:35:00,575.0,2018-08-22,2022-08-01,,,2029-12-31,True,55.0,1,0
SR3551,乘客1210,NWC,手動輪椅可以過椅,上學,12345,"['Mon', 'Tue', 'Wed', 'Thu', 'Fri']",將軍澳寶寧路25號富寧花園5座(入閘空地),將軍澳,22.3192690581718,114.267542789446,09:15:00,555.0,安達臣道301號靈實恩光學校,將軍澳,22.3214554498288,114.244014640255,09:35:00,575.0,2022-05-11,2024-04-01,,,2032-12-31,True,20.0,0,1
SR3551,乘客1210跟車,WC,,上學,12345,"['Mon', 'Tue', 'Wed', 'Thu', 'Fri']",將軍澳寶寧路25號富寧花園5座(入閘空地),將軍澳,22.3192690581718,114.267542789446,09:15:00,555.0,安達臣道301號靈實恩光學校,將軍澳,22.3214554498288,114.244014640255,09:35:00,575.0,2022-05-11,2024-04-01,,,2032-12-31,True,20.0,1,0
SR3551,乘客1211,NWC,手杖,訓練,12345,"['Mon', 'Tue', 'Wed', 'Thu', 'Fri']",窩打老道79A-K號怡安閣松山府邸護老院,油尖旺,22.3204824907842,114.176557508264,10:00:00,600.0,瀝源邨榮瑞樓唐氏綜合症協會卓業中心,油尖旺,22.3852687392622,114.191284794365,10:30:00,630.0,2022-08-10,2022-08-01,,,2032-12-31,True,30.0,0,1
SR3552,乘客1212,NWC,嬰兒手推車型輪椅,上學,12345,"['Mon', 'Tue', 'Wed', 'Thu', 'Fri']",安達臣道301號靈實恩光學校,將軍澳,22.3214554498288,114.244014640255,15:15:00,915.0,親民街16號西貢花園2座(近麥當勞),將軍澳,22.3824951713822,114.271861272452,16:15:00,975.0,2018-08-22,2022-08-01,,,2029-12-31,True,60.0,0,1
SR3552,乘客1212跟車,WC,,上學,12345,"['Mon', 'Tue', 'Wed', 'Thu', 'Fri']",安達臣道301號靈實恩光學校,將軍澳,22.3214554498288,114.244014640255,15:15:00,915.0,親民街16號西貢花園2座(近麥當勞),將軍澳,22.3824951713822,114.271861272452,16:15:00,975.0,2018-08-22,2022-08-01,,,2029-12-31,True,60.0,1,0
SR3552,乘客1213,NWC,嬰兒手推車型輪椅;手推架,上學,12345,"['Mon', 'Tue', 'Wed', 'Thu', 'Fri']",安達臣道301號靈實恩光學校,將軍澳,22.3214554498288,114.244014640255,15:15:00,915.0,廣明苑廣新閣,將軍澳,22.3121360847408,114.259538837669,15:35:00,935.0,2024-02-20,2024-03-01,,,,True,20.0,0,1
SR3552,乘客1213跟車,WC,,上學,12345,"['Mon', 'Tue', 'Wed', 'Thu', 'Fri']",安達臣道301號靈實恩光學校,將軍澳,22.3214554498288,114.244014640255,15:15:00,915.0,廣明苑廣新閣,將軍澳,22.3121360847408,114.259538837669,15:35:00,935.0,2024-02-20,2024-03-01,,,,True,20.0,1,0
SR3552,乘客1214,NWC,手動輪椅可以過椅,上學,12345,"['Mon', 'Tue', 'Wed', 'Thu', 'Fri']",安達臣道301號靈實恩光學校,將軍澳,22.3214554498288,114.244014640255,15:15:00,915.0,將軍澳寶寧路25號富寧花園5座(入閘空地),將軍澳,22.3192690581718,114.267542789446,15:45:00,945.0,2022-05-11,2024-04-01,,,2032-12-31,True,30.0,0,1
SR3552,乘客1214跟車,WC,,上學,12345,"['Mon', 'Tue', 'Wed', 'Thu', 'Fri']",安達臣道301號靈實恩光學校,將軍澳,22.3214554498288,114.244014640255,15:15:00,915.0,將軍澳寶寧路25號富寧花園5座(入閘空地),將軍澳,22.3192690581718,114.267542789446,15:45:00,945.0,2022-05-11,2024-04-01,,,2032-12-31,True,30.0,1,0
SR3552,乘客1215,NWC,電動輪椅,工作,12345,"['Mon', 'Tue', 'Wed', 'Thu', 'Fri']",藍田復康徑7號藍田綜合中心,觀塘,22.3080382817291,114.23042037906,17:50:00,1070.0,橫頭磡邨宏暉樓(富美街入消防閘口),觀塘,22.3409874870021,114.186991614777,18:15:00,1095.0,2024-02-22,2024-03-01,,,,True,25.0,0,1
SR3552,乘客1216,WC,電動輪椅,工作,12345,"['Mon', 'Tue', 'Wed', 'Thu', 'Fri']",藍田復康徑7號藍田綜合中心,觀塘,22.3080382817291,114.23042037906,17:50:00,1070.0,馬鞍山海柏花園(的士站),觀塘,22.425840317323,114.230922450144,18:45:00,1125.0,2009-05-22,2024-03-01,,,2029-12-31,True,55.0,1,0
SR3561,乘客1217,WC,手杖,工作,12345,"['Mon', 'Tue', 'Wed', 'Thu', 'Fri']",汀角路19號省躬草堂,大埔,22.452714423651,114.165187015206,07:00:00,420.0,九龍塘聯福道34號永隆銀行商學大樓,大埔,22.3376809291281,114.181856192049,07:50:00,470.0,2022-09-13,2022-08-01,,,2032-12-13,True,50.0,1,0
SR3561,乘客1218,NWC,手杖,工作,12345,"['Mon', 'Tue', 'Wed', 'Thu', 'Fri']",八號花園,大埔,22.4525224896347,114.166749765981,07:15:00,435.0,南昌街248號賽馬會盲人中心(大坑西街停車場口),大埔,22.3342569030873,114.168467364916,08:15:00,495.0,2019-09-09,2022-08-01,,,2029-12-31,True,60.0,0,1
SR3561,乘客1219,NWC,手杖,治療,124,"['Mon', 'Tue', 'Thu']",葵涌大廈街大窩口體育館,葵涌,22.3697676789239,114.12507511142,08:40:00,520.0,葵涌醫院 L 座,葵涌,22.3426114153952,114.133772940951,09:20:00,560.0,2024-09-15,2024-11-01,,,2026-10-03,True,40.0,0,1
SR3561,乘客1220,NWC,不需輔助工具,訓練,12345,"['Mon', 'Tue', 'Wed', 'Thu', 'Fri']",葵涌大窩口邨富泰樓 (石頭街近小巴站),葵涌,22.3658678141227,114.123006673561,08:50:00,530.0,仁濟街18號仁濟醫院綜合⼤樓,葵涌,22.3698012362877,114.119395868524,09:00:00,540.0,2025-03-14,2025-05-01,,,,True,10.0,0,1
SR3562,乘客1221,NWC,手動輪椅不可過椅,訓練,135,"['Mon', 'Wed', 'Fri']",將軍澳培成里8號基督教靈實協會靈實坑口護理院,將軍澳,22.3164817750268,114.267446335521,15:00:00,900.0,橫頭磡富強苑富和閣(富強街入消防閘),將軍澳,22.3400322779533,114.185206265221,15:55:00,955.0,2024-11-12,2025-09-01,,,,True,55.0,0,1
SR3562,乘客1221跟車,WC,,訓練,135,"['Mon', 'Wed', 'Fri']",將軍澳培成里8號基督教靈實協會靈實坑口護理院,將軍澳,22.3164817750268,114.267446335521,15:00:00,900.0,橫頭磡富強苑富和閣(富強街入消防閘),將軍澳,22.3400322779533,114.185206265221,15:55:00,955.0,2024-11-12,2025-09-01,,,,True,55.0,1,0
SR3562,乘客1221跟車,NWC,,訓練,135,"['Mon', 'Wed', 'Fri']",將軍澳培成里8號基督教靈實協會靈實坑口護理院,將軍澳,22.3164817750268,114.267446335521,15:00:00,900.0,橫頭磡富強苑富和閣(富強街入消防閘),將軍澳,22.3400322779533,114.185206265221,15:55:00,955.0,2024-11-12,2025-09-01,,,,True,55.0,0,1
SR3562,乘客1222,NWC,其他 / 特殊情況,上學,12345,"['Mon', 'Tue', 'Wed', 'Thu', 'Fri']",安達臣道301號靈實恩光學校,將軍澳,22.3214554498288,114.244014640255,15:15:00,915.0,黃大仙睦鄰街8號現崇山(入閘),將軍澳,22.3404561872715,114.196803394491,15:35:00,935.0,2024-09-25,2024-12-01,,,,True,20.0,0,1
SR3562,乘客1222跟車,NWC,,上學,12345,"['Mon', 'Tue', 'Wed', 'Thu', 'Fri']",安達臣道301號靈實恩光學校,將軍澳,22.3214554498288,114.244014640255,15:15:00,915.0,黃大仙睦鄰街8號現崇山(入閘),將軍澳,22.3404561872715,114.196803394491,15:35:00,935.0,2024-09-25,2024-12-01,,,,True,20.0,0,1
SR3562,乘客1223,NWC,嬰兒手推車型輪椅,上學,12345,"['Mon', 'Tue', 'Wed', 'Thu', 'Fri']",香港安達臣道301號,將軍澳,22.3217143,114.24439,15:15:00,915.0,香港老虎岩聯合道196號樂富邨樂民樓,黃大仙,22.3367784371412,114.186696468448,15:45:00,945.0,2024-02-22,2024-03-01,,,,True,30.0,0,1
SR3562,乘客1223跟車,WC,,上學,12345,"['Mon', 'Tue', 'Wed', 'Thu', 'Fri']",香港安達臣道301號,將軍澳,22.3217143,114.24439,15:15:00,915.0,香港老虎岩聯合道196號樂富邨樂民樓,黃大仙,22.3367784371412,114.186696468448,15:45:00,945.0,2024-02-22,2024-03-01,,,,True,30.0,1,0
SR3562,乘客1224,NWC,手杖,工作,12345,"['Mon', 'Tue', 'Wed', 'Thu', 'Fri']",南昌街248號賽馬會盲人中心(大坑西街停車場口),深水埗,22.3342569030873,114.168467364916,17:25:00,1045.0,八號花園,深水埗,22.4525224896347,114.166749765981,18:05:00,1085.0,2019-09-09,2022-08-01,,,2029-12-31,True,40.0,0,1
SR3562,乘客1225,NWC,手杖,工作,12345,"['Mon', 'Tue', 'Wed', 'Thu', 'Fri']",九龍塘聯福道34號永隆銀行商學大樓,九龍城,22.3376809291281,114.181856192049,17:35:00,1055.0,汀角路19號省躬草堂,九龍城,22.452714423651,114.165187015206,18:15:00,1095.0,2022-09-13,2022-08-01,,,2032-12-13,True,40.0,0,1
SR3571,乘客1226,NWC,嬰兒手推車型輪椅,上學,12345,"['Mon', 'Tue', 'Wed', 'Thu', 'Fri']",黃埔花園第四期(德豐街享膳坊近停車場出口),九龍城,22.3030860216773,114.190345455632,08:25:00,505.0,安達臣道301號靈實恩光學校,九龍城,22.3214554498288,114.244014640255,10:00:00,600.0,2025-07-14,2025-09-01,,,,True,95.0,0,1
SR3571,乘客1226跟車,WC,,上學,12345,"['Mon', 'Tue', 'Wed', 'Thu', 'Fri']",黃埔花園第四期(德豐街享膳坊近停車場出口),九龍城,22.3030860216773,114.190345455632,08:25:00,505.0,安達臣道301號靈實恩光學校,九龍城,22.3214554498288,114.244014640255,10:00:00,600.0,2025-07-14,2025-09-01,,,,True,95.0,1,0
SR3571,乘客1227,NWC,手推架,訓練,12345,"['Mon', 'Tue', 'Wed', 'Thu', 'Fri']",黃大仙東頭邨富東樓,黃大仙,22.3362941070116,114.19338741154,08:50:00,530.0,土瓜灣馬頭角道33號欣榮花園匡智工場,黃大仙,22.321687927997,114.18946780588,09:05:00,545.0,2024-11-20,2025-01-01,,,,True,15.0,0,1
SR3571,乘客1227跟車,NWC,,訓練,12345,"['Mon', 'Tue', 'Wed', 'Thu', 'Fri']",黃大仙東頭邨富東樓,黃大仙,22.3362941070116,114.19338741154,08:50:00,530.0,土瓜灣馬頭角道33號欣榮花園匡智工場,黃大仙,22.321687927997,114.18946780588,09:05:00,545.0,2024-11-20,2025-01-01,,,,True,15.0,0,1
SR3571,乘客1228,NWC,手動輪椅不可過椅;手推架,上學,12345,"['Mon', 'Tue', 'Wed', 'Thu', 'Fri']",土瓜灣欣榮花園(馬頭角道巴士站),九龍城,22.3220052000922,114.189614915544,09:05:00,545.0,安達臣道301號靈實恩光學校,九龍城,22.3214554498288,114.244014640255,10:00:00,600.0,2020-06-26,2022-08-01,,,2030-12-31,True,55.0,0,1
SR3571,乘客1229,WC,手動輪椅不可過椅,上學,12345,"['Mon', 'Tue', 'Wed', 'Thu', 'Fri']",油塘油麗邨碧麗樓,觀塘,22.3014636542338,114.236670347168,09:30:00,570.0,安達臣道301號靈實恩光學校,觀塘,22.3214554498288,114.244014640255,10:00:00,600.0,2015-06-30,2022-08-01,,,2030-12-31,True,30.0,1,0
SR3571,乘客1229跟車,WC,,上學,12345,"['Mon', 'Tue', 'Wed', 'Thu', 'Fri']",油塘油麗邨碧麗樓,觀塘,22.3014636542338,114.236670347168,09:30:00,570.0,安達臣道301號靈實恩光學校,觀塘,22.3214554498288,114.244014640255,10:00:00,600.0,2015-06-30,2022-08-01,,,2030-12-31,True,30.0,1,0
SR3571,乘客1230,NWC,嬰兒手推車型輪椅,上學,12345,"['Mon', 'Tue', 'Wed', 'Thu', 'Fri']",油塘油麗邨碧麗樓,觀塘,22.3014636542338,114.236670347168,09:30:00,570.0,安達臣道301號靈實恩光學校,觀塘,22.3214554498288,114.244014640255,10:00:00,600.0,2024-12-11,2025-02-01,,,,True,30.0,0,1
SR3571,乘客1230跟車,WC,,上學,12345,"['Mon', 'Tue', 'Wed', 'Thu', 'Fri']",油塘油麗邨碧麗樓,觀塘,22.3014636542338,114.236670347168,09:30:00,570.0,安達臣道301號靈實恩光學校,觀塘,22.3214554498288,114.244014640255,10:00:00,600.0,2024-12-11,2025-02-01,,,,True,30.0,1,0
SR3571,乘客1231,NWC,手動輪椅不可過椅,上學,12345,"['Mon', 'Tue', 'Wed', 'Thu', 'Fri']",油塘高翔苑高安閣,觀塘,22.2956999701731,114.240230783058,09:45:00,585.0,安達臣道301號靈實恩光學校,觀塘,22.3214554498288,114.244014640255,10:00:00,600.0,2019-12-02,2022-08-01,,,2030-12-31,True,15.0,0,1
SR3571,乘客1231跟車,WC,,上學,12345,"['Mon', 'Tue', 'Wed', 'Thu', 'Fri']",油塘高翔苑高安閣,觀塘,22.2956999701731,114.240230783058,09:45:00,585.0,安達臣道301號靈實恩光學校,觀塘,22.3214554498288,114.244014640255,10:00:00,600.0,2019-12-02,2022-08-01,,,2030-12-31,True,15.0,1,0
SR3572,乘客1232,NWC,手推架,訓練,12345,"['Mon', 'Tue', 'Wed', 'Thu', 'Fri']",土瓜灣馬頭角道33號欣榮花園匡智工場,九龍城,22.321687927997,114.18946780588,15:00:00,900.0,黃大仙東頭邨富東樓,九龍城,22.3362941070116,114.19338741154,15:30:00,930.0,2024-11-20,2025-01-01,,,,True,30.0,0,1
SR3572,乘客1232跟車,NWC,,訓練,12345,"['Mon', 'Tue', 'Wed', 'Thu', 'Fri']",土瓜灣馬頭角道33號欣榮花園匡智工場,九龍城,22.321687927997,114.18946780588,15:00:00,900.0,黃大仙東頭邨富東樓,九龍城,22.3362941070116,114.19338741154,15:30:00,930.0,2024-11-20,2025-01-01,,,,True,30.0,0,1
SR3572,乘客1233,NWC,手動輪椅可以過椅,訓練,12345,"['Mon', 'Tue', 'Wed', 'Thu', 'Fri']",新蒲崗大有街萬迪廣場,黃大仙,22.3383179327812,114.19903624205,16:20:00,980.0,將軍澳翠林邨欣林樓(入閘近垃圾站),黃大仙,22.3232135713652,114.248834317818,16:55:00,1015.0,2023-08-02,2024-03-01,,,,True,35.0,0,1
SR3572,乘客1233跟車,WC,,訓練,12345,"['Mon', 'Tue', 'Wed', 'Thu', 'Fri']",新蒲崗大有街萬迪廣場,黃大仙,22.3383179327812,114.19903624205,16:20:00,980.0,將軍澳翠林邨欣林樓(入閘近垃圾站),黃大仙,22.3232135713652,114.248834317818,16:55:00,1015.0,2023-08-02,2024-03-01,,,,True,35.0,1,0
SR3572,乘客1234,NWC,電動輪椅,上學,12345,"['Mon', 'Tue', 'Wed', 'Thu', 'Fri']",新蒲崗大有街萬迪廣場,黃大仙,22.3383179327812,114.19903624205,16:20:00,980.0,景嶺路都會駅8座,黃大仙,22.3048725141327,114.251656573388,17:30:00,1050.0,2025-11-19,2026-01-01,,,,True,70.0,0,1
SR3572,乘客1234跟車,WC,,上學,12345,"['Mon', 'Tue', 'Wed', 'Thu', 'Fri']",新蒲崗大有街萬迪廣場,黃大仙,22.3383179327812,114.19903624205,16:20:00,980.0,景嶺路都會駅8座,黃大仙,22.3048725141327,114.251656573388,17:30:00,1050.0,2025-11-19,2026-01-01,,,,True,70.0,1,0
SR3572,乘客1234跟車,NWC,,上學,12345,"['Mon', 'Tue', 'Wed', 'Thu', 'Fri']",新蒲崗大有街萬迪廣場,黃大仙,22.3383179327812,114.19903624205,16:20:00,980.0,景嶺路都會駅8座,黃大仙,22.3048725141327,114.251656573388,17:30:00,1050.0,2025-11-19,2026-01-01,,,,True,70.0,0,1
SR3572,乘客1235,NWC,手動輪椅可以過椅,訓練,12345,"['Mon', 'Tue', 'Wed', 'Thu', 'Fri']",新蒲崗大有街萬迪廣場,黃大仙,22.3383179327812,114.19903624205,16:20:00,980.0,將軍澳寶盈花園1座,黃大仙,22.3067646560739,114.26224166451,17:10:00,1030.0,2023-08-02,2024-03-01,,,,True,50.0,0,1
SR3581,乘客1236,WC,手動輪椅不可過椅,訓練,12345,"['Mon', 'Tue', 'Wed', 'Thu', 'Fri']",利安道32號順利紀律部隊宿舍,觀塘,22.3322490087647,114.221968607587,07:40:00,460.0,黃大仙下邨龍禧樓鄰舍輔導會展能中心,觀塘,22.3390991985656,114.19265702573,09:15:00,555.0,2022-01-17,2022-08-01,,,2032-12-31,True,95.0,1,0
SR3581,乘客1237,WC,嬰兒手推車型輪椅,上學,12345,"['Mon', 'Tue', 'Wed', 'Thu', 'Fri']",常盛街80號半山壹號9座,九龍城,22.3193548802512,114.185467235875,08:00:00,480.0,歌和老街53號香港心理衛生會臻和學校,九龍城,22.3399607347764,114.168054871166,08:40:00,520.0,2023-02-01,2022-08-01,,,2099-12-31,True,40.0,1,0
SR3581,乘客1237跟車,WC,,上學,12345,"['Mon', 'Tue', 'Wed', 'Thu', 'Fri']",常盛街80號半山壹號9座,九龍城,22.3193548802512,114.185467235875,08:00:00,480.0,歌和老街53號香港心理衛生會臻和學校,九龍城,22.3399607347764,114.168054871166,08:40:00,520.0,2023-02-01,2022-08-01,,,2099-12-31,True,40.0,1,0
SR3581,乘客1238,NWC,手動輪椅不可過椅;嬰兒手推車型輪椅,上學,12345,"['Mon', 'Tue', 'Wed', 'Thu', 'Fri']",何文田常盛街28號皓畋(陳瑞祺喇沙小學對面),九龍城,22.3186000568806,114.181432972817,08:05:00,485.0,歌和老街53號香港心理衛生會臻和學校,九龍城,22.3399607347764,114.168054871166,08:40:00,520.0,2023-07-27,2024-03-01,,,,True,35.0,0,1
SR3581,乘客1238跟車,WC,,上學,12345,"['Mon', 'Tue', 'Wed', 'Thu', 'Fri']",何文田常盛街28號皓畋(陳瑞祺喇沙小學對面),九龍城,22.3186000568806,114.181432972817,08:05:00,485.0,歌和老街53號香港心理衛生會臻和學校,九龍城,22.3399607347764,114.168054871166,08:40:00,520.0,2023-07-27,2024-03-01,,,,True,35.0,1,0
SR3581,乘客1239,NWC,手動輪椅不可過椅,上學,12345,"['Mon', 'Tue', 'Wed', 'Thu', 'Fri']",何文田邨景文樓,九龍城,22.3180915429257,114.180709344994,08:10:00,490.0,歌和老街53號香港心理衛生會臻和學校,九龍城,22.3399607347764,114.168054871166,08:40:00,520.0,2023-09-12,2024-03-01,,,,True,30.0,0,1
SR3581,乘客1239跟車,WC,,上學,12345,"['Mon', 'Tue', 'Wed', 'Thu', 'Fri']",何文田邨景文樓,九龍城,22.3180915429257,114.180709344994,08:10:00,490.0,歌和老街53號香港心理衛生會臻和學校,九龍城,22.3399607347764,114.168054871166,08:40:00,520.0,2023-09-12,2024-03-01,,,,True,30.0,1,0
SR3581,乘客1240,NWC,其他 / 特殊情況,上學,12345,"['Mon', 'Tue', 'Wed', 'Thu', 'Fri']",何文田 瑜一第5A座,九龍城,22.3092834125692,114.182233657266,08:20:00,500.0,歌和老街53號香港心理衛生會臻和學校,九龍城,22.3399607347764,114.168054871166,08:40:00,520.0,2026-02-25,2026-04-01,,,,True,20.0,0,1
SR3581,乘客1240跟車,NWC,,上學,12345,"['Mon', 'Tue', 'Wed', 'Thu', 'Fri']",何文田 瑜一第5A座,九龍城,22.3092834125692,114.182233657266,08:20:00,500.0,歌和老街53號香港心理衛生會臻和學校,九龍城,22.3399607347764,114.168054871166,08:40:00,520.0,2026-02-25,2026-04-01,,,,True,20.0,0,1
SR3581,乘客1241,NWC,手杖,訓練,12345,"['Mon', 'Tue', 'Wed', 'Thu', 'Fri']",橫頭磡邨宏德樓(卸貨區上落),黃大仙,22.3395247671213,114.188632273065,09:05:00,545.0,翠屏南邨翠桐樓保良局八八觀塘工場,黃大仙,22.3126002325074,114.233797328212,09:55:00,595.0,2019-06-17,2022-08-01,,,2031-12-31,True,50.0,0,1
SR3581,乘客1242,NWC,手動輪椅可以過椅,訓練,12345,"['Mon', 'Tue', 'Wed', 'Thu', 'Fri']",樂富邨樂東樓(近康強苑入閘後迴旋處),黃大仙,22.3373979167031,114.189842857183,09:10:00,550.0,黃大仙下邨龍安樓路德會龍安中心,黃大仙,22.3411613792975,114.192752382082,09:25:00,565.0,2024-11-20,2024-12-01,,,,True,15.0,0,1
SR3581,乘客1242跟車,WC,,訓練,12345,"['Mon', 'Tue', 'Wed', 'Thu', 'Fri']",樂富邨樂東樓(近康強苑入閘後迴旋處),黃大仙,22.3373979167031,114.189842857183,09:10:00,550.0,黃大仙下邨龍安樓路德會龍安中心,黃大仙,22.3411613792975,114.192752382082,09:25:00,565.0,2024-11-20,2024-12-01,,,,True,15.0,1,0
SR3581,乘客1243,NWC,不需輔助工具,訓練,12345,"['Mon', 'Tue', 'Wed', 'Thu', 'Fri']",翠屏南邨翠杏樓(消防閘口),觀塘,22.3123460642954,114.232129571049,09:45:00,585.0,翠屏南邨翠桐樓保良局八八觀塘工場,觀塘,22.3126002325074,114.233797328212,09:55:00,595.0,2024-05-29,2024-07-01,,,,True,10.0,0,1
SR3581,乘客1244,NWC,其他 / 特殊情況,訓練,12345,"['Mon', 'Tue', 'Wed', 'Thu', 'Fri']",翠屏南邨翠杏樓(消防閘口),觀塘,22.3123460642954,114.232129571049,09:45:00,585.0,翠屏南邨翠桐樓保良局八八觀塘工場,觀塘,22.3126002325074,114.233797328212,09:55:00,595.0,2025-12-28,2026-02-01,,,,True,10.0,0,1
SR3581,乘客1245,NWC,手杖,訓練,12345,"['Mon', 'Tue', 'Wed', 'Thu', 'Fri']",翠屏南邨翠榮樓(消防閘口),觀塘,22.3123682623999,114.233080639764,09:50:00,590.0,翠屏南邨翠桐樓保良局八八觀塘工場,觀塘,22.3126002325074,114.233797328212,09:55:00,595.0,2023-01-18,2022-08-01,,,2033-12-31,True,5.0,0,1
SR3581,乘客1246,NWC,手杖,訓練,12345,"['Mon', 'Tue', 'Wed', 'Thu', 'Fri']",翠屏南邨翠榮樓(消防閘口),觀塘,22.3123682623999,114.233080639764,09:50:00,590.0,翠屏南邨翠桐樓保良局八八觀塘工場,觀塘,22.3126002325074,114.233797328212,09:55:00,595.0,2025-09-17,2025-11-01,,,,True,5.0,0,1
SR3582,乘客1247,NWC,手動輪椅不可過椅,訓練,12345,"['Mon', 'Tue', 'Wed', 'Thu', 'Fri']",黃大仙下邨龍禧樓鄰舍輔導會展能中心,黃大仙,22.3390991985656,114.19265702573,15:00:00,900.0,利安道32號順利紀律部隊宿舍,黃大仙,22.3322490087647,114.221968607587,16:35:00,995.0,2022-01-17,2022-08-01,,,2032-12-31,True,95.0,0,1
SR3582,乘客1248,WC,手動輪椅可以過椅,訓練,12345,"['Mon', 'Tue', 'Wed', 'Thu', 'Fri']",黃大仙下邨龍安樓路德會龍安中心,黃大仙,22.3411613792975,114.192752382082,15:10:00,910.0,樂富邨樂東樓(近康強苑入閘後迴旋處),黃大仙,22.3373979167031,114.189842857183,15:30:00,930.0,2024-11-20,2024-12-01,,,,True,20.0,1,0
SR3582,乘客1249,WC,手動輪椅不可過椅;嬰兒手推車型輪椅,上學,12345,"['Mon', 'Tue', 'Wed', 'Thu', 'Fri']",歌和老街53號香港心理衛生會臻和學校,深水埗,22.3399607347764,114.168054871166,15:40:00,940.0,何文田常盛街28號皓畋(陳瑞祺喇沙小學對面),深水埗,22.3186000568806,114.181432972817,16:10:00,970.0,2023-07-27,2024-03-01,,,,True,30.0,1,0
SR3582,乘客1249跟車,WC,,上學,12345,"['Mon', 'Tue', 'Wed', 'Thu', 'Fri']",歌和老街53號香港心理衛生會臻和學校,深水埗,22.3399607347764,114.168054871166,15:40:00,940.0,何文田常盛街28號皓畋(陳瑞祺喇沙小學對面),深水埗,22.3186000568806,114.181432972817,16:10:00,970.0,2023-07-27,2024-03-01,,,,True,30.0,1,0
SR3582,乘客1250,NWC,手動輪椅不可過椅,上學,12345,"['Mon', 'Tue', 'Wed', 'Thu', 'Fri']",歌和老街53號香港心理衛生會臻和學校,深水埗,22.3399607347764,114.168054871166,15:40:00,940.0,何文田邨景文樓,深水埗,22.3180915429257,114.180709344994,16:05:00,965.0,2023-09-12,2024-03-01,,,,True,25.0,0,1
SR3582,乘客1250跟車,WC,,上學,12345,"['Mon', 'Tue', 'Wed', 'Thu', 'Fri']",歌和老街53號香港心理衛生會臻和學校,深水埗,22.3399607347764,114.168054871166,15:40:00,940.0,何文田邨景文樓,深水埗,22.3180915429257,114.180709344994,16:05:00,965.0,2023-09-12,2024-03-01,,,,True,25.0,1,0
SR3582,乘客1251,NWC,嬰兒手推車型輪椅,上學,12345,"['Mon', 'Tue', 'Wed', 'Thu', 'Fri']",歌和老街53號香港心理衛生會臻和學校,深水埗,22.3399607347764,114.168054871166,15:40:00,940.0,常盛街80號半山壹號9座,深水埗,22.3193548802512,114.185467235875,16:15:00,975.0,2023-02-01,2022-08-01,,,2099-12-31,True,35.0,0,1
SR3582,乘客1251跟車,WC,,上學,12345,"['Mon', 'Tue', 'Wed', 'Thu', 'Fri']",歌和老街53號香港心理衛生會臻和學校,深水埗,22.3399607347764,114.168054871166,15:40:00,940.0,常盛街80號半山壹號9座,深水埗,22.3193548802512,114.185467235875,16:15:00,975.0,2023-02-01,2022-08-01,,,2099-12-31,True,35.0,1,0
SR3582,乘客1252,NWC,其他 / 特殊情況,上學,12345,"['Mon', 'Tue', 'Wed', 'Thu', 'Fri']",歌和老街53號香港心理衛生會臻和學校,深水埗,22.3399607347764,114.168054871166,15:40:00,940.0,何文田 瑜一第5A座,深水埗,22.3092834125692,114.182233657266,15:55:00,955.0,2026-02-25,2026-04-01,,,,True,15.0,0,1
SR3582,乘客1252跟車,NWC,,上學,12345,"['Mon', 'Tue', 'Wed', 'Thu', 'Fri']",歌和老街53號香港心理衛生會臻和學校,深水埗,22.3399607347764,114.168054871166,15:40:00,940.0,何文田 瑜一第5A座,深水埗,22.3092834125692,114.182233657266,15:55:00,955.0,2026-02-25,2026-04-01,,,,True,15.0,0,1
SR3582,乘客1253,NWC,手杖,訓練,12345,"['Mon', 'Tue', 'Wed', 'Thu', 'Fri']",翠屏南邨翠桐樓保良局八八觀塘工場,觀塘,22.3126002325074,114.233797328212,16:45:00,1005.0,橫頭磡邨宏德樓(卸貨區上落),觀塘,22.3395247671213,114.188632273065,17:20:00,1040.0,2019-06-17,2022-08-01,,,2031-12-31,True,35.0,0,1
SR3582,乘客1254,NWC,手杖,訓練,12345,"['Mon', 'Tue', 'Wed', 'Thu', 'Fri']",翠屏南邨翠桐樓保良局八八觀塘工場,觀塘,22.3126002325074,114.233797328212,16:45:00,1005.0,翠屏南邨翠榮樓(消防閘口),觀塘,22.3123682623999,114.233080639764,16:50:00,1010.0,2023-01-18,2022-08-01,,,2033-12-31,True,5.0,0,1
SR3582,乘客1255,NWC,不需輔助工具,訓練,12345,"['Mon', 'Tue', 'Wed', 'Thu', 'Fri']",翠屏南邨翠桐樓保良局八八觀塘工場,觀塘,22.3126002325074,114.233797328212,16:45:00,1005.0,翠屏南邨翠杏樓(消防閘口),觀塘,22.3123460642954,114.232129571049,16:55:00,1015.0,2024-05-29,2024-07-01,,,,True,10.0,0,1
SR3582,乘客1256,NWC,手杖,訓練,12345,"['Mon', 'Tue', 'Wed', 'Thu', 'Fri']",翠屏南邨翠桐樓保良局八八觀塘工場,觀塘,22.3126002325074,114.233797328212,16:45:00,1005.0,翠屏南邨翠榮樓(消防閘口),觀塘,22.3123682623999,114.233080639764,16:50:00,1010.0,2025-09-17,2025-11-01,,,,True,5.0,0,1
SR3582,乘客1257,NWC,其他 / 特殊情況,訓練,12345,"['Mon', 'Tue', 'Wed', 'Thu', 'Fri']",翠屏南邨翠桐樓保良局八八觀塘工場,觀塘,22.3126002325074,114.233797328212,16:45:00,1005.0,翠屏南邨翠杏樓(消防閘口),觀塘,22.3123460642954,114.232129571049,16:55:00,1015.0,2025-12-28,2026-02-01,,,,True,10.0,0,1
SR3591,乘客1258,NWC,手動輪椅不可過椅,上學,12345,"['Mon', 'Tue', 'Wed', 'Thu', 'Fri']",牛頭角彩德邨彩亮樓,觀塘,22.330005247013,114.214913826982,08:05:00,485.0,安達臣道301號靈實恩光學校,觀塘,22.3214554498288,114.244014640255,09:05:00,545.0,2024-02-17,2024-03-01,,,,True,60.0,0,1
SR3591,乘客1258跟車,WC,,上學,12345,"['Mon', 'Tue', 'Wed', 'Thu', 'Fri']",牛頭角彩德邨彩亮樓,觀塘,22.330005247013,114.214913826982,08:05:00,485.0,安達臣道301號靈實恩光學校,觀塘,22.3214554498288,114.244014640255,09:05:00,545.0,2024-02-17,2024-03-01,,,,True,60.0,1,0
SR3591,乘客1259,NWC,手動輪椅不可過椅,上學,12345,"['Mon', 'Tue', 'Wed', 'Thu', 'Fri']",唐德街9號將軍澳中心(停車場),將軍澳,22.3075108929355,114.257105995794,08:40:00,520.0,安達臣道301號靈實恩光學校,將軍澳,22.3214554498288,114.244014640255,09:05:00,545.0,2024-09-26,2024-11-01,,,,True,25.0,0,1
SR3591,乘客1259跟車,WC,,上學,12345,"['Mon', 'Tue', 'Wed', 'Thu', 'Fri']",唐德街9號將軍澳中心(停車場),將軍澳,22.3075108929355,114.257105995794,08:40:00,520.0,安達臣道301號靈實恩光學校,將軍澳,22.3214554498288,114.244014640255,09:05:00,545.0,2024-09-26,2024-11-01,,,,True,25.0,1,0
SR3591,乘客1259跟車,NWC,,上學,12345,"['Mon', 'Tue', 'Wed', 'Thu', 'Fri']",唐德街9號將軍澳中心(停車場),將軍澳,22.3075108929355,114.257105995794,08:40:00,520.0,安達臣道301號靈實恩光學校,將軍澳,22.3214554498288,114.244014640255,09:05:00,545.0,2024-09-26,2024-11-01,,,,True,25.0,0,1
SR3591,乘客1260,NWC,嬰兒手推車型輪椅;手推架,上學,12345,"['Mon', 'Tue', 'Wed', 'Thu', 'Fri']",廣明苑廣新閣,將軍澳,22.3121360847408,114.259538837669,08:50:00,530.0,安達臣道301號靈實恩光學校,將軍澳,22.3214554498288,114.244014640255,09:05:00,545.0,2024-02-20,2024-03-01,,,,True,15.0,0,1
SR3591,乘客1260跟車,WC,,上學,12345,"['Mon', 'Tue', 'Wed', 'Thu', 'Fri']",廣明苑廣新閣,將軍澳,22.3121360847408,114.259538837669,08:50:00,530.0,安達臣道301號靈實恩光學校,將軍澳,22.3214554498288,114.244014640255,09:05:00,545.0,2024-02-20,2024-03-01,,,,True,15.0,1,0
SR3591,乘客1261,NWC,其他 / 特殊情況,訓練,12345,"['Mon', 'Tue', 'Wed', 'Thu', 'Fri']",翠琳路景明苑曦景閣,將軍澳,22.3235033703186,114.249316654484,09:25:00,565.0,藍田啟田道71號匡智中心,將軍澳,22.3091606695934,114.234035937855,09:55:00,595.0,2016-05-13,2022-08-01,,,2031-12-31,True,30.0,0,1
SR3591,乘客1262,NWC,其他 / 特殊情況,訓練,12345,"['Mon', 'Tue', 'Wed', 'Thu', 'Fri']",維景灣畔1座,將軍澳,22.3015786763492,114.253781351896,09:40:00,580.0,藍田啟田道71號匡智中心,將軍澳,22.3091606695934,114.234035937855,09:55:00,595.0,2020-03-26,2022-08-01,,,2031-12-31,True,15.0,0,1
SR3592,乘客1263,NWC,其他 / 特殊情況,訓練,12345,"['Mon', 'Tue', 'Wed', 'Thu', 'Fri']",翠屏道3號基督教家庭迪智展能中心,觀塘,22.3116795188017,114.2289173688,15:00:00,900.0,將軍澳旭輝臺 (屋苑外大閘),觀塘,22.3236958578369,114.254624759186,15:35:00,935.0,2025-10-03,2025-11-01,,,,True,35.0,0,1
SR3592,乘客1264,NWC,其他 / 特殊情況,訓練,12345,"['Mon', 'Tue', 'Wed', 'Thu', 'Fri']",藍田啟田道71號匡智中心,觀塘,22.3091606695934,114.234035937855,15:15:00,915.0,翠琳路景明苑曦景閣,觀塘,22.3235033703186,114.249316654484,15:30:00,930.0,2016-05-13,2022-08-01,,,2031-12-31,True,15.0,0,1
SR3592,乘客1265,NWC,其他 / 特殊情況,訓練,12345,"['Mon', 'Tue', 'Wed', 'Thu', 'Fri']",藍田啟田道71號匡智中心,觀塘,22.3091606695934,114.234035937855,15:15:00,915.0,維景灣畔1座,觀塘,22.3015786763492,114.253781351896,16:05:00,965.0,2020-03-26,2022-08-01,,,2031-12-31,True,50.0,0,1
SR3592,乘客1266,NWC,手動輪椅不可過椅,訓練,12345,"['Mon', 'Tue', 'Wed', 'Thu', 'Fri']",藍田啟田道71號匡智中心,觀塘,22.3091606695934,114.234035937855,15:15:00,915.0,將軍澳明德邨培成里(培成路右轉閘口迴旋處),觀塘,22.3165867821516,114.267844414555,15:50:00,950.0,2024-02-17,2024-03-01,,,,True,35.0,0,1
SR3592,乘客1267,WC,手杖,治療,124,"['Mon', 'Tue', 'Thu']",葵涌醫院 L 座,葵涌,22.3426114153952,114.133772940951,17:05:00,1025.0,葵涌大廈街大窩口體育館,葵涌,22.3697676789239,114.12507511142,17:30:00,1050.0,2024-09-15,2024-11-01,,,2026-10-03,True,25.0,1,0
SR3601,乘客1268,NWC,手杖,訓練,12345,"['Mon', 'Tue', 'Wed', 'Thu', 'Fri']",粉嶺馬適路3號綠悠軒(屋苑大門口的士站前後),北區,22.5014352051699,114.145042337482,07:35:00,455.0,馬鞍山恆安邨恆江樓救世軍工場,北區,22.4170196779085,114.229830151877,08:45:00,525.0,2022-02-08,2025-09-01,,,2032-12-31,True,70.0,0,1
SR3601,乘客1269,NWC,手杖,訓練,12345,"['Mon', 'Tue', 'Wed', 'Thu', 'Fri']",上水天平邨天怡樓(入閘),北區,22.5042557745893,114.13229999957,07:45:00,465.0,馬鞍山恆安邨恆江樓救世軍工場,北區,22.4170196779085,114.229830151877,08:45:00,525.0,2025-12-23,2026-03-01,,,,True,60.0,0,1
SR3601,乘客1270,NWC,手杖,訓練,12345,"['Mon', 'Tue', 'Wed', 'Thu', 'Fri']",上水彩園邨(入閘後靠左近路口),北區,22.5008649550067,114.127036834247,07:55:00,475.0,新翠邨新芳樓賽馬會匡智工場,北區,22.3712104827426,114.182084992603,09:00:00,540.0,2025-01-10,2025-03-01,,,,True,65.0,0,1
SR3601,乘客1271,NWC,其他 / 特殊情況,訓練,12345,"['Mon', 'Tue', 'Wed', 'Thu', 'Fri']",馬鞍山錦泰苑錦富閣,沙田,22.4092507598793,114.221388551529,08:25:00,505.0,禾輋邨民和樓香港耀能協會禾輋工場,沙田,22.3896818562553,114.195226190129,09:15:00,555.0,2021-04-16,2022-08-01,,,2031-12-31,True,50.0,0,1
SR3601,乘客1272,NWC,其他 / 特殊情況,訓練,12345,"['Mon', 'Tue', 'Wed', 'Thu', 'Fri']",馬鞍山沃泰街8號曉峰灣畔3座,沙田,22.4109600579526,114.222428316028,08:30:00,510.0,禾輋邨民和樓香港耀能協會禾輋工場,沙田,22.3896818562553,114.195226190129,09:15:00,555.0,2021-04-13,2022-08-01,,,2031-12-31,True,45.0,0,1
SR3601,乘客1273,NWC,不需輔助工具,訓練,12345,"['Mon', 'Tue', 'Wed', 'Thu', 'Fri']",馬鞍山錦豐苑A座,沙田,22.4238876323845,114.227018271971,08:40:00,520.0,禾輋邨民和樓香港耀能協會禾輋工場,沙田,22.3896818562553,114.195226190129,09:15:00,555.0,2023-02-09,2022-08-01,,,2033-12-31,True,35.0,0,1
SR3601,乘客1274,NWC,手動輪椅可以過椅,訓練,1245,"['Mon', 'Tue', 'Thu', 'Fri']",火炭麗坪路駿嶺薈2座,沙田,22.4125074681725,114.201299268307,09:30:00,570.0,沙田圓洲角路 春暉花園 (入停車場 靠左停),沙田,22.3810040787855,114.199015624027,09:45:00,585.0,2025-08-25,2025-12-01,,,,True,15.0,0,1
SR3601,乘客1274跟車,WC,,訓練,1245,"['Mon', 'Tue', 'Thu', 'Fri']",火炭麗坪路駿嶺薈2座,沙田,22.4125074681725,114.201299268307,09:30:00,570.0,沙田圓洲角路 春暉花園 (入停車場 靠左停),沙田,22.3810040787855,114.199015624027,09:45:00,585.0,2025-08-25,2025-12-01,,,,True,15.0,1,0
SR3602,乘客1275,NWC,手動輪椅可以過椅,訓練,1245,"['Mon', 'Tue', 'Thu', 'Fri']",沙田圓洲角路 春暉花園 (入停車場 靠左停),沙田,22.3810040787855,114.199015624027,15:40:00,940.0,火炭麗坪路駿嶺薈2座,沙田,22.4125074681725,114.201299268307,16:20:00,980.0,2025-08-25,2025-12-01,,,,True,40.0,0,1
SR3602,乘客1275跟車,WC,,訓練,1245,"['Mon', 'Tue', 'Thu', 'Fri']",沙田圓洲角路 春暉花園 (入停車場 靠左停),沙田,22.3810040787855,114.199015624027,15:40:00,940.0,火炭麗坪路駿嶺薈2座,沙田,22.4125074681725,114.201299268307,16:20:00,980.0,2025-08-25,2025-12-01,,,,True,40.0,1,0
SR3602,乘客1276,NWC,不需輔助工具,訓練,12345,"['Mon', 'Tue', 'Wed', 'Thu', 'Fri']",禾輋邨民和樓香港耀能協會禾輋工場,沙田,22.3896818562553,114.195226190129,15:50:00,950.0,馬鞍山錦豐苑A座,沙田,22.4238876323845,114.227018271971,16:05:00,965.0,2023-02-09,2022-08-01,,,2033-12-31,True,15.0,0,1
SR3602,乘客1277,NWC,其他 / 特殊情況,上學,1235,"['Mon', 'Tue', 'Wed', 'Fri']",禾輋邨豐禾里2號耀能協會高福耀學校,沙田,22.3880619400787,114.193646480171,16:35:00,995.0,梨木樹邨柏樹樓,沙田,22.378640475987,114.134634896694,17:15:00,1035.0,2025-04-14,2025-05-01,,,,True,40.0,0,1
SR3602,乘客1278,NWC,其他 / 特殊情況,上學,4,['Thu'],禾輋邨豐禾里2號耀能協會高福耀學校,沙田,22.3880619400787,114.193646480171,16:35:00,995.0,葵涌裕林工業大廈,沙田,22.3595446900631,114.131385028264,17:15:00,1035.0,2025-04-14,2025-05-01,,,,True,40.0,0,1
SR3611,乘客1279,NWC,白手杖,上學,12345,"['Mon', 'Tue', 'Wed', 'Thu', 'Fri']",石硤尾邨美盛樓(南昌街巴士站),深水埗,22.3333232283319,114.166788240568,07:00:00,420.0,薄扶林道131號（心光學校）,深水埗,22.2669638153015,114.131786989264,08:30:00,510.0,2012-06-13,2022-08-01,,,2026-12-31,True,90.0,0,1
SR3611,乘客1280,NWC,白手杖,上學,12345,"['Mon', 'Tue', 'Wed', 'Thu', 'Fri']",深水埗新高登電腦商場,深水埗,22.3328435258793,114.162503212468,07:05:00,425.0,薄扶林道131號（心光學校）,深水埗,22.2669638153015,114.131786989264,08:30:00,510.0,2025-07-10,2025-09-01,,,,True,85.0,0,1
SR3611,乘客1281,NWC,手動輪椅不可過椅,上學,12345,"['Mon', 'Tue', 'Wed', 'Thu', 'Fri']",長沙灣幸福邨福明樓,深水埗,22.3353362080761,114.154398987246,07:15:00,435.0,薄扶林道131號（心光恩望學校）,深水埗,22.2666677548545,114.132209053304,08:30:00,510.0,2021-07-21,2022-08-01,,,2031-12-31,True,75.0,0,1
SR3611,乘客1281跟車,WC,,上學,12345,"['Mon', 'Tue', 'Wed', 'Thu', 'Fri']",長沙灣幸福邨福明樓,深水埗,22.3353362080761,114.154398987246,07:15:00,435.0,薄扶林道131號（心光恩望學校）,深水埗,22.2666677548545,114.132209053304,08:30:00,510.0,2021-07-21,2022-08-01,,,2031-12-31,True,75.0,1,0
SR3611,乘客1282,NWC,白手杖,上學,12345,"['Mon', 'Tue', 'Wed', 'Thu', 'Fri']",富昌邨富韻樓,深水埗,22.3286268726475,114.155412822929,07:25:00,445.0,薄扶林道131號（心光學校）,深水埗,22.2669638153015,114.131786989264,08:30:00,510.0,2009-06-08,2022-08-01,,,2026-12-31,True,65.0,0,1
SR3611,乘客1283,NWC,白手杖,訓練,12345,"['Mon', 'Tue', 'Wed', 'Thu', 'Fri']",海達邨海盛樓,深水埗,22.3300038381758,114.150669901693,07:35:00,455.0,堅尼地道100號聖雅各賽馬會力行工場,深水埗,22.2726781131103,114.173695109941,09:35:00,575.0,2025-09-16,2025-11-01,,,,True,120.0,0,1
SR3611,乘客1283跟車,NWC,,訓練,12345,"['Mon', 'Tue', 'Wed', 'Thu', 'Fri']",海達邨海盛樓,深水埗,22.3300038381758,114.150669901693,07:35:00,455.0,堅尼地道100號聖雅各賽馬會力行工場,深水埗,22.2726781131103,114.173695109941,09:35:00,575.0,2025-09-16,2025-11-01,,,,True,120.0,0,1
SR3611,乘客1284,NWC,其他 / 特殊情況,上學,12345,"['Mon', 'Tue', 'Wed', 'Thu', 'Fri']",長沙灣荔盈街海盈邨盈昌樓,深水埗,22.3282556578082,114.148431965783,07:45:00,465.0,薄扶林道131號（心光學校）,深水埗,22.2669638153015,114.131786989264,08:30:00,510.0,2024-07-03,2024-09-01,,,,True,45.0,0,1
SR3611,乘客1285,NWC,手杖,訓練,12345,"['Mon', 'Tue', 'Wed', 'Thu', 'Fri']",西環龍華街觀龍樓B座,中西區,22.2801401261344,114.12822017433,08:45:00,525.0,堅尼地道100號聖雅各賽馬會力行工場,中西區,22.2726781131103,114.173695109941,09:35:00,575.0,2024-03-19,2024-05-01,,,,True,50.0,0,1
SR3611,乘客1286,NWC,其他 / 特殊情況,訓練,12345,"['Mon', 'Tue', 'Wed', 'Thu', 'Fri']",海怡半島海怡路3號3座海雅閣,南區,22.2446036627286,114.14783357395,09:10:00,550.0,堅尼地道100號聖雅各賽馬會力行工場,南區,22.2726781131103,114.173695109941,09:35:00,575.0,2018-01-10,2022-08-01,,,2028-12-31,True,25.0,0,1
SR3612,乘客1287,NWC,手動輪椅不可過椅,上學,12345,"['Mon', 'Tue', 'Wed', 'Thu', 'Fri']",薄扶林道131號（心光幼兒中心）,南區,22.2670041872954,114.1318223853,15:15:00,915.0,小西灣道28號藍灣半島(上落客區),南區,22.266181122715,114.250727998693,16:05:00,965.0,2017-08-22,2022-08-01,,,2026-12-31,True,50.0,0,1
SR3612,乘客1287跟車,WC,,上學,12345,"['Mon', 'Tue', 'Wed', 'Thu', 'Fri']",薄扶林道131號（心光幼兒中心）,南區,22.2670041872954,114.1318223853,15:15:00,915.0,小西灣道28號藍灣半島(上落客區),南區,22.266181122715,114.250727998693,16:05:00,965.0,2017-08-22,2022-08-01,,,2026-12-31,True,50.0,1,0
SR3612,乘客1288,NWC,手動輪椅不可過椅,上學,12345,"['Mon', 'Tue', 'Wed', 'Thu', 'Fri']",薄扶林道131號（心光幼兒中心）,南區,22.2670041872954,114.1318223853,15:15:00,915.0,柴灣新翠花園(吉勝街渣打銀行門口),南區,22.2643252873591,114.236903749227,16:20:00,980.0,2015-07-31,2022-08-01,,,2026-12-31,True,65.0,0,1
SR3612,乘客1288跟車,WC,,上學,12345,"['Mon', 'Tue', 'Wed', 'Thu', 'Fri']",薄扶林道131號（心光幼兒中心）,南區,22.2670041872954,114.1318223853,15:15:00,915.0,柴灣新翠花園(吉勝街渣打銀行門口),南區,22.2643252873591,114.236903749227,16:20:00,980.0,2015-07-31,2022-08-01,,,2026-12-31,True,65.0,1,0
SR3612,乘客1289,NWC,手動輪椅不可過椅,上學,12345,"['Mon', 'Tue', 'Wed', 'Thu', 'Fri']",薄扶林道131號（心光幼兒中心）,南區,22.2670041872954,114.1318223853,15:15:00,915.0,柴灣翠灣街18號已婚警察宿舍(入閘),南區,22.2667479543217,114.239851421194,16:15:00,975.0,2017-05-05,2022-08-01,,,2026-12-31,True,60.0,0,1
SR3612,乘客1289跟車,WC,,上學,12345,"['Mon', 'Tue', 'Wed', 'Thu', 'Fri']",薄扶林道131號（心光幼兒中心）,南區,22.2670041872954,114.1318223853,15:15:00,915.0,柴灣翠灣街18號已婚警察宿舍(入閘),南區,22.2667479543217,114.239851421194,16:15:00,975.0,2017-05-05,2022-08-01,,,2026-12-31,True,60.0,1,0
SR3612,乘客1290,NWC,其他 / 特殊情況;白手杖,上學,12345,"['Mon', 'Tue', 'Wed', 'Thu', 'Fri']",薄扶林道131號（心光幼兒中心）,南區,22.2670041872954,114.1318223853,15:15:00,915.0,小西灣道9號富欣花園(入閘),南區,22.2651761381424,114.249052537979,16:00:00,960.0,2015-08-11,2022-08-01,,,2026-12-31,True,45.0,0,1
SR3612,乘客1290跟車,NWC,,上學,12345,"['Mon', 'Tue', 'Wed', 'Thu', 'Fri']",薄扶林道131號（心光幼兒中心）,南區,22.2670041872954,114.1318223853,15:15:00,915.0,小西灣道9號富欣花園(入閘),南區,22.2651761381424,114.249052537979,16:00:00,960.0,2015-08-11,2022-08-01,,,2026-12-31,True,45.0,0,1
SR3612,乘客1291,NWC,白手杖,上學,12345,"['Mon', 'Tue', 'Wed', 'Thu', 'Fri']",薄扶林道131號（心光學校）,南區,22.2669638153015,114.131786989264,15:15:00,915.0,鰂魚涌康山花園5座,南區,22.2854744942671,114.216351379654,15:45:00,945.0,2016-06-21,2022-08-01,,,2030-12-31,True,30.0,0,1
SR3612,乘客1292,NWC,白手杖,上學,12345,"['Mon', 'Tue', 'Wed', 'Thu', 'Fri']",薄扶林道131號（心光幼兒中心）,南區,22.2670041872954,114.1318223853,15:15:00,915.0,鰂魚涌康山花園5座,南區,22.2854744942671,114.216351379654,15:45:00,945.0,2018-10-10,2022-08-01,,,2028-12-31,True,30.0,0,1
SR3612,乘客1293,NWC,白手杖,上學,12345,"['Mon', 'Tue', 'Wed', 'Thu', 'Fri']",薄扶林道131號（心光學校）,南區,22.2669638153015,114.131786989264,15:15:00,915.0,翠樂邨翠祿樓,南區,22.2676525469442,114.240518972325,16:10:00,970.0,2023-08-02,2024-03-01,,,,True,55.0,0,1
SR3612,乘客1294,NWC,其他 / 特殊情況,訓練,12345,"['Mon', 'Tue', 'Wed', 'Thu', 'Fri']",柴灣道233號新翠花園6座利民會工場,東區,22.2639833704893,114.236609807734,16:20:00,980.0,上環皇后街仁濟醫院晴晞閣(近高陞街口),東區,22.287070404981,114.146756509075,17:50:00,1070.0,2019-02-26,2022-08-01,,,2030-12-31,True,90.0,0,1
SR3612,乘客1295,NWC,電動輪椅;手杖;腳架,工作,12345,"['Mon', 'Tue', 'Wed', 'Thu', 'Fri']",柴灣環翠邨逸翠樓,東區,22.2615066267126,114.238012690715,16:30:00,990.0,黃竹坑業興街11號B座南匯廣場,東區,22.2492094157958,114.165024804836,17:20:00,1040.0,2025-09-10,2025-10-01,,,,True,50.0,0,1
SR3612,乘客1296,WC,手杖,工作,12345,"['Mon', 'Tue', 'Wed', 'Thu', 'Fri']",鰂魚涌太古城怡山閣,東區,22.2859346315712,114.218253044989,16:40:00,1000.0,黃竹坑業興街11號B座南匯廣場,東區,22.2492094157958,114.165024804836,17:20:00,1040.0,2022-02-08,2022-08-01,,,2032-12-31,True,40.0,1,0
SR3621,乘客1297,NWC,電動輪椅;手動輪椅不可過椅,工作,12345,"['Mon', 'Tue', 'Wed', 'Thu', 'Fri']",順利邨利康樓(順清街大排擋),觀塘,22.3305777389339,114.226217883922,06:50:00,410.0,大口環道15-17號紅十字會甘迺迪中心,觀塘,22.2709138981953,114.124416113912,07:45:00,465.0,2004-09-23,2022-08-01,,,2026-12-31,True,55.0,0,1
SR3621,乘客1298,WC,不需輔助工具,上學,12345,"['Mon', 'Tue', 'Wed', 'Thu', 'Fri']",西環皇后大道西新景樓,中西區,22.28635364155,114.133310380951,08:00:00,480.0,薄扶林道131號（心光恩望學校）（恩望平台）,中西區,22.2668421342708,114.132194278594,08:20:00,500.0,2025-07-16,2025-09-01,,,,True,20.0,1,0
SR3621,乘客1299,NWC,手動輪椅不可過椅,訓練,12345,"['Mon', 'Tue', 'Wed', 'Thu', 'Fri']",海怡半島怡南路28號28座御意居,南區,22.2429775054707,114.15054195526,08:50:00,530.0,高街2號西營盤社區大樓,南區,22.284941714479,114.144061584,09:30:00,570.0,2019-02-11,2022-08-01,,,2029-12-31,True,40.0,0,1
SR3621,乘客1299跟車,WC,,訓練,12345,"['Mon', 'Tue', 'Wed', 'Thu', 'Fri']",海怡半島怡南路28號28座御意居,南區,22.2429775054707,114.15054195526,08:50:00,530.0,高街2號西營盤社區大樓,南區,22.284941714479,114.144061584,09:30:00,570.0,2019-02-11,2022-08-01,,,2029-12-31,True,40.0,1,0
SR3621,乘客1299跟車,NWC,,訓練,12345,"['Mon', 'Tue', 'Wed', 'Thu', 'Fri']",海怡半島怡南路28號28座御意居,南區,22.2429775054707,114.15054195526,08:50:00,530.0,高街2號西營盤社區大樓,南區,22.284941714479,114.144061584,09:30:00,570.0,2019-02-11,2022-08-01,,,2029-12-31,True,40.0,0,1
SR3621,乘客1300,NWC,手動輪椅不可過椅,訓練,12345,"['Mon', 'Tue', 'Wed', 'Thu', 'Fri']",貝沙灣道38號南岸7座,南區,22.2562687285804,114.131820850708,09:05:00,545.0,高街2號西營盤社區大樓,南區,22.284941714479,114.144061584,09:30:00,570.0,2019-02-11,2022-08-01,,,2029-12-31,True,25.0,0,1
SR3621,乘客1300跟車,WC,,訓練,12345,"['Mon', 'Tue', 'Wed', 'Thu', 'Fri']",貝沙灣道38號南岸7座,南區,22.2562687285804,114.131820850708,09:05:00,545.0,高街2號西營盤社區大樓,南區,22.284941714479,114.144061584,09:30:00,570.0,2019-02-11,2022-08-01,,,2029-12-31,True,25.0,1,0
SR3621,乘客1300跟車,NWC,,訓練,12345,"['Mon', 'Tue', 'Wed', 'Thu', 'Fri']",貝沙灣道38號南岸7座,南區,22.2562687285804,114.131820850708,09:05:00,545.0,高街2號西營盤社區大樓,南區,22.284941714479,114.144061584,09:30:00,570.0,2019-02-11,2022-08-01,,,2029-12-31,True,25.0,0,1
SR3622,乘客1301,NWC,手動輪椅不可過椅,上學,12345,"['Mon', 'Tue', 'Wed', 'Thu', 'Fri']",安達臣道301號靈實恩光學校,將軍澳,22.3214554498288,114.244014640255,15:00:00,900.0,西半山列堤頓道48號俊傑花園,將軍澳,22.2836168526461,114.141688194702,16:50:00,1010.0,2021-03-02,2022-08-01,,,2031-12-31,True,110.0,0,1
SR3622,乘客1301跟車,WC,,上學,12345,"['Mon', 'Tue', 'Wed', 'Thu', 'Fri']",安達臣道301號靈實恩光學校,將軍澳,22.3214554498288,114.244014640255,15:00:00,900.0,西半山列堤頓道48號俊傑花園,將軍澳,22.2836168526461,114.141688194702,16:50:00,1010.0,2021-03-02,2022-08-01,,,2031-12-31,True,110.0,1,0
SR3622,乘客1302,NWC,嬰兒手推車型輪椅,上學,12345,"['Mon', 'Tue', 'Wed', 'Thu', 'Fri']",安達臣道301號靈實恩光學校,將軍澳,22.3214554498288,114.244014640255,15:00:00,900.0,北角寶馬山道賽西湖大廈5座,將軍澳,22.2860196043488,114.202130177607,16:20:00,980.0,2021-07-19,2022-08-01,,,2031-12-31,True,80.0,0,1
SR3622,乘客1302跟車,WC,,上學,12345,"['Mon', 'Tue', 'Wed', 'Thu', 'Fri']",安達臣道301號靈實恩光學校,將軍澳,22.3214554498288,114.244014640255,15:00:00,900.0,北角寶馬山道賽西湖大廈5座,將軍澳,22.2860196043488,114.202130177607,16:20:00,980.0,2021-07-19,2022-08-01,,,2031-12-31,True,80.0,1,0
SR3622,乘客1302跟車,NWC,,上學,12345,"['Mon', 'Tue', 'Wed', 'Thu', 'Fri']",安達臣道301號靈實恩光學校,將軍澳,22.3214554498288,114.244014640255,15:00:00,900.0,北角寶馬山道賽西湖大廈5座,將軍澳,22.2860196043488,114.202130177607,16:20:00,980.0,2021-07-19,2022-08-01,,,2031-12-31,True,80.0,0,1
SR3622,乘客1303,NWC,嬰兒手推車型輪椅,上學,12345,"['Mon', 'Tue', 'Wed', 'Thu', 'Fri']",安達臣道301號靈實恩光學校,將軍澳,22.3214554498288,114.244014640255,15:00:00,900.0,藍田鯉魚門道鯉安苑B座鯉逸閣,將軍澳,22.3092364071661,114.232129293711,15:25:00,925.0,2023-07-21,2025-09-01,,,,True,25.0,0,1
SR3622,乘客1303跟車,WC,,上學,12345,"['Mon', 'Tue', 'Wed', 'Thu', 'Fri']",安達臣道301號靈實恩光學校,將軍澳,22.3214554498288,114.244014640255,15:00:00,900.0,藍田鯉魚門道鯉安苑B座鯉逸閣,將軍澳,22.3092364071661,114.232129293711,15:25:00,925.0,2023-07-21,2025-09-01,,,,True,25.0,1,0
SR3622,乘客1304,NWC,電動輪椅;手動輪椅不可過椅,工作,12345,"['Mon', 'Tue', 'Wed', 'Thu', 'Fri']",大口環道15-17號紅十字會甘迺迪中心 (轉入後巷近郵筒),南區,22.2710902993524,114.124089224094,17:15:00,1035.0,順利邨(利安道巴士總站),南區,22.3314049607602,114.226449019406,18:10:00,1090.0,2004-09-23,2022-08-01,,,2026-12-31,True,55.0,0,1
SR3622,乘客1305,WC,手杖,工作,12345,"['Mon', 'Tue', 'Wed', 'Thu', 'Fri']",金鐘道38號高等法院大樓,中西區,22.2785227139399,114.163339395588,17:40:00,1060.0,和康徑1號秀茂坪紀律部隊宿舍(停車場),中西區,22.32125822581,114.224751426546,18:15:00,1095.0,2012-06-19,2022-08-01,,,2030-12-31,True,35.0,1,0
SR3626,乘客1306,NWC,電動輪椅,工作,6,['Sat'],馬鞍山海柏花園(的士站),沙田,22.425840317323,114.230922450144,07:00:00,420.0,藍田復康徑7號藍田綜合中心,沙田,22.3080382817291,114.23042037906,08:00:00,480.0,2009-05-22,2024-03-01,,,2029-12-31,True,60.0,0,1
SR3626,乘客1307,WC,電動輪椅,工作,6,['Sat'],橫頭磡東道 (近福德祠),黃大仙,22.3414491205266,114.188319509883,07:30:00,450.0,藍田復康徑7號藍田綜合中心,黃大仙,22.3080382817291,114.23042037906,08:00:00,480.0,2024-02-22,2024-03-01,,,,True,30.0,1,0
SR3626,乘客1308,WC,電動輪椅,工作,6,['Sat'],藍田平田邨平誠樓(消防閘口_落雨入閘上平台),觀塘,22.3059561110006,114.236637897371,07:45:00,465.0,藍田復康徑7號藍田綜合中心,觀塘,22.3080382817291,114.23042037906,08:00:00,480.0,2023-08-02,2025-09-01,,,,True,15.0,1,0
SR3626,乘客1309,WC,手動輪椅可以過椅,訓練,6,['Sat'],藍田麗港城17座,觀塘,22.3060526478251,114.227382401327,08:10:00,490.0,九龍灣臨華街南豐商業中心  (停車場出入口),觀塘,22.3228937737599,114.207553513947,08:25:00,505.0,2025-07-31,2026-02-01,,,,True,15.0,1,0
SR3626,乘客1310,WC,手杖,訓練,6,['Sat'],沙田廣林苑興林閣,沙田,22.3799712004971,114.216744019643,08:50:00,530.0,馬鞍山恆安邨恆江樓救世軍工場,沙田,22.4170196779085,114.229830151877,09:05:00,545.0,2025-02-06,2025-03-01,,,,True,15.0,1,0
SR3627,乘客1311,NWC,手杖,工作,6,['Sat'],藍田復康徑7號藍田綜合中心,觀塘,22.3080382817291,114.23042037906,12:05:00,725.0,橫頭磡東道 (近福德祠),觀塘,22.3414491205266,114.188319509883,12:30:00,750.0,2021-07-07,2022-08-01,,,2033-12-31,True,25.0,0,1
SR3627,乘客1312,NWC,手動輪椅可以過椅,工作,6,['Sat'],藍田復康徑7號藍田綜合中心,觀塘,22.3080382817291,114.23042037906,12:05:00,725.0,筲箕灣東欣苑歡欣閣,觀塘,22.2806185521272,114.221410046412,12:55:00,775.0,2003-01-02,2022-08-01,,,2026-12-31,True,50.0,0,1
SR3627,乘客1313,WC,電動輪椅,工作,6,['Sat'],藍田復康徑7號藍田綜合中心,觀塘,22.3080382817291,114.23042037906,12:05:00,725.0,橫頭磡東道 (近福德祠),觀塘,22.3414491205266,114.188319509883,12:30:00,750.0,2024-02-22,2024-03-01,,,,True,25.0,1,0
SR3627,乘客1314,WC,電動輪椅,工作,6,['Sat'],藍田復康徑7號藍田綜合中心,觀塘,22.3080382817291,114.23042037906,14:30:00,870.0,馬鞍山海柏花園(的士站),觀塘,22.425840317323,114.230922450144,15:10:00,910.0,2009-05-22,2024-03-01,,,2029-12-31,True,40.0,1,0
SR3627,乘客1315,WC,手動輪椅可以過椅,訓練,6,['Sat'],香港沙田圓洲角路13號A,沙田,22.3809449,114.1993671,15:30:00,930.0,屯門景新徑景新臺 上落客區,屯門,22.402569603221,113.981056748334,16:15:00,975.0,2025-10-09,2026-02-01,,,,True,45.0,1,0
SR3627,乘客1315跟車,WC,,訓練,6,['Sat'],香港沙田圓洲角路13號A,沙田,22.3809449,114.1993671,15:30:00,930.0,屯門景新徑景新臺 上落客區,屯門,22.402569603221,113.981056748334,16:15:00,975.0,2025-10-09,2026-02-01,,,,True,45.0,1,0
SR3631,乘客1316,NWC,手杖,工作,12345,"['Mon', 'Tue', 'Wed', 'Thu', 'Fri']","翠屏北邨翠柳樓 (翠屏南邨入閘, 後門近垃圾房)",觀塘,22.3138744465184,114.230185396641,07:00:00,420.0,將軍澳工業邨駿才街77號電視廣播城,觀塘,22.2797778042291,114.272310207271,07:45:00,465.0,2022-12-20,2022-08-01,,,2033-12-31,True,45.0,0,1
SR3631,乘客1317,NWC,手杖,工作,12345,"['Mon', 'Tue', 'Wed', 'Thu', 'Fri']",秀茂坪邨秀緻樓,觀塘,22.318255464126,114.233650353792,07:15:00,435.0,將軍澳工業邨駿昌街2號,觀塘,22.2903968695698,114.271658948955,07:40:00,460.0,2015-11-12,2022-08-01,,,2030-12-31,True,25.0,0,1
SR3631,乘客1318,NWC,其他 / 特殊情況,工作,12345,"['Mon', 'Tue', 'Wed', 'Thu', 'Fri']",將軍澳日出康城9期OCEAN MARINI,將軍澳,22.2946178139022,114.268729771367,07:55:00,475.0,北角渣華道363號中華煤氣有限公司(1樓停車場),將軍澳,22.2914056880494,114.209540839376,08:25:00,505.0,2018-01-23,2022-08-01,,,2032-12-31,True,30.0,0,1
SR3631,乘客1319,NWC,電動輪椅,工作,12345,"['Mon', 'Tue', 'Wed', 'Thu', 'Fri']",將軍澳日出康城9期OCEAN MARINI,將軍澳,22.2946178139022,114.268729771367,07:55:00,475.0,北角渣華道333號政府合署,將軍澳,22.2921624228687,114.208256882562,08:20:00,500.0,2023-12-21,2024-04-01,,,,True,25.0,0,1
SR3631,乘客1320,WC,其他 / 特殊情況,訓練,12345,"['Mon', 'Tue', 'Wed', 'Thu', 'Fri']",小西灣道富怡花園(中國銀行),東區,22.2628694386581,114.250101365913,08:50:00,530.0,堅尼地道100號聖雅各賽馬會力行工場,東區,22.2726781131103,114.173695109941,10:20:00,620.0,2023-11-29,2024-03-01,,,,True,90.0,1,0
SR3631,乘客1321,NWC,其他 / 特殊情況,訓練,12345,"['Mon', 'Tue', 'Wed', 'Thu', 'Fri']",香港銅鑼灣堅拿道東35號,灣仔,22.2769997345574,114.181036350106,09:00:00,540.0,堅尼地道100號聖雅各賽馬會力行工場,灣仔,22.2726781131103,114.173695109941,10:20:00,620.0,2025-08-07,2025-09-01,,,,True,80.0,0,1
SR3631,乘客1322,NWC,手杖,訓練,2345,"['Tue', 'Wed', 'Thu', 'Fri']",皇后大道東右轉入李節街李節花園聖雅各,灣仔,22.2771460264845,114.169487546411,09:55:00,595.0,堅尼地道100號聖雅各賽馬會力行工場,灣仔,22.2726781131103,114.173695109941,10:20:00,620.0,2023-07-28,2023-08-01,,,,True,25.0,0,1
SR3631,乘客1323,NWC,手杖,訓練,12345,"['Mon', 'Tue', 'Wed', 'Thu', 'Fri']",皇后大道東右轉入李節街李節花園聖雅各,灣仔,22.2771460264845,114.169487546411,09:55:00,595.0,堅尼地道100號聖雅各賽馬會力行工場,灣仔,22.2726781131103,114.173695109941,10:20:00,620.0,2023-07-28,2023-08-01,,,,True,25.0,0,1
SR3631,乘客1324,NWC,不需輔助工具,訓練,12345,"['Mon', 'Tue', 'Wed', 'Thu', 'Fri']",香港灣仔李節街1號李節花園,灣仔,22.2770182397718,114.169638055483,09:55:00,595.0,堅尼地道100號聖雅各賽馬會力行工場,灣仔,22.2726781131103,114.173695109941,10:20:00,620.0,2024-04-11,2024-06-01,,,,True,25.0,0,1
SR3631,乘客1325,NWC,不需輔助工具,訓練,12345,"['Mon', 'Tue', 'Wed', 'Thu', 'Fri']",皇后大道東右轉入李節街李節花園聖雅各,灣仔,22.2771460264845,114.169487546411,09:55:00,595.0,堅尼地道100號聖雅各賽馬會力行工場,灣仔,22.2726781131103,114.173695109941,10:20:00,620.0,2025-06-26,2025-08-01,,,,True,25.0,0,1
SR3631,乘客1326,NWC,手杖,訓練,12345,"['Mon', 'Tue', 'Wed', 'Thu', 'Fri']",皇后大道東右轉入李節街李節花園聖雅各,灣仔,22.2771460264845,114.169487546411,09:55:00,595.0,堅尼地道100號聖雅各賽馬會力行工場,灣仔,22.2726781131103,114.173695109941,10:20:00,620.0,2025-11-03,2025-12-01,,,,True,25.0,0,1
SR3632,乘客1327,NWC,其他 / 特殊情況,上學,12345,"['Mon', 'Tue', 'Wed', 'Thu', 'Fri']",安達臣道301號靈實恩光學校,將軍澳,22.3214554498288,114.244014640255,15:00:00,900.0,何文田邨適文樓,將軍澳,22.3147113505901,114.183016237532,16:00:00,960.0,2024-08-20,2024-10-01,,,,True,60.0,0,1
SR3632,乘客1327跟車,NWC,,上學,12345,"['Mon', 'Tue', 'Wed', 'Thu', 'Fri']",安達臣道301號靈實恩光學校,將軍澳,22.3214554498288,114.244014640255,15:00:00,900.0,何文田邨適文樓,將軍澳,22.3147113505901,114.183016237532,16:00:00,960.0,2024-08-20,2024-10-01,,,,True,60.0,0,1
SR3632,乘客1328,NWC,嬰兒手推車型輪椅,上學,12345,"['Mon', 'Tue', 'Wed', 'Thu', 'Fri']",安達臣道301號靈實恩光學校,將軍澳,22.3214554498288,114.244014640255,15:00:00,900.0,何文田忠孝街欣圖軒 (近巴士站),將軍澳,22.3158267120949,114.180440519236,15:50:00,950.0,2019-07-10,2022-08-01,,,2033-12-31,True,50.0,0,1
SR3632,乘客1328跟車,WC,,上學,12345,"['Mon', 'Tue', 'Wed', 'Thu', 'Fri']",安達臣道301號靈實恩光學校,將軍澳,22.3214554498288,114.244014640255,15:00:00,900.0,何文田忠孝街欣圖軒 (近巴士站),將軍澳,22.3158267120949,114.180440519236,15:50:00,950.0,2019-07-10,2022-08-01,,,2033-12-31,True,50.0,1,0
SR3632,乘客1329,NWC,嬰兒手推車型輪椅,上學,12345,"['Mon', 'Tue', 'Wed', 'Thu', 'Fri']",安達臣道301號靈實恩光學校,將軍澳,22.3214554498288,114.244014640255,15:00:00,900.0,黃埔花園第四期(德豐街享膳坊近停車場出口),將軍澳,22.3030860216773,114.190345455632,16:15:00,975.0,2025-07-14,2025-09-01,,,,True,75.0,0,1
SR3632,乘客1329跟車,WC,,上學,12345,"['Mon', 'Tue', 'Wed', 'Thu', 'Fri']",安達臣道301號靈實恩光學校,將軍澳,22.3214554498288,114.244014640255,15:00:00,900.0,黃埔花園第四期(德豐街享膳坊近停車場出口),將軍澳,22.3030860216773,114.190345455632,16:15:00,975.0,2025-07-14,2025-09-01,,,,True,75.0,1,0
SR3632,乘客1330,NWC,其他 / 特殊情況,訓練,12345,"['Mon', 'Tue', 'Wed', 'Thu', 'Fri']",油麻地澄平街4號駿發花園2期3座心理衛生會展能中心,油尖旺,22.3106964858711,114.167869040316,16:30:00,990.0,黃埔花園聚寶坊 德安街避車處,油尖旺,22.3051174967084,114.189427834015,17:10:00,1030.0,2025-10-09,2025-11-01,,,,True,40.0,0,1
SR3632,乘客1331,NWC,不需輔助工具,訓練,12345,"['Mon', 'Tue', 'Wed', 'Thu', 'Fri']",油麻地澄平街4號駿發花園2期3座心理衛生會展能中心,油尖旺,22.3106964858711,114.167869040316,16:30:00,990.0,紅磡紅樂道9號善匯,油尖旺,22.3025575978074,114.185477210195,17:00:00,1020.0,2025-02-18,2025-04-01,,,,True,30.0,0,1
SR3632,乘客1332,NWC,其他 / 特殊情況,訓練,12345,"['Mon', 'Tue', 'Wed', 'Thu', 'Fri']",油麻地澄平街4號駿發花園2期3座心理衛生會展能中心,油尖旺,22.3106964858711,114.167869040316,16:30:00,990.0,牛頭角彩興路簡約公屋,油尖旺,22.3313784058777,114.216885780353,17:50:00,1070.0,2025-09-15,2025-11-01,,,,True,80.0,0,1
SR3632,乘客1333,NWC,其他 / 特殊情況,訓練,12345,"['Mon', 'Tue', 'Wed', 'Thu', 'Fri']",油麻地石壁道4號明愛油麻地服務中心,油尖旺,22.3107804793595,114.17171875273,16:40:00,1000.0,樂富邨樂民樓(入閘),油尖旺,22.3365780162184,114.186826610026,17:30:00,1050.0,2022-05-18,2022-08-01,,,2032-12-31,True,50.0,0,1
SR3641,乘客1334,NWC,電動輪椅;手動輪椅可以過椅;手推架,工作,12345,"['Mon', 'Tue', 'Wed', 'Thu', 'Fri']",青衣盈翠半島6座,青衣,22.3584184705161,114.107339231196,07:25:00,445.0,皇后大道東213號胡忠大廈(近巴士站),青衣,22.2745570577857,114.172685946737,08:35:00,515.0,2026-01-20,2026-03-01,,,,True,70.0,0,1
SR3641,乘客1335,WC,電動輪椅;手動輪椅可以過椅;手推架,工作,12345,"['Mon', 'Tue', 'Wed', 'Thu', 'Fri']",青衣盈翠半島6座,青衣,22.3584184705161,114.107339231196,07:25:00,445.0,皇后大道東213號胡忠大廈(近巴士站),青衣,22.2745570577857,114.172685946737,08:35:00,515.0,2026-01-20,2026-03-01,,,,True,70.0,1,0
SR3641,乘客1335跟車,WC,,工作,12345,"['Mon', 'Tue', 'Wed', 'Thu', 'Fri']",青衣盈翠半島6座,青衣,22.3584184705161,114.107339231196,07:25:00,445.0,皇后大道東213號胡忠大廈(近巴士站),青衣,22.2745570577857,114.172685946737,08:35:00,515.0,2026-01-20,2026-03-01,,,,True,70.0,1,0
SR3641,乘客1336,NWC,其他 / 特殊情況,訓練,12345,"['Mon', 'Tue', 'Wed', 'Thu', 'Fri']",彩虹道啟德花園(對出近巴士站),黃大仙,22.3376641035422,114.195084521333,08:00:00,480.0,上環必列者士街51號中華基督教必愛之家工場,黃大仙,22.2838776695374,114.149481556306,09:30:00,570.0,2005-03-14,2022-08-01,,,2026-12-31,True,90.0,0,1
SR3641,乘客1337,NWC,其他 / 特殊情況,訓練,12345,"['Mon', 'Tue', 'Wed', 'Thu', 'Fri']",大王東街7-11號銳興樓,灣仔,22.2758666312116,114.171054887366,08:40:00,520.0,上環必列者士街51號中華基督教必愛之家工場,灣仔,22.2838776695374,114.149481556306,09:30:00,570.0,2018-03-24,2022-08-01,,,2028-12-31,True,50.0,0,1
SR3641,乘客1338,NWC,電動輪椅;手杖,訓練,12345,"['Mon', 'Tue', 'Wed', 'Thu', 'Fri']",中環5號碼頭,中西區,22.2874496109085,114.15931444686,08:55:00,535.0,上環必列者士街51號中華基督教必愛之家工場,中西區,22.2838776695374,114.149481556306,09:30:00,570.0,2025-03-11,2025-05-01,,,,True,35.0,0,1
SR3642,乘客1339,WC,手動輪椅不可過椅,上學,12345,"['Mon', 'Tue', 'Wed', 'Thu', 'Fri']",薄扶林道131號（心光恩望學校）,南區,22.2666677548545,114.132209053304,15:15:00,915.0,貝沙灣4期2座,南區,22.2530911185566,114.132804755629,15:40:00,940.0,2025-07-08,2025-09-01,,,,True,25.0,1,0
SR3642,乘客1339跟車,WC,,上學,12345,"['Mon', 'Tue', 'Wed', 'Thu', 'Fri']",薄扶林道131號（心光恩望學校）,南區,22.2666677548545,114.132209053304,15:15:00,915.0,貝沙灣4期2座,南區,22.2530911185566,114.132804755629,15:40:00,940.0,2025-07-08,2025-09-01,,,,True,25.0,1,0
SR3642,乘客1340,NWC,嬰兒手推車型輪椅,上學,12345,"['Mon', 'Tue', 'Wed', 'Thu', 'Fri']",薄扶林道131號（心光恩望學校）,南區,22.2666677548545,114.132209053304,15:15:00,915.0,上碧瑤灣(的士站),南區,22.2619744666652,114.134207717928,15:35:00,935.0,2023-08-07,2024-03-01,,,,True,20.0,0,1
SR3642,乘客1340跟車,WC,,上學,12345,"['Mon', 'Tue', 'Wed', 'Thu', 'Fri']",薄扶林道131號（心光恩望學校）,南區,22.2666677548545,114.132209053304,15:15:00,915.0,上碧瑤灣(的士站),南區,22.2619744666652,114.134207717928,15:35:00,935.0,2023-08-07,2024-03-01,,,,True,20.0,1,0
SR3642,乘客1341,NWC,手動輪椅不可過椅,上學,12345,"['Mon', 'Tue', 'Wed', 'Thu', 'Fri']",薄扶林道131號（心光恩望學校）,南區,22.2666677548545,114.132209053304,15:15:00,915.0,碧瑤灣28座(下碧瑤灣),南區,22.2623615836796,114.13191271545,15:30:00,930.0,2023-08-07,2024-03-01,,,,True,15.0,0,1
SR3642,乘客1341跟車,WC,,上學,12345,"['Mon', 'Tue', 'Wed', 'Thu', 'Fri']",薄扶林道131號（心光恩望學校）,南區,22.2666677548545,114.132209053304,15:15:00,915.0,碧瑤灣28座(下碧瑤灣),南區,22.2623615836796,114.13191271545,15:30:00,930.0,2023-08-07,2024-03-01,,,,True,15.0,1,0
SR3642,乘客1342,NWC,不需輔助工具,上學,12345,"['Mon', 'Tue', 'Wed', 'Thu', 'Fri']",薄扶林道131號（心光幼兒中心）,南區,22.2670041872954,114.1318223853,15:15:00,915.0,柯士甸道西1號漾日居1座(卸貨區),南區,22.3045184213848,114.162850057523,16:25:00,985.0,2024-12-06,2025-01-01,,,,True,70.0,0,1
SR3642,乘客1342跟車,NWC,,上學,12345,"['Mon', 'Tue', 'Wed', 'Thu', 'Fri']",薄扶林道131號（心光幼兒中心）,南區,22.2670041872954,114.1318223853,15:15:00,915.0,柯士甸道西1號漾日居1座(卸貨區),南區,22.3045184213848,114.162850057523,16:25:00,985.0,2024-12-06,2025-01-01,,,,True,70.0,0,1
SR3642,乘客1343,NWC,其他 / 特殊情況,上學,12345,"['Mon', 'Tue', 'Wed', 'Thu', 'Fri']",大口環道15-17號紅十字會甘迺迪中心,南區,22.2709138981953,114.124416113912,15:55:00,955.0,唐俊街21號海翩匯2座,南區,22.3035380390294,114.262554988884,17:30:00,1050.0,2024-12-02,2025-01-01,,,,True,95.0,0,1
SR3642,乘客1344,NWC,手動輪椅不可過椅,上學,12345,"['Mon', 'Tue', 'Wed', 'Thu', 'Fri']",大口環道15-17號紅十字會甘迺迪中心,南區,22.2709138981953,114.124416113912,15:55:00,955.0,紅磡邨紅暉樓(迴旋處),南區,22.3075321851671,114.188650986292,16:50:00,1010.0,2013-04-08,2022-08-01,,,2026-12-31,True,55.0,0,1
SR3642,乘客1345,WC,手動輪椅不可過椅,上學,12345,"['Mon', 'Tue', 'Wed', 'Thu', 'Fri']",大口環道15-17號紅十字會甘迺迪中心,南區,22.2709138981953,114.124416113912,15:55:00,955.0,油麻地彌敦道440號澤豐大廈,南區,22.3099329297741,114.171407892393,16:40:00,1000.0,2011-07-18,2022-08-01,,,2026-12-31,True,45.0,1,0
SR3642,乘客1346,WC,手動輪椅不可過椅,上學,12345,"['Mon', 'Tue', 'Wed', 'Thu', 'Fri']",大口環道15-17號紅十字會甘迺迪中心,南區,22.2709138981953,114.124416113912,15:55:00,955.0,柯士甸道西1號漾日居1座(卸貨區),南區,22.3045184213848,114.162850057523,16:25:00,985.0,2024-01-15,2024-03-01,,,2032-12-31,True,30.0,1,0
SR3642,乘客1347,WC,手動輪椅不可過椅;氧氣機,上學,12345,"['Mon', 'Tue', 'Wed', 'Thu', 'Fri']",大口環道15-17號紅十字會甘迺迪中心,南區,22.2709138981953,114.124416113912,15:55:00,955.0,牛頭角彩興路簡約公屋,南區,22.3313784058777,114.216885780353,17:10:00,1030.0,2025-07-21,2025-09-01,,,,True,75.0,1,0
SR3642,乘客1347跟車,WC,,上學,12345,"['Mon', 'Tue', 'Wed', 'Thu', 'Fri']",大口環道15-17號紅十字會甘迺迪中心,南區,22.2709138981953,114.124416113912,15:55:00,955.0,牛頭角彩興路簡約公屋,南區,22.3313784058777,114.216885780353,17:10:00,1030.0,2025-07-21,2025-09-01,,,,True,75.0,1,0
SR3642,乘客1348,NWC,手動輪椅可以過椅,上學,12345,"['Mon', 'Tue', 'Wed', 'Thu', 'Fri']",大口環道15-17號紅十字會甘迺迪中心,南區,22.2709138981953,114.124416113912,15:55:00,955.0,唐德街9號將軍澳中心 (B1停車場玻璃門 ),南區,22.3075084999944,114.257058357919,17:40:00,1060.0,2023-03-31,2022-08-01,,,2033-12-31,True,105.0,0,1
SR3651,乘客1349,WC,電動輪椅;手杖,工作,12345,"['Mon', 'Tue', 'Wed', 'Thu', 'Fri']",錦暉花園(閘口),屯門,22.3835287734673,113.981432719376,07:00:00,420.0,香港長沙灣英華街,屯門,22.3302952,114.1531322,07:50:00,470.0,2025-10-02,2025-12-01,,,,True,50.0,1,0
SR3651,乘客1350,WC,手杖,工作,12345,"['Mon', 'Tue', 'Wed', 'Thu', 'Fri']",屯門三聖邨滿漁樓,屯門,22.3811384882752,113.978774554149,07:10:00,430.0,旺角彌敦道700號,屯門,22.3205568040486,114.16952849792,08:15:00,495.0,2025-03-25,2025-06-01,,,,True,65.0,1,0
SR3651,乘客1351,NWC,電動輪椅,工作,12345,"['Mon', 'Tue', 'Wed', 'Thu', 'Fri']",富昌邨富悅樓,深水埗,22.3276573591696,114.155516546934,08:00:00,480.0,旺角太子道西193號新世紀廣場（上落客區）,深水埗,22.3232733927233,114.172197475126,08:35:00,515.0,2026-01-09,2026-02-01,,,,True,35.0,0,1
SR3651,乘客1352,WC,手杖,訓練,12345,"['Mon', 'Tue', 'Wed', 'Thu', 'Fri']",旺角彌敦道636號銀行中心,油尖旺,22.3184906702207,114.169907594104,08:20:00,500.0,紅磡黃埔花園明愛樂然展能中心(德定街小巴總站),油尖旺,22.3047972623069,114.190699873669,09:50:00,590.0,2022-07-05,2022-08-01,,,2032-12-31,True,90.0,1,0
SR3651,乘客1353,NWC,其他 / 特殊情況,訓練,12345,"['Mon', 'Tue', 'Wed', 'Thu', 'Fri']",土瓜灣美善同道59號(近小巴站),九龍城,22.3181116605521,114.187063107861,09:15:00,555.0,紅磡黃埔花園明愛樂然展能中心(德定街小巴總站),九龍城,22.3047972623069,114.190699873669,09:50:00,590.0,2016-05-28,2022-08-01,,,2026-12-31,True,35.0,0,1
SR3651,乘客1354,NWC,手動輪椅不可過椅,訓練,12345,"['Mon', 'Tue', 'Wed', 'Thu', 'Fri']",紅磡機利士南路63號合義樓(近巴士站),九龍城,22.3075833907925,114.184791042927,09:35:00,575.0,紅磡黃埔花園明愛樂然展能中心(德定街小巴總站),九龍城,22.3047972623069,114.190699873669,09:50:00,590.0,2021-01-15,2022-08-01,,,2031-12-31,True,15.0,0,1
SR3652,乘客1355,WC,手杖,訓練,12345,"['Mon', 'Tue', 'Wed', 'Thu', 'Fri']",荔枝嶺路31號明愛賽馬會荔景中心,葵涌,22.3457368930055,114.131738690038,15:15:00,915.0,柴灣樂民道3號東區醫院(樂民居),葵涌,22.2696275404898,114.237712024744,16:25:00,985.0,2024-08-19,2024-09-01,,,,True,70.0,1,0
SR3652,乘客1356,NWC,電動輪椅,訓練,234,"['Tue', 'Wed', 'Thu']",安秀道23號安泰邨服務設施大樓,觀塘,22.3252464981736,114.231040191223,15:55:00,955.0,筲箕灣東濤苑旭濤閣,觀塘,22.2818624909702,114.225406332319,16:15:00,975.0,2024-04-23,2024-06-01,,,,True,20.0,0,1
SR3652,乘客1357,WC,電動輪椅,工作,12345,"['Mon', 'Tue', 'Wed', 'Thu', 'Fri']",柴灣樂民道3號東區尤德醫院,東區,22.2699444319143,114.236386074952,17:30:00,1050.0,天馬苑駿康閣(入閘),東區,22.3434583555233,114.187323972103,18:30:00,1110.0,2016-05-13,2022-08-01,,,2026-12-31,True,60.0,1,0
SR3652,乘客1358,WC,電動輪椅;手動輪椅可以過椅,工作,12345,"['Mon', 'Tue', 'Wed', 'Thu', 'Fri']",鰂魚涌太古灣道14號太古城中心3期,東區,22.2874390591811,114.217018045208,17:55:00,1075.0,藍田麗港城34座,東區,22.3051430444972,114.228625766255,19:00:00,1140.0,2023-09-12,2024-04-01,,,,True,65.0,1,0
SR3652,乘客1358跟車,WC,,工作,12345,"['Mon', 'Tue', 'Wed', 'Thu', 'Fri']",鰂魚涌太古灣道14號太古城中心3期,東區,22.2874390591811,114.217018045208,17:55:00,1075.0,藍田麗港城34座,東區,22.3051430444972,114.228625766255,19:00:00,1140.0,2023-09-12,2024-04-01,,,,True,65.0,1,0
SR3661,乘客1359,NWC,手動輪椅不可過椅;氧氣機,上學,12345,"['Mon', 'Tue', 'Wed', 'Thu', 'Fri']",牛頭角彩興路簡約公屋,觀塘,22.3313784058777,114.216885780353,07:00:00,420.0,大口環道15-17號紅十字會甘迺迪中心,觀塘,22.2709138981953,114.124416113912,08:35:00,515.0,2025-07-21,2025-09-01,,,,True,95.0,0,1
SR3661,乘客1359跟車,WC,,上學,12345,"['Mon', 'Tue', 'Wed', 'Thu', 'Fri']",牛頭角彩興路簡約公屋,觀塘,22.3313784058777,114.216885780353,07:00:00,420.0,大口環道15-17號紅十字會甘迺迪中心,觀塘,22.2709138981953,114.124416113912,08:35:00,515.0,2025-07-21,2025-09-01,,,,True,95.0,1,0
SR3661,乘客1360,NWC,手動輪椅不可過椅,上學,12345,"['Mon', 'Tue', 'Wed', 'Thu', 'Fri']",油麻地彌敦道440號澤豐大廈,油尖旺,22.3099329297741,114.171407892393,07:25:00,445.0,大口環道15-17號紅十字會甘迺迪中心,油尖旺,22.2709138981953,114.124416113912,08:35:00,515.0,2011-07-18,2022-08-01,,,2026-12-31,True,70.0,0,1
SR3661,乘客1361,WC,手動輪椅不可過椅,上學,12345,"['Mon', 'Tue', 'Wed', 'Thu', 'Fri']",紅磡邨紅暉樓(迴旋處),九龍城,22.3075321851671,114.188650986292,07:35:00,455.0,大口環道15-17號紅十字會甘迺迪中心,九龍城,22.2709138981953,114.124416113912,08:35:00,515.0,2013-04-08,2022-08-01,,,2026-12-31,True,60.0,1,0
SR3661,乘客1362,WC,其他 / 特殊情況,訓練,12345,"['Mon', 'Tue', 'Wed', 'Thu', 'Fri']",上環皇后大道中268號荷李活華庭,中西區,22.284240408049,114.151163320225,08:10:00,490.0,薄扶林道147號(展亮技能發展中心),中西區,22.2602417730119,114.135957550651,09:10:00,550.0,2020-12-09,2022-08-01,,,2031-12-31,True,60.0,1,0
SR3661,乘客1362跟車,NWC,,訓練,12345,"['Mon', 'Tue', 'Wed', 'Thu', 'Fri']",上環皇后大道中268號荷李活華庭,中西區,22.284240408049,114.151163320225,08:10:00,490.0,薄扶林道147號(展亮技能發展中心),中西區,22.2602417730119,114.135957550651,09:10:00,550.0,2020-12-09,2022-08-01,,,2031-12-31,True,60.0,0,1
SR3661,乘客1363,NWC,其他 / 特殊情況,訓練,12345,"['Mon', 'Tue', 'Wed', 'Thu', 'Fri']",薄扶林道147號(展亮技能發展中心),南區,22.2602417730119,114.135957550651,09:10:00,550.0,柴灣道233號新翠花園6座利民會工場,南區,22.2639833704893,114.236609807734,10:10:00,610.0,2011-08-26,2022-08-01,,,2026-12-31,True,60.0,0,1
SR3661,乘客1364,NWC,不需輔助工具,訓練,12345,"['Mon', 'Tue', 'Wed', 'Thu', 'Fri']",薄扶林道147號(傷健協會共融軒),南區,22.2602284783082,114.135933970017,09:10:00,550.0,柴灣興華(二)邨安興樓香港耀能協會賽馬會柴灣工場,南區,22.2638034556923,114.233421936519,10:20:00,620.0,2023-11-22,2024-03-01,,,2070-10-31,True,70.0,0,1
SR3662,乘客1365,NWC,其他 / 特殊情況,上學,12345,"['Mon', 'Tue', 'Wed', 'Thu', 'Fri']",薄扶林道131號（心光學校）,南區,22.2669638153015,114.131786989264,15:25:00,925.0,石圍角邨石芳樓仁濟醫院盧李佩貞工場,南區,22.3745413868958,114.124062087162,16:30:00,990.0,2024-07-09,2024-09-01,,,,True,65.0,0,1
SR3662,乘客1366,NWC,白手杖,上學,12345,"['Mon', 'Tue', 'Wed', 'Thu', 'Fri']",薄扶林道131號（心光學校）,南區,22.2669638153015,114.131786989264,15:25:00,925.0,馬閃排路海壩村東北臺9號(對出停車場),南區,22.3773426079887,114.122548300319,16:20:00,980.0,2015-03-17,2022-08-01,,,2029-12-31,True,55.0,0,1
SR3662,乘客1367,NWC,白手杖,上學,12345,"['Mon', 'Tue', 'Wed', 'Thu', 'Fri']",薄扶林道131號（心光學校）,南區,22.2669638153015,114.131786989264,15:25:00,925.0,葵涌邨芷葵樓(天橋底),南區,22.3675972592499,114.126779319863,16:10:00,970.0,2017-05-05,2022-08-01,,,2031-12-31,True,45.0,0,1
SR3662,乘客1368,NWC,嬰兒手推車型輪椅,上學,12345,"['Mon', 'Tue', 'Wed', 'Thu', 'Fri']",薄扶林道131號（心光幼兒中心）,南區,22.2670041872954,114.1318223853,15:25:00,925.0,葵涌邨芷葵樓(天橋底),南區,22.3675972592499,114.126779319863,16:10:00,970.0,2024-04-12,2024-06-01,,,,True,45.0,0,1
SR3662,乘客1368跟車,WC,,上學,12345,"['Mon', 'Tue', 'Wed', 'Thu', 'Fri']",薄扶林道131號（心光幼兒中心）,南區,22.2670041872954,114.1318223853,15:25:00,925.0,葵涌邨芷葵樓(天橋底),南區,22.3675972592499,114.126779319863,16:10:00,970.0,2024-04-12,2024-06-01,,,,True,45.0,1,0
SR3662,乘客1369,NWC,不需輔助工具,上學,12345,"['Mon', 'Tue', 'Wed', 'Thu', 'Fri']",薄扶林道131號（心光學校）,南區,22.2669638153015,114.131786989264,15:25:00,925.0,葵涌大廈街 (近仁雅大廈),南區,22.3686664942491,114.123202323457,16:40:00,1000.0,2025-07-11,2025-09-01,,,,True,75.0,0,1
SR3662,乘客1370,NWC,不需輔助工具,上學,12345,"['Mon', 'Tue', 'Wed', 'Thu', 'Fri']",興盛路89號啟聾學校,葵涌,22.3596830175344,114.12540937882,16:55:00,1015.0,厚德邨德澤樓,葵涌,22.318613951118,114.263651155467,18:35:00,1115.0,2023-11-28,2024-03-01,,,,True,100.0,0,1
SR3662,乘客1371,NWC,手杖,工作,12345,"['Mon', 'Tue', 'Wed', 'Thu', 'Fri']",青衣城(卸貨區21號升降機位),青衣,22.3585407120858,114.10724768378,17:15:00,1035.0,富麗花園1座,青衣,22.3240064448862,114.254549580648,18:25:00,1105.0,2012-12-10,2022-08-01,,,2029-12-31,True,70.0,0,1
SR3662,乘客1372,NWC,電動輪椅,工作,12345,"['Mon', 'Tue', 'Wed', 'Thu', 'Fri']",紅磡祟平街9號建業中心,九龍城,22.3113293669678,114.190790038259,17:45:00,1065.0,將軍澳日出康城首都2座,九龍城,22.2960616752213,114.270894487978,18:50:00,1130.0,2021-12-20,2022-08-01,,,2032-12-31,True,65.0,0,1
SR3671,乘客1373,WC,手動輪椅不可過椅;嬰兒手推車型輪椅,上學,12345,"['Mon', 'Tue', 'Wed', 'Thu', 'Fri']",將軍澳翠林邨安林樓(閘口),將軍澳,22.3238221509486,114.248803017228,07:00:00,420.0,薄扶林道131號（心光恩望學校）,將軍澳,22.2666677548545,114.132209053304,08:20:00,500.0,2024-02-24,2024-03-01,,,,True,80.0,1,0
SR3671,乘客1374,WC,不需輔助工具,上學,12345,"['Mon', 'Tue', 'Wed', 'Thu', 'Fri']",將軍澳翠林邨安林樓(閘口),將軍澳,22.3238221509486,114.248803017228,07:00:00,420.0,薄扶林道131號（心光恩望學校）,將軍澳,22.2666677548545,114.132209053304,08:20:00,500.0,2024-07-04,2024-09-01,,,,True,80.0,1,0
SR3671,乘客1375,NWC,白手杖,上學,12345,"['Mon', 'Tue', 'Wed', 'Thu', 'Fri']",寶林邨寶德樓,將軍澳,22.3263141075024,114.255295817621,07:05:00,425.0,薄扶林道131號（心光學校）,將軍澳,22.2669638153015,114.131786989264,08:20:00,500.0,2021-07-05,2022-08-01,,,2031-12-31,True,75.0,0,1
SR3671,乘客1376,NWC,白手杖,上學,12345,"['Mon', 'Tue', 'Wed', 'Thu', 'Fri']",將軍澳新都城1 期(停車場入口旁),將軍澳,22.3215707046267,114.25713372837,07:10:00,430.0,薄扶林道131號（心光學校）,將軍澳,22.2669638153015,114.131786989264,08:20:00,500.0,2025-10-09,2025-11-01,,,,True,70.0,0,1
SR3671,乘客1377,NWC,其他 / 特殊情況,上學,12345,"['Mon', 'Tue', 'Wed', 'Thu', 'Fri']",香港將軍澳運亨路新都城中心一期,將軍澳,22.3214718,114.2575215,07:10:00,430.0,薄扶林道131號（心光恩望學校）,南區,22.2666677548545,114.132209053304,08:20:00,500.0,2024-04-15,2024-06-01,,,,True,70.0,0,1
SR3671,乘客1377跟車,NWC,,上學,12345,"['Mon', 'Tue', 'Wed', 'Thu', 'Fri']",香港將軍澳運亨路新都城中心一期,將軍澳,22.3214718,114.2575215,07:10:00,430.0,薄扶林道131號（心光恩望學校）,南區,22.2666677548545,114.132209053304,08:20:00,500.0,2024-04-15,2024-06-01,,,,True,70.0,0,1
SR3671,乘客1378,NWC,手動輪椅不可過椅,上學,12345,"['Mon', 'Tue', 'Wed', 'Thu', 'Fri']",健明邨明日樓,將軍澳,22.3075258983125,114.250169995524,07:25:00,445.0,薄扶林道131號（心光學校）,將軍澳,22.2669638153015,114.131786989264,08:20:00,500.0,2022-10-06,2022-08-01,,,2033-12-31,True,55.0,0,1
SR3671,乘客1378跟車,WC,,上學,12345,"['Mon', 'Tue', 'Wed', 'Thu', 'Fri']",健明邨明日樓,將軍澳,22.3075258983125,114.250169995524,07:25:00,445.0,薄扶林道131號（心光學校）,將軍澳,22.2669638153015,114.131786989264,08:20:00,500.0,2022-10-06,2022-08-01,,,2033-12-31,True,55.0,1,0
SR3671,乘客1379,NWC,手動輪椅可以過椅,上學,12345,"['Mon', 'Tue', 'Wed', 'Thu', 'Fri']",唐德街9號將軍澳中心 (B1停車場玻璃門 ),將軍澳,22.3075084999944,114.257058357919,07:30:00,450.0,大口環道15-17號紅十字會甘迺迪中心,將軍澳,22.2709138981953,114.124416113912,08:30:00,510.0,2023-09-07,2024-03-01,,,,True,60.0,0,1
SR3671,乘客1380,WC,其他 / 特殊情況,上學,12345,"['Mon', 'Tue', 'Wed', 'Thu', 'Fri']",唐俊街21號海翩匯2座,將軍澳,22.3035380390294,114.262554988884,07:40:00,460.0,大口環道15-17號紅十字會甘迺迪中心,將軍澳,22.2709138981953,114.124416113912,08:30:00,510.0,2024-12-02,2025-01-01,,,,True,50.0,1,0
SR3671,乘客1381,NWC,嬰兒手推車型輪椅,上學,12345,"['Mon', 'Tue', 'Wed', 'Thu', 'Fri']",唐俊街21號海翩匯2座,將軍澳,22.3035380390294,114.262554988884,07:40:00,460.0,薄扶林道131號（心光幼兒中心）,將軍澳,22.2670041872954,114.1318223853,08:20:00,500.0,2023-07-28,2023-08-01,,,,True,40.0,0,1
SR3671,乘客1381跟車,WC,,上學,12345,"['Mon', 'Tue', 'Wed', 'Thu', 'Fri']",唐俊街21號海翩匯2座,將軍澳,22.3035380390294,114.262554988884,07:40:00,460.0,薄扶林道131號（心光幼兒中心）,將軍澳,22.2670041872954,114.1318223853,08:20:00,500.0,2023-07-28,2023-08-01,,,,True,40.0,1,0
SR3671,乘客1382,NWC,其他 / 特殊情況,訓練,12345,"['Mon', 'Tue', 'Wed', 'Thu', 'Fri']",華富(一)邨華康樓(瀑布灣道近消防閘),南區,22.2500038930044,114.136150210521,09:15:00,555.0,華貴邨東華三院莫羅瑞華復康中心,南區,22.2500808928871,114.137973599442,09:30:00,570.0,2018-12-24,2022-08-01,,,2029-12-31,True,15.0,0,1
SR3671,乘客1383,NWC,手推架,訓練,12345,"['Mon', 'Tue', 'Wed', 'Thu', 'Fri']",華富(一)邨華康樓(瀑布灣道近消防閘),南區,22.2500038930044,114.136150210521,09:15:00,555.0,華貴邨東華三院莫羅瑞華復康中心,南區,22.2500808928871,114.137973599442,09:30:00,570.0,2018-12-17,2022-08-01,,,2029-12-31,True,15.0,0,1
SR3671,乘客1384,NWC,其他 / 特殊情況,訓練,12345,"['Mon', 'Tue', 'Wed', 'Thu', 'Fri']",華富(一)邨華康樓(瀑布灣道近消防閘),南區,22.2500038930044,114.136150210521,09:15:00,555.0,惠福道4號東華三院賽馬會復康中心,南區,22.24645704531,114.164066940409,10:00:00,600.0,2017-08-29,2022-08-01,,,2026-12-31,True,45.0,0,1
SR3671,乘客1385,NWC,其他 / 特殊情況,訓練,12345,"['Mon', 'Tue', 'Wed', 'Thu', 'Fri']",華富(一)邨華康樓(瀑布灣道近消防閘),南區,22.2500038930044,114.136150210521,09:15:00,555.0,華貴邨東華三院莫羅瑞華復康中心,南區,22.2500808928871,114.137973599442,09:30:00,570.0,2021-01-06,2022-08-01,,,2031-12-31,True,15.0,0,1
SR3671,乘客1386,NWC,不需輔助工具,訓練,12345,"['Mon', 'Tue', 'Wed', 'Thu', 'Fri']",華富(一)邨華康樓(瀑布灣道近消防閘),南區,22.2500038930044,114.136150210521,09:15:00,555.0,華貴邨東華三院莫羅瑞華復康中心,南區,22.2500808928871,114.137973599442,09:30:00,570.0,2023-07-24,2023-08-01,,,,True,15.0,0,1
SR3671,乘客1387,NWC,手杖,訓練,12345,"['Mon', 'Tue', 'Wed', 'Thu', 'Fri']",華富(一)邨華康樓(瀑布灣道近消防閘),南區,22.2500038930044,114.136150210521,09:15:00,555.0,華貴邨東華三院莫羅瑞華復康中心,南區,22.2500808928871,114.137973599442,09:30:00,570.0,2023-07-24,2023-08-01,,,,True,15.0,0,1
SR3671,乘客1388,NWC,不需輔助工具,訓練,12345,"['Mon', 'Tue', 'Wed', 'Thu', 'Fri']",華富(一)邨華康樓(瀑布灣道近消防閘),南區,22.2500038930044,114.136150210521,09:15:00,555.0,華貴邨東華三院莫羅瑞華復康中心,南區,22.2500808928871,114.137973599442,09:30:00,570.0,2023-07-24,2023-08-01,,,,True,15.0,0,1
SR3671,乘客1389,NWC,其他 / 特殊情況,訓練,12345,"['Mon', 'Tue', 'Wed', 'Thu', 'Fri']",華富(一)邨華康樓(瀑布灣道近消防閘),南區,22.2500038930044,114.136150210521,09:15:00,555.0,華貴邨東華三院莫羅瑞華復康中心,南區,22.2500808928871,114.137973599442,09:30:00,570.0,2024-06-12,2024-09-01,,,,True,15.0,0,1
SR3671,乘客1390,NWC,手杖,訓練,12345,"['Mon', 'Tue', 'Wed', 'Thu', 'Fri']",華富(一)邨華康樓(瀑布灣道近消防閘),南區,22.2500038930044,114.136150210521,09:15:00,555.0,華貴邨東華三院莫羅瑞華復康中心,南區,22.2500808928871,114.137973599442,09:30:00,570.0,2024-06-12,2024-09-01,,,,True,15.0,0,1
SR3672,乘客1391,NWC,手動輪椅不可過椅,上學,12345,"['Mon', 'Tue', 'Wed', 'Thu', 'Fri']",薄扶林道131號（心光幼兒中心）,南區,22.2670041872954,114.1318223853,15:20:00,920.0,紅磡黃埔花園2期錦桃苑第14座(近郵局),南區,22.3048502338148,114.18994006827,16:00:00,960.0,2013-12-03,2024-10-01,,,2033-12-31,True,40.0,0,1
SR3672,乘客1391跟車,WC,,上學,12345,"['Mon', 'Tue', 'Wed', 'Thu', 'Fri']",薄扶林道131號（心光幼兒中心）,南區,22.2670041872954,114.1318223853,15:20:00,920.0,紅磡黃埔花園2期錦桃苑第14座(近郵局),南區,22.3048502338148,114.18994006827,16:00:00,960.0,2013-12-03,2024-10-01,,,2033-12-31,True,40.0,1,0
SR3672,乘客1392,NWC,手動輪椅不可過椅;嬰兒手推車型輪椅,上學,12345,"['Mon', 'Tue', 'Wed', 'Thu', 'Fri']",薄扶林道131號（心光恩望學校）,南區,22.2666677548545,114.132209053304,15:20:00,920.0,將軍澳翠林邨安林樓(閘口),南區,22.3238221509486,114.248803017228,16:30:00,990.0,2024-02-24,2024-03-01,,,,True,70.0,0,1
SR3672,乘客1393,WC,白手杖,上學,12345,"['Mon', 'Tue', 'Wed', 'Thu', 'Fri']",薄扶林道131號（心光學校）,南區,22.2669638153015,114.131786989264,15:20:00,920.0,寶林邨寶德樓,南區,22.3263141075024,114.255295817621,16:40:00,1000.0,2021-07-05,2022-08-01,,,2031-12-31,True,80.0,1,0
SR3672,乘客1394,NWC,嬰兒手推車型輪椅,上學,12345,"['Mon', 'Tue', 'Wed', 'Thu', 'Fri']",薄扶林道131號（心光幼兒中心）,南區,22.2670041872954,114.1318223853,15:20:00,920.0,唐俊街21號海翩匯2座,南區,22.3035380390294,114.262554988884,17:00:00,1020.0,2023-07-28,2023-08-01,,,,True,100.0,0,1
SR3672,乘客1394跟車,WC,,上學,12345,"['Mon', 'Tue', 'Wed', 'Thu', 'Fri']",薄扶林道131號（心光幼兒中心）,南區,22.2670041872954,114.1318223853,15:20:00,920.0,唐俊街21號海翩匯2座,南區,22.3035380390294,114.262554988884,17:00:00,1020.0,2023-07-28,2023-08-01,,,,True,100.0,1,0
SR3672,乘客1395,NWC,白手杖,上學,12345,"['Mon', 'Tue', 'Wed', 'Thu', 'Fri']",薄扶林道131號（心光學校）,南區,22.2669638153015,114.131786989264,15:20:00,920.0,將軍澳新都城1 期(停車場入口旁),南區,22.3215707046267,114.25713372837,16:50:00,1010.0,2025-10-09,2025-11-01,,,,True,90.0,0,1
SR3672,乘客1396,NWC,其他 / 特殊情況,上學,12345,"['Mon', 'Tue', 'Wed', 'Thu', 'Fri']",薄扶林道131號（心光恩望學校）,南區,22.2666677548545,114.132209053304,15:20:00,920.0,將軍澳新都城1 期(停車場入口旁),南區,22.3215707046267,114.25713372837,16:50:00,1010.0,2024-04-15,2024-06-01,,,,True,90.0,0,1
SR3672,乘客1396跟車,NWC,,上學,12345,"['Mon', 'Tue', 'Wed', 'Thu', 'Fri']",薄扶林道131號（心光恩望學校）,南區,22.2666677548545,114.132209053304,15:20:00,920.0,將軍澳新都城1 期(停車場入口旁),南區,22.3215707046267,114.25713372837,16:50:00,1010.0,2024-04-15,2024-06-01,,,,True,90.0,0,1
SR3672,乘客1397,NWC,不需輔助工具,上學,12345,"['Mon', 'Tue', 'Wed', 'Thu', 'Fri']",薄扶林道131號（心光學校）,南區,22.2669638153015,114.131786989264,15:20:00,920.0,將軍澳翠林邨安林樓(閘口),南區,22.3238221509486,114.248803017228,16:30:00,990.0,2024-07-04,2024-09-01,,,,True,70.0,0,1
SR3681,乘客1398,NWC,手動輪椅不可過椅,上學,12345,"['Mon', 'Tue', 'Wed', 'Thu', 'Fri']",藍田德田邨德樂樓,觀塘,22.3091762142243,114.239426811745,07:15:00,435.0,薄扶林道131號（心光恩望學校）,觀塘,22.2666677548545,114.132209053304,08:30:00,510.0,2025-11-05,2026-01-01,,,,True,75.0,0,1
SR3681,乘客1398跟車,WC,,上學,12345,"['Mon', 'Tue', 'Wed', 'Thu', 'Fri']",藍田德田邨德樂樓,觀塘,22.3091762142243,114.239426811745,07:15:00,435.0,薄扶林道131號（心光恩望學校）,觀塘,22.2666677548545,114.132209053304,08:30:00,510.0,2025-11-05,2026-01-01,,,,True,75.0,1,0
SR3681,乘客1399,NWC,其他 / 特殊情況,上學,12345,"['Mon', 'Tue', 'Wed', 'Thu', 'Fri']",藍田德田街1號康逸苑康庭閣,觀塘,22.3106458666528,114.234410000684,07:25:00,445.0,薄扶林道131號（心光恩望學校）,觀塘,22.2666677548545,114.132209053304,08:30:00,510.0,2025-07-08,2025-09-01,,,,True,65.0,0,1
SR3681,乘客1399跟車,NWC,,上學,12345,"['Mon', 'Tue', 'Wed', 'Thu', 'Fri']",藍田德田街1號康逸苑康庭閣,觀塘,22.3106458666528,114.234410000684,07:25:00,445.0,薄扶林道131號（心光恩望學校）,觀塘,22.2666677548545,114.132209053304,08:30:00,510.0,2025-07-08,2025-09-01,,,,True,65.0,0,1
SR3681,乘客1400,NWC,其他 / 特殊情況,上學,12345,"['Mon', 'Tue', 'Wed', 'Thu', 'Fri']",藍田麗港城16座,觀塘,22.3058200416887,114.227591545743,07:35:00,455.0,薄扶林道131號（心光恩望學校）,觀塘,22.2666677548545,114.132209053304,08:30:00,510.0,2025-11-17,2026-01-01,,,,True,55.0,0,1
SR3681,乘客1400跟車,NWC,,上學,12345,"['Mon', 'Tue', 'Wed', 'Thu', 'Fri']",藍田麗港城16座,觀塘,22.3058200416887,114.227591545743,07:35:00,455.0,薄扶林道131號（心光恩望學校）,觀塘,22.2666677548545,114.132209053304,08:30:00,510.0,2025-11-17,2026-01-01,,,,True,55.0,0,1
SR3681,乘客1401,NWC,手動輪椅不可過椅;嬰兒手推車型輪椅,上學,12345,"['Mon', 'Tue', 'Wed', 'Thu', 'Fri']",藍田麗港城16座,觀塘,22.3058200416887,114.227591545743,07:35:00,455.0,薄扶林道131號（心光幼兒中心）,觀塘,22.2670041872954,114.1318223853,08:30:00,510.0,2022-05-26,2022-08-01,,,2032-12-31,True,55.0,0,1
SR3681,乘客1401跟車,WC,,上學,12345,"['Mon', 'Tue', 'Wed', 'Thu', 'Fri']",藍田麗港城16座,觀塘,22.3058200416887,114.227591545743,07:35:00,455.0,薄扶林道131號（心光幼兒中心）,觀塘,22.2670041872954,114.1318223853,08:30:00,510.0,2022-05-26,2022-08-01,,,2032-12-31,True,55.0,1,0
SR3681,乘客1402,NWC,手動輪椅不可過椅;嬰兒手推車型輪椅,上學,12345,"['Mon', 'Tue', 'Wed', 'Thu', 'Fri']",油塘油麗邨智麗樓,觀塘,22.3016053432016,114.236178402865,07:45:00,465.0,薄扶林道131號（心光恩望學校）,觀塘,22.2666677548545,114.132209053304,08:30:00,510.0,2024-03-05,2024-09-01,,,,True,45.0,0,1
SR3681,乘客1402跟車,WC,,上學,12345,"['Mon', 'Tue', 'Wed', 'Thu', 'Fri']",油塘油麗邨智麗樓,觀塘,22.3016053432016,114.236178402865,07:45:00,465.0,薄扶林道131號（心光恩望學校）,觀塘,22.2666677548545,114.132209053304,08:30:00,510.0,2024-03-05,2024-09-01,,,,True,45.0,1,0
SR3682,乘客1403,NWC,不需輔助工具,工作,135,"['Mon', 'Wed', 'Fri']",藍田復康徑7號藍田綜合中心,觀塘,22.3080382817291,114.23042037906,15:00:00,900.0,海怡半島四期  (鴨脷洲橋道近巴士站),觀塘,22.2439224115254,114.149833607737,16:10:00,970.0,2025-01-14,2025-03-01,,,,True,70.0,0,1
SR3682,乘客1404,NWC,其他 / 特殊情況,訓練,12345,"['Mon', 'Tue', 'Wed', 'Thu', 'Fri']",堅尼地道100號聖雅各賽馬會力行工場,灣仔,22.2726781131103,114.173695109941,15:30:00,930.0,薄扶林道147號(展亮技能發展中心),灣仔,22.2602417730119,114.135957550651,16:55:00,1015.0,2024-08-13,2024-10-01,,,,True,85.0,0,1
SR3682,乘客1405,NWC,手杖,訓練,12345,"['Mon', 'Tue', 'Wed', 'Thu', 'Fri']",香港灣仔堅尼地道112號,灣仔,22.2726781131103,114.173695109941,15:30:00,930.0,香港西環龍華街觀龍樓B座,中西區,22.280269,114.1284681,17:05:00,1025.0,2024-03-19,2024-05-01,,,,True,95.0,0,1
SR3682,乘客1406,NWC,手杖,訓練,1234,"['Mon', 'Tue', 'Wed', 'Thu']",堅尼地道100號聖雅各賽馬會力行工場,灣仔,22.2726781131103,114.173695109941,15:30:00,930.0,皇后大道東右轉入李節街李節花園聖雅各,灣仔,22.2771460264845,114.169487546411,15:45:00,945.0,2023-07-28,2023-08-01,,,,True,15.0,0,1
SR3682,乘客1407,NWC,手杖,訓練,12345,"['Mon', 'Tue', 'Wed', 'Thu', 'Fri']",堅尼地道100號聖雅各賽馬會力行工場,灣仔,22.2726781131103,114.173695109941,15:30:00,930.0,皇后大道東右轉入李節街李節花園聖雅各,灣仔,22.2771460264845,114.169487546411,15:45:00,945.0,2023-07-28,2023-08-01,,,,True,15.0,0,1
SR3682,乘客1408,NWC,不需輔助工具,訓練,12345,"['Mon', 'Tue', 'Wed', 'Thu', 'Fri']",香港灣仔堅尼地道聖雅各福群會賽馬會社會服務大樓,灣仔,22.2725336,114.1734797,15:30:00,930.0,香港灣仔李節街1號李節花園,灣仔,22.2770182397718,114.169638055483,15:45:00,945.0,2024-04-11,2024-06-01,,,,True,15.0,0,1
SR3682,乘客1409,NWC,不需輔助工具,訓練,12345,"['Mon', 'Tue', 'Wed', 'Thu', 'Fri']",堅尼地道100號聖雅各賽馬會力行工場,灣仔,22.2726781131103,114.173695109941,15:30:00,930.0,皇后大道東右轉入李節街李節花園聖雅各,灣仔,22.2771460264845,114.169487546411,15:45:00,945.0,2025-06-26,2025-08-01,,,,True,15.0,0,1
SR3682,乘客1410,NWC,手杖,訓練,12345,"['Mon', 'Tue', 'Wed', 'Thu', 'Fri']",堅尼地道100號聖雅各賽馬會力行工場,灣仔,22.2726781131103,114.173695109941,15:30:00,930.0,皇后大道東右轉入李節街李節花園聖雅各,灣仔,22.2771460264845,114.169487546411,15:45:00,945.0,2025-11-03,2025-12-01,,,,True,15.0,0,1
SR3682,乘客1411,NWC,其他 / 特殊情況,訓練,12345,"['Mon', 'Tue', 'Wed', 'Thu', 'Fri']",華貴邨東華三院莫羅瑞華復康中心,南區,22.2500808928871,114.137973599442,16:30:00,990.0,薄扶林道147號(傷健協會共融軒),南區,22.2602284783082,114.135933970017,16:55:00,1015.0,2017-08-17,2022-08-01,,,2026-12-31,True,25.0,0,1
SR3682,乘客1412,NWC,其他 / 特殊情況,訓練,12345,"['Mon', 'Tue', 'Wed', 'Thu', 'Fri']",華貴邨東華三院莫羅瑞華復康中心,南區,22.2500808928871,114.137973599442,16:30:00,990.0,薄扶林道147號(傷健協會共融軒),南區,22.2602284783082,114.135933970017,16:55:00,1015.0,2017-08-15,2022-08-01,,,2026-12-31,True,25.0,0,1
SR3682,乘客1413,NWC,其他 / 特殊情況,訓練,12345,"['Mon', 'Tue', 'Wed', 'Thu', 'Fri']",華貴邨東華三院莫羅瑞華復康中心,南區,22.2500808928871,114.137973599442,16:30:00,990.0,薄扶林道147號(傷健協會共融軒),南區,22.2602284783082,114.135933970017,16:55:00,1015.0,2017-08-15,2022-08-01,,,2026-12-31,True,25.0,0,1
SR3682,乘客1414,NWC,手杖,訓練,12345,"['Mon', 'Tue', 'Wed', 'Thu', 'Fri']",華貴邨東華三院莫羅瑞華復康中心,南區,22.2500808928871,114.137973599442,16:30:00,990.0,薄扶林道147號(傷健協會共融軒),南區,22.2602284783082,114.135933970017,16:55:00,1015.0,2018-01-03,2022-08-01,,,2028-12-31,True,25.0,0,1
SR3682,乘客1415,NWC,電動輪椅,工作,12345,"['Mon', 'Tue', 'Wed', 'Thu', 'Fri']",北角渣華道333號政府合署,東區,22.2921624228687,114.208256882562,17:40:00,1060.0,將軍澳日出康城9期OCEAN MARINI,東區,22.2946178139022,114.268729771367,18:55:00,1135.0,2023-12-21,2024-04-01,,,,True,75.0,0,1
SR3691,乘客1416,WC,手杖,工作,12345,"['Mon', 'Tue', 'Wed', 'Thu', 'Fri']",大圍翠田街1-3號愉景花園,沙田,22.3697821674525,114.184128113443,07:40:00,460.0,黃大仙中心北館（停車場落客區）,沙田,22.3427567681724,114.190501442282,08:05:00,485.0,2025-05-07,2025-06-01,,,,True,25.0,1,0
SR3691,乘客1417,NWC,手推架,訓練,12345,"['Mon', 'Tue', 'Wed', 'Thu', 'Fri']",何文田邨(入閘後的士站外),九龍城,22.3164055227537,114.182176738683,08:30:00,510.0,石硤尾邨美山樓保良局服務中心,九龍城,22.3320977574593,114.165573715176,09:05:00,545.0,2024-05-22,2024-07-01,,,,True,35.0,0,1
SR3691,乘客1418,NWC,不需輔助工具,訓練,12345,"['Mon', 'Tue', 'Wed', 'Thu', 'Fri']",何文田愛民商場,九龍城,22.311555055515,114.178633571776,08:35:00,515.0,石硤尾邨美山樓保良局服務中心,九龍城,22.3320977574593,114.165573715176,09:05:00,545.0,2024-07-03,2024-09-01,,,,True,30.0,0,1
SR3692,乘客1419,NWC,其他 / 特殊情況,訓練,12345,"['Mon', 'Tue', 'Wed', 'Thu', 'Fri']",惠福道4號東華三院賽馬會復康中心,南區,22.24645704531,114.164066940409,15:00:00,900.0,華富(一)邨華康樓(瀑布灣道近消防閘),南區,22.2500038930044,114.136150210521,15:45:00,945.0,2017-08-29,2022-08-01,,,2026-12-31,True,45.0,0,1
SR3692,乘客1420,NWC,其他 / 特殊情況,訓練,12345,"['Mon', 'Tue', 'Wed', 'Thu', 'Fri']",華貴邨東華三院莫羅瑞華復康中心,南區,22.2500808928871,114.137973599442,15:30:00,930.0,華富(一)邨華康樓(瀑布灣道近消防閘),南區,22.2500038930044,114.136150210521,15:45:00,945.0,2018-12-24,2022-08-01,,,2029-12-31,True,15.0,0,1
SR3692,乘客1421,NWC,手推架,訓練,12345,"['Mon', 'Tue', 'Wed', 'Thu', 'Fri']",華貴邨東華三院莫羅瑞華復康中心,南區,22.2500808928871,114.137973599442,15:30:00,930.0,華富(一)邨華康樓(瀑布灣道近消防閘),南區,22.2500038930044,114.136150210521,15:45:00,945.0,2018-12-17,2022-08-01,,,2029-12-31,True,15.0,0,1
SR3692,乘客1422,NWC,其他 / 特殊情況,訓練,12345,"['Mon', 'Tue', 'Wed', 'Thu', 'Fri']",華貴邨東華三院莫羅瑞華復康中心,南區,22.2500808928871,114.137973599442,15:30:00,930.0,華富(一)邨華康樓(瀑布灣道近消防閘),南區,22.2500038930044,114.136150210521,15:45:00,945.0,2021-01-06,2022-08-01,,,2031-12-31,True,15.0,0,1
SR3692,乘客1423,NWC,不需輔助工具,訓練,12345,"['Mon', 'Tue', 'Wed', 'Thu', 'Fri']",華貴邨東華三院莫羅瑞華復康中心,南區,22.2500808928871,114.137973599442,15:30:00,930.0,華富(一)邨華康樓(瀑布灣道近消防閘),南區,22.2500038930044,114.136150210521,15:45:00,945.0,2023-07-24,2023-08-01,,,,True,15.0,0,1
SR3692,乘客1424,NWC,手杖,訓練,12345,"['Mon', 'Tue', 'Wed', 'Thu', 'Fri']",華貴邨東華三院莫羅瑞華復康中心,南區,22.2500808928871,114.137973599442,15:30:00,930.0,華富(一)邨華康樓(瀑布灣道近消防閘),南區,22.2500038930044,114.136150210521,15:45:00,945.0,2023-07-24,2023-08-01,,,,True,15.0,0,1
SR3692,乘客1425,NWC,不需輔助工具,訓練,12345,"['Mon', 'Tue', 'Wed', 'Thu', 'Fri']",華貴邨東華三院莫羅瑞華復康中心,南區,22.2500808928871,114.137973599442,15:30:00,930.0,華富(一)邨華康樓(瀑布灣道近消防閘),南區,22.2500038930044,114.136150210521,15:45:00,945.0,2023-07-24,2023-08-01,,,,True,15.0,0,1
SR3692,乘客1426,NWC,其他 / 特殊情況,訓練,12345,"['Mon', 'Tue', 'Wed', 'Thu', 'Fri']",華貴邨東華三院莫羅瑞華復康中心,南區,22.2500808928871,114.137973599442,15:30:00,930.0,華富(一)邨華康樓(瀑布灣道近消防閘),南區,22.2500038930044,114.136150210521,15:45:00,945.0,2024-06-12,2024-09-01,,,,True,15.0,0,1
SR3692,乘客1427,NWC,手杖,訓練,12345,"['Mon', 'Tue', 'Wed', 'Thu', 'Fri']",華貴邨東華三院莫羅瑞華復康中心,南區,22.2500808928871,114.137973599442,15:30:00,930.0,華富(一)邨華康樓(瀑布灣道近消防閘),南區,22.2500038930044,114.136150210521,15:45:00,945.0,2024-06-12,2024-09-01,,,,True,15.0,0,1
SR3692,乘客1428,NWC,手動輪椅可以過椅,上學,12345,"['Mon', 'Tue', 'Wed', 'Thu', 'Fri']",大口環道15-17號紅十字會甘迺迪中心,南區,22.2709138981953,114.124416113912,16:00:00,960.0,赤柱廣場(巴士站),南區,22.2201466151304,114.20961054845,16:35:00,995.0,2015-06-19,2022-08-01,,,2026-12-31,True,35.0,0,1
SR3692,乘客1428跟車,WC,,上學,12345,"['Mon', 'Tue', 'Wed', 'Thu', 'Fri']",大口環道15-17號紅十字會甘迺迪中心,南區,22.2709138981953,114.124416113912,16:00:00,960.0,赤柱廣場(巴士站),南區,22.2201466151304,114.20961054845,16:35:00,995.0,2015-06-19,2022-08-01,,,2026-12-31,True,35.0,1,0
SR3692,乘客1429,NWC,嬰兒手推車型輪椅,上學,12345,"['Mon', 'Tue', 'Wed', 'Thu', 'Fri']",大口環道15-17號紅十字會甘迺迪中心,南區,22.2709138981953,114.124416113912,16:00:00,960.0,赤柱廣場(巴士站),南區,22.2201466151304,114.20961054845,16:35:00,995.0,2025-08-04,2025-09-01,,,,True,35.0,0,1
SR3692,乘客1429跟車,WC,,上學,12345,"['Mon', 'Tue', 'Wed', 'Thu', 'Fri']",大口環道15-17號紅十字會甘迺迪中心,南區,22.2709138981953,114.124416113912,16:00:00,960.0,赤柱廣場(巴士站),南區,22.2201466151304,114.20961054845,16:35:00,995.0,2025-08-04,2025-09-01,,,,True,35.0,1,0
SR3701,乘客1430,NWC,手動輪椅不可過椅,上學,135,"['Mon', 'Wed', 'Fri']",土瓜灣傲雲峰(宋皇臺道正門),九龍城,22.3237350065833,114.190482651915,07:00:00,420.0,西灣河鯉景道51號明愛樂義學校,九龍城,22.2864683794458,114.222389153166,07:40:00,460.0,2025-04-11,2025-06-01,,,,True,40.0,0,1
SR3701,乘客1430跟車,WC,,上學,135,"['Mon', 'Wed', 'Fri']",土瓜灣傲雲峰(宋皇臺道正門),九龍城,22.3237350065833,114.190482651915,07:00:00,420.0,西灣河鯉景道51號明愛樂義學校,九龍城,22.2864683794458,114.222389153166,07:40:00,460.0,2025-04-11,2025-06-01,,,,True,40.0,1,0
SR3701,乘客1431,NWC,其他 / 特殊情況,訓練,12345,"['Mon', 'Tue', 'Wed', 'Thu', 'Fri']",筲箕灣康東邨康瑞樓,東區,22.2842721269389,114.222715860294,07:45:00,465.0,筲箕灣愛東邨愛善樓(迴旋處),東區,22.2807960507043,114.226949708977,08:50:00,530.0,2024-11-04,2024-12-01,,,,True,65.0,0,1
SR3701,乘客1432,NWC,其他 / 特殊情況,上學,12345,"['Mon', 'Tue', 'Wed', 'Thu', 'Fri']",筲箕灣東濤苑旭濤閣,東區,22.2818624909702,114.225406332319,08:10:00,490.0,北角和富道19號保良局余李慕芬學校(入停車場),東區,22.2916892422805,114.195187349634,08:30:00,510.0,2020-11-04,2022-08-01,,,2033-12-31,True,20.0,0,1
SR3701,乘客1432跟車,NWC,,上學,12345,"['Mon', 'Tue', 'Wed', 'Thu', 'Fri']",筲箕灣東濤苑旭濤閣,東區,22.2818624909702,114.225406332319,08:10:00,490.0,北角和富道19號保良局余李慕芬學校(入停車場),東區,22.2916892422805,114.195187349634,08:30:00,510.0,2020-11-04,2022-08-01,,,2033-12-31,True,20.0,0,1
SR3701,乘客1433,NWC,電動輪椅,訓練,234,"['Tue', 'Wed', 'Thu']",筲箕灣東濤苑旭濤閣,東區,22.2818624909702,114.225406332319,09:20:00,560.0,安秀道23號安泰邨服務設施大樓,東區,22.3252464981736,114.231040191223,09:45:00,585.0,2024-04-23,2024-06-01,,,,True,25.0,0,1
SR3702,乘客1434,WC,手動輪椅不可過椅,訓練,12345,"['Mon', 'Tue', 'Wed', 'Thu', 'Fri']",高街2號西營盤社區大樓,中西區,22.284941714479,114.144061584,15:15:00,915.0,貝沙灣道38號南岸7座,中西區,22.2562687285804,114.131820850708,16:25:00,985.0,2019-02-11,2022-08-01,,,2029-12-31,True,70.0,1,0
SR3702,乘客1434跟車,WC,,訓練,12345,"['Mon', 'Tue', 'Wed', 'Thu', 'Fri']",高街2號西營盤社區大樓,中西區,22.284941714479,114.144061584,15:15:00,915.0,貝沙灣道38號南岸7座,中西區,22.2562687285804,114.131820850708,16:25:00,985.0,2019-02-11,2022-08-01,,,2029-12-31,True,70.0,1,0
SR3702,乘客1434跟車,NWC,,訓練,12345,"['Mon', 'Tue', 'Wed', 'Thu', 'Fri']",高街2號西營盤社區大樓,中西區,22.284941714479,114.144061584,15:15:00,915.0,貝沙灣道38號南岸7座,中西區,22.2562687285804,114.131820850708,16:25:00,985.0,2019-02-11,2022-08-01,,,2029-12-31,True,70.0,0,1
SR3702,乘客1435,NWC,手動輪椅不可過椅,訓練,12345,"['Mon', 'Tue', 'Wed', 'Thu', 'Fri']",高街2號西營盤社區大樓,中西區,22.284941714479,114.144061584,15:15:00,915.0,海怡半島怡南路28號28座御意居,中西區,22.2429775054707,114.15054195526,16:10:00,970.0,2019-02-11,2022-08-01,,,2029-12-31,True,55.0,0,1
SR3702,乘客1435跟車,WC,,訓練,12345,"['Mon', 'Tue', 'Wed', 'Thu', 'Fri']",高街2號西營盤社區大樓,中西區,22.284941714479,114.144061584,15:15:00,915.0,海怡半島怡南路28號28座御意居,中西區,22.2429775054707,114.15054195526,16:10:00,970.0,2019-02-11,2022-08-01,,,2029-12-31,True,55.0,1,0
SR3702,乘客1435跟車,NWC,,訓練,12345,"['Mon', 'Tue', 'Wed', 'Thu', 'Fri']",高街2號西營盤社區大樓,中西區,22.284941714479,114.144061584,15:15:00,915.0,海怡半島怡南路28號28座御意居,中西區,22.2429775054707,114.15054195526,16:10:00,970.0,2019-02-11,2022-08-01,,,2029-12-31,True,55.0,0,1
SR3702,乘客1436,NWC,手杖,訓練,12345,"['Mon', 'Tue', 'Wed', 'Thu', 'Fri']",漁光道85號扶康會康復中心,南區,22.2495951375818,114.158990263625,16:30:00,990.0,鰂魚涌南豐新邨11座,南區,22.2823703693646,114.214376247316,17:25:00,1045.0,2024-10-10,2024-12-01,,,,True,55.0,0,1
SR3702,乘客1437,NWC,白手杖,訓練,12345,"['Mon', 'Tue', 'Wed', 'Thu', 'Fri']",香港香港香港仔漁光道85號,南區,22.2497932,114.1589921,16:40:00,1000.0,香港耀興道耀東邨耀福樓,東區,22.2777897,114.2217282,17:25:00,1045.0,2024-04-26,2024-06-01,,,,True,45.0,0,1
SR3702,乘客1438,NWC,其他 / 特殊情況,訓練,12345,"['Mon', 'Tue', 'Wed', 'Thu', 'Fri']",漁光道85號扶康會康復中心,南區,22.2495951375818,114.158990263625,16:45:00,1005.0,北角英皇道26-36號興漢大廈(避車處),南區,22.2835013139408,114.192746472942,17:05:00,1025.0,2002-09-26,2023-08-01,,,2026-12-31,True,20.0,0,1
SR3702,乘客1439,NWC,電動輪椅,工作,134,"['Mon', 'Wed', 'Thu']",灣仔道近皇后大道東 尚翹峰,灣仔,22.2748275141906,114.174202717567,17:50:00,1070.0,鴨脷洲西邨利澤樓,灣仔,22.2445088501072,114.150164198709,18:15:00,1095.0,2026-01-06,2026-02-01,,,,True,25.0,0,1
SR3717,乘客1440,WC,手動輪椅不可過椅,訓練,6,['Sat'],尚德邨尚美樓基督教懷智復康中心,將軍澳,22.3111220770495,114.256956429368,12:00:00,720.0,景嶺路8號都會駅 / 城中駅,將軍澳,22.3045081465834,114.251496326664,12:15:00,735.0,2018-11-26,2022-08-01,,,2029-12-31,True,15.0,1,0
SR3717,乘客1440跟車,WC,,訓練,6,['Sat'],尚德邨尚美樓基督教懷智復康中心,將軍澳,22.3111220770495,114.256956429368,12:00:00,720.0,景嶺路8號都會駅 / 城中駅,將軍澳,22.3045081465834,114.251496326664,12:15:00,735.0,2018-11-26,2022-08-01,,,2029-12-31,True,15.0,1,0
SR3717,乘客1441,NWC,手動輪椅不可過椅,治療,6,['Sat'],九龍灣臨華街南豐商業中心  (停車場出入口),觀塘,22.3228937737599,114.207553513947,13:10:00,790.0,將軍澳彩明苑(近彩明街巴士站),觀塘,22.3066797600127,114.253812623996,13:50:00,830.0,2024-05-14,2024-07-01,,,,True,40.0,0,1
SR3717,乘客1442,WC,手動輪椅可以過椅,訓練,6,['Sat'],九龍灣臨華街南豐商業中心  (停車場出入口),觀塘,22.3228937737599,114.207553513947,13:10:00,790.0,藍田麗港城17座,觀塘,22.3060526478251,114.227382401327,13:25:00,805.0,2025-07-31,2026-02-01,,,,True,15.0,1,0
SR3727,乘客1443,WC,電動輪椅,工作,6,['Sat'],藍田復康徑7號藍田綜合中心,觀塘,22.3080382817291,114.23042037906,13:35:00,815.0,藍田平田邨平誠樓(消防閘口_落雨入閘上平台),觀塘,22.3059561110006,114.236637897371,13:50:00,830.0,2023-08-02,2025-09-01,,,,True,15.0,1,0
SR3727,乘客1444,WC,手杖,工作,6,['Sat'],葵涌大圓街12-22號瑞榮工業大廈,葵涌,22.3700235994761,114.135823647454,14:00:00,840.0,美景花園(商場入閘),葵涌,22.3441828778319,114.106744315562,15:45:00,945.0,2026-03-04,2026-04-01,,,,True,105.0,1,0
SR3727,乘客1445,NWC,手杖;手動輪椅可以過椅,訓練,6,['Sat'],九龍灣臨華街南豐商業中心  (停車場出入口),觀塘,22.3228937737599,114.207553513947,14:05:00,845.0,鳳德邨黛鳳樓,觀塘,22.3437863199204,114.201912549513,14:40:00,880.0,2025-09-30,2025-11-01,,,,True,35.0,0,1
SR3727,乘客1446,WC,電動輪椅;手動輪椅不可過椅,訓練,6,['Sat'],九龍灣臨華街南豐商業中心  (停車場出入口),觀塘,22.3228937737599,114.207553513947,14:05:00,845.0,慈雲山慈樂邨樂信樓,觀塘,22.347103294875,114.19928632702,14:50:00,890.0,2025-09-30,2025-11-01,,,,True,45.0,1,0
SR3727,乘客1447,WC,手動輪椅不可過椅,訓練,6,['Sat'],九龍灣臨華街南豐商業中心  (停車場出入口),觀塘,22.3228937737599,114.207553513947,14:05:00,845.0,黃大仙下邨龍華樓,觀塘,22.3386639635235,114.194771471134,15:00:00,900.0,2024-08-13,2024-12-01,,,,True,55.0,1,0
SR3727,乘客1448,WC,電動輪椅,治療,6,['Sat'],九龍灣臨華街南豐商業中心  (停車場出入口),觀塘,22.3228937737599,114.207553513947,14:05:00,845.0,香港馬仔坑竹園道天宏苑：C座（宏美閣）,觀塘,22.3440208,114.1866883,15:10:00,910.0,2024-09-12,2024-12-01,,,,True,65.0,1,0
SR3727,乘客1449,WC,電動輪椅,治療,6,['Sat'],九龍灣臨華街南豐商業中心  (停車場出入口),觀塘,22.3228937737599,114.207553513947,14:05:00,845.0,坪石邨藍石樓(停車場),觀塘,22.3327869985576,114.209807207357,14:30:00,870.0,2025-04-22,2025-06-01,,,,True,25.0,1,0
SR3727,乘客1449跟車,WC,,治療,6,['Sat'],九龍灣臨華街南豐商業中心  (停車場出入口),觀塘,22.3228937737599,114.207553513947,14:05:00,845.0,坪石邨藍石樓(停車場),觀塘,22.3327869985576,114.209807207357,14:30:00,870.0,2025-04-22,2025-06-01,,,,True,25.0,1,0
SR3731,乘客1450,NWC,不需輔助工具,上學,12345,"['Mon', 'Tue', 'Wed', 'Thu', 'Fri']",慈雲山慈正邨慈正商場,黃大仙,22.3507462143676,114.20169372936,07:15:00,435.0,薄扶林道131號（心光學校）,黃大仙,22.2669638153015,114.131786989264,08:40:00,520.0,2023-02-28,2022-08-01,,,2033-12-31,True,85.0,0,1
SR3731,乘客1451,NWC,白手杖,上學,12345,"['Mon', 'Tue', 'Wed', 'Thu', 'Fri']",彩頤里采頤花園(閘口),黃大仙,22.3373451817038,114.201975273371,07:45:00,465.0,薄扶林道131號（心光學校）,黃大仙,22.2669638153015,114.131786989264,08:40:00,520.0,2023-11-22,2024-03-01,,,,True,55.0,0,1
SR3731,乘客1452,NWC,其他 / 特殊情況,上學,12345,"['Mon', 'Tue', 'Wed', 'Thu', 'Fri']",太子道西太子閣二期 (過停車場口),九龍城,22.325750091681,114.179518031148,07:55:00,475.0,薄扶林道131號（心光幼兒中心）,九龍城,22.2670041872954,114.1318223853,08:40:00,520.0,2025-07-08,2025-09-01,,,,True,45.0,0,1
SR3731,乘客1452跟車,NWC,,上學,12345,"['Mon', 'Tue', 'Wed', 'Thu', 'Fri']",太子道西太子閣二期 (過停車場口),九龍城,22.325750091681,114.179518031148,07:55:00,475.0,薄扶林道131號（心光幼兒中心）,九龍城,22.2670041872954,114.1318223853,08:40:00,520.0,2025-07-08,2025-09-01,,,,True,45.0,0,1
SR3731,乘客1453,NWC,手動輪椅不可過椅,上學,12345,"['Mon', 'Tue', 'Wed', 'Thu', 'Fri']",大坑龍華花園,灣仔,22.2743818587821,114.195527552047,09:05:00,545.0,薄扶林道131號（心光恩望學校）（恩望平台）,灣仔,22.2668421342708,114.132194278594,09:30:00,570.0,2024-07-17,2024-09-01,,,,True,25.0,0,1
SR3731,乘客1453跟車,WC,,上學,12345,"['Mon', 'Tue', 'Wed', 'Thu', 'Fri']",大坑龍華花園,灣仔,22.2743818587821,114.195527552047,09:05:00,545.0,薄扶林道131號（心光恩望學校）（恩望平台）,灣仔,22.2668421342708,114.132194278594,09:30:00,570.0,2024-07-17,2024-09-01,,,,True,25.0,1,0
SR3731,乘客1453跟車,NWC,,上學,12345,"['Mon', 'Tue', 'Wed', 'Thu', 'Fri']",大坑龍華花園,灣仔,22.2743818587821,114.195527552047,09:05:00,545.0,薄扶林道131號（心光恩望學校）（恩望平台）,灣仔,22.2668421342708,114.132194278594,09:30:00,570.0,2024-07-17,2024-09-01,,,,True,25.0,0,1
SR3731,乘客1454,NWC,不需輔助工具,工作,135,"['Mon', 'Wed', 'Fri']",海怡半島四期  (鴨脷洲橋道近巴士站),南區,22.2439224115254,114.149833607737,09:45:00,585.0,藍田復康徑7號藍田綜合中心,南區,22.3080382817291,114.23042037906,10:20:00,620.0,2025-01-14,2025-03-01,,,,True,35.0,0,1
SR3732,乘客1455,NWC,手動輪椅不可過椅,上學,135,"['Mon', 'Wed', 'Fri']",香港愛秩序灣鯉景道,東區,22.2867393097844,114.222181029618,15:00:00,900.0,香港馬頭涌宋皇臺道38號傲雲峰5座,九龍城,22.3235485435291,114.190606065094,16:10:00,970.0,2025-04-11,2025-06-01,,,,True,70.0,0,1
SR3732,乘客1455跟車,WC,,上學,135,"['Mon', 'Wed', 'Fri']",香港愛秩序灣鯉景道,東區,22.2867393097844,114.222181029618,15:00:00,900.0,香港馬頭涌宋皇臺道38號傲雲峰5座,九龍城,22.3235485435291,114.190606065094,16:10:00,970.0,2025-04-11,2025-06-01,,,,True,70.0,1,0
SR3732,乘客1456,NWC,手推架;白手杖,上學,12345,"['Mon', 'Tue', 'Wed', 'Thu', 'Fri']",薄扶林道131號（心光幼兒中心）,南區,22.2670041872954,114.1318223853,15:40:00,940.0,啟晴邨樂晴樓,南區,22.3320584431915,114.203416626392,16:20:00,980.0,2017-07-14,2024-10-01,,,2033-12-31,True,40.0,0,1
SR3732,乘客1457,NWC,不需輔助工具,上學,12345,"['Mon', 'Tue', 'Wed', 'Thu', 'Fri']",薄扶林道131號（心光學校）,南區,22.2669638153015,114.131786989264,15:40:00,940.0,慈雲山慈正邨慈正商場,南區,22.3507462143676,114.20169372936,17:05:00,1025.0,2023-02-28,2022-08-01,,,2033-12-31,True,85.0,0,1
SR3732,乘客1458,NWC,白手杖,上學,12345,"['Mon', 'Tue', 'Wed', 'Thu', 'Fri']",薄扶林道131號（心光學校）,南區,22.2669638153015,114.131786989264,15:40:00,940.0,彩頤里采頤花園(閘口),南區,22.3373451817038,114.201975273371,16:55:00,1015.0,2023-11-22,2024-03-01,,,,True,75.0,0,1
SR3732,乘客1459,NWC,其他 / 特殊情況,上學,12345,"['Mon', 'Tue', 'Wed', 'Thu', 'Fri']",薄扶林道131號（心光學校）,南區,22.2669638153015,114.131786989264,15:40:00,940.0,啟德沐翠街3號煥然壹居,南區,22.3312736820756,114.202442671954,16:35:00,995.0,2024-07-29,2024-10-01,,,,True,55.0,0,1
SR3732,乘客1459跟車,NWC,,上學,12345,"['Mon', 'Tue', 'Wed', 'Thu', 'Fri']",薄扶林道131號（心光學校）,南區,22.2669638153015,114.131786989264,15:40:00,940.0,啟德沐翠街3號煥然壹居,南區,22.3312736820756,114.202442671954,16:35:00,995.0,2024-07-29,2024-10-01,,,,True,55.0,0,1
SR3732,乘客1460,NWC,其他 / 特殊情況,上學,12345,"['Mon', 'Tue', 'Wed', 'Thu', 'Fri']",薄扶林道131號（心光幼兒中心）,南區,22.2670041872954,114.1318223853,15:40:00,940.0,太子道西太子閣二期 (過停車場口),南區,22.325750091681,114.179518031148,17:20:00,1040.0,2025-07-08,2025-09-01,,,,True,100.0,0,1
SR3732,乘客1460跟車,NWC,,上學,12345,"['Mon', 'Tue', 'Wed', 'Thu', 'Fri']",薄扶林道131號（心光幼兒中心）,南區,22.2670041872954,114.1318223853,15:40:00,940.0,太子道西太子閣二期 (過停車場口),南區,22.325750091681,114.179518031148,17:20:00,1040.0,2025-07-08,2025-09-01,,,,True,100.0,0,1
SR3741,乘客1461,NWC,不需輔助工具,訓練,12345,"['Mon', 'Tue', 'Wed', 'Thu', 'Fri']",青衣長康邨康榮樓,青衣,22.3494648491114,114.105667003398,07:40:00,460.0,石硤尾南昌街332號賽馬會新生精神康復會工場,青衣,22.3387943641815,114.168218621516,08:30:00,510.0,2023-07-25,2024-01-01,,,,True,50.0,0,1
SR3741,乘客1462,NWC,嬰兒手推車型輪椅,上學,12345,"['Mon', 'Tue', 'Wed', 'Thu', 'Fri']",大角咀深旺道君匯港,油尖旺,22.3215488410705,114.159222961819,08:00:00,480.0,橫頭磡邨宏亮樓賽馬會方心淑引導式教育中心(消防閘外),油尖旺,22.341218572631,114.18808064084,08:55:00,535.0,2024-07-18,2024-09-01,,,,True,55.0,0,1
SR3741,乘客1462跟車,WC,,上學,12345,"['Mon', 'Tue', 'Wed', 'Thu', 'Fri']",大角咀深旺道君匯港,油尖旺,22.3215488410705,114.159222961819,08:00:00,480.0,橫頭磡邨宏亮樓賽馬會方心淑引導式教育中心(消防閘外),油尖旺,22.341218572631,114.18808064084,08:55:00,535.0,2024-07-18,2024-09-01,,,,True,55.0,1,0
SR3741,乘客1463,NWC,其他 / 特殊情況,訓練,12345,"['Mon', 'Tue', 'Wed', 'Thu', 'Fri']",海麗邨海智樓,深水埗,22.3313742158177,114.146700844197,08:10:00,490.0,油麻地窩打老道54號 循道衛理楊震社會服務處,深水埗,22.314185016241,114.172631931042,09:30:00,570.0,2025-11-12,2026-02-01,,,,True,80.0,0,1
SR3741,乘客1463跟車,NWC,,訓練,12345,"['Mon', 'Tue', 'Wed', 'Thu', 'Fri']",海麗邨海智樓,深水埗,22.3313742158177,114.146700844197,08:10:00,490.0,油麻地窩打老道54號 循道衛理楊震社會服務處,深水埗,22.314185016241,114.172631931042,09:30:00,570.0,2025-11-12,2026-02-01,,,,True,80.0,0,1
SR3741,乘客1464,NWC,嬰兒手推車型輪椅,上學,12345,"['Mon', 'Tue', 'Wed', 'Thu', 'Fri']",荔枝角道 608 號麗翠苑 (惠康前),深水埗,22.3332936207354,114.155034453066,08:20:00,500.0,橫頭磡邨宏亮樓賽馬會方心淑引導式教育中心(消防閘外),深水埗,22.341218572631,114.18808064084,08:55:00,535.0,2023-11-14,2024-01-01,,,,True,35.0,0,1
SR3741,乘客1464跟車,WC,,上學,12345,"['Mon', 'Tue', 'Wed', 'Thu', 'Fri']",荔枝角道 608 號麗翠苑 (惠康前),深水埗,22.3332936207354,114.155034453066,08:20:00,500.0,橫頭磡邨宏亮樓賽馬會方心淑引導式教育中心(消防閘外),深水埗,22.341218572631,114.18808064084,08:55:00,535.0,2023-11-14,2024-01-01,,,,True,35.0,1,0
SR3742,乘客1465,NWC,手動輪椅不可過椅,訓練,24,"['Tue', 'Thu']",九龍灣臨華街南豐商業中心  (停車場出入口),觀塘,22.3228937737599,114.207553513947,15:00:00,900.0,黃大仙下邨龍華樓,觀塘,22.3386639635235,114.194771471134,15:20:00,920.0,2024-08-13,2024-12-01,,,,True,20.0,0,1
SR3742,乘客1466,WC,電動輪椅,治療,24,"['Tue', 'Thu']",九龍灣臨華街南豐商業中心  (停車場出入口),觀塘,22.3228937737599,114.207553513947,15:00:00,900.0,黃大仙天宏苑宏美閣,觀塘,22.344036116434,114.186633812998,15:30:00,930.0,2024-09-12,2024-12-01,,,,True,30.0,1,0
SR3742,乘客1467,WC,嬰兒手推車型輪椅,上學,12345,"['Mon', 'Tue', 'Wed', 'Thu', 'Fri']",橫頭磡邨宏亮樓賽馬會方心淑引導式教育中心(消防閘外),黃大仙,22.341218572631,114.18808064084,15:45:00,945.0,荔枝角道 608 號麗翠苑 (惠康前),黃大仙,22.3332936207354,114.155034453066,16:20:00,980.0,2023-11-14,2024-01-01,,,,True,35.0,1,0
SR3742,乘客1467跟車,WC,,上學,12345,"['Mon', 'Tue', 'Wed', 'Thu', 'Fri']",橫頭磡邨宏亮樓賽馬會方心淑引導式教育中心(消防閘外),黃大仙,22.341218572631,114.18808064084,15:45:00,945.0,荔枝角道 608 號麗翠苑 (惠康前),黃大仙,22.3332936207354,114.155034453066,16:20:00,980.0,2023-11-14,2024-01-01,,,,True,35.0,1,0
SR3742,乘客1468,NWC,嬰兒手推車型輪椅,上學,12345,"['Mon', 'Tue', 'Wed', 'Thu', 'Fri']",橫頭磡邨宏亮樓賽馬會方心淑引導式教育中心(消防閘外),黃大仙,22.341218572631,114.18808064084,15:45:00,945.0,大角咀深旺道君匯港,黃大仙,22.3215488410705,114.159222961819,16:10:00,970.0,2024-07-18,2024-09-01,,,,True,25.0,0,1
SR3742,乘客1468跟車,WC,,上學,12345,"['Mon', 'Tue', 'Wed', 'Thu', 'Fri']",橫頭磡邨宏亮樓賽馬會方心淑引導式教育中心(消防閘外),黃大仙,22.341218572631,114.18808064084,15:45:00,945.0,大角咀深旺道君匯港,黃大仙,22.3215488410705,114.159222961819,16:10:00,970.0,2024-07-18,2024-09-01,,,,True,25.0,1,0
SR3742,乘客1469,NWC,不需輔助工具,訓練,12345,"['Mon', 'Tue', 'Wed', 'Thu', 'Fri']",南昌街332號新生精神康復會工場(入大閘),深水埗,22.3385267002217,114.168272698843,16:30:00,990.0,青衣長康邨康榮樓,深水埗,22.3494648491114,114.105667003398,17:00:00,1020.0,2023-07-25,2024-01-01,,,,True,30.0,0,1
SR3742,乘客1470,NWC,氧氣機;手推架;手杖,訓練,12345,"['Mon', 'Tue', 'Wed', 'Thu', 'Fri']",南昌街332號新生精神康復會工場(入大閘),深水埗,22.3385267002217,114.168272698843,16:30:00,990.0,大角咀福全街福康大樓,深水埗,22.3206310454203,114.164816226465,17:20:00,1040.0,2025-09-15,2025-11-01,,,,True,50.0,0,1
SR3742,乘客1471,NWC,手杖,訓練,12345,"['Mon', 'Tue', 'Wed', 'Thu', 'Fri']",南昌街332號新生精神康復會工場(入大閘),深水埗,22.3385267002217,114.168272698843,16:30:00,990.0,旺角登打士街1號智選假日酒店,深水埗,22.3149430464249,114.167319575005,17:30:00,1050.0,2025-09-26,2025-11-01,,,,True,60.0,0,1
SR3742,乘客1472,NWC,電動輪椅,工作,12345,"['Mon', 'Tue', 'Wed', 'Thu', 'Fri']",九龍醫院康復大樓,九龍城,22.3252331276068,114.183113649018,17:45:00,1065.0,黃大仙悅庭軒 (入停車場),九龍城,22.3416832766837,114.201711385036,18:05:00,1085.0,2025-11-13,2026-02-01,,,,True,20.0,0,1
SR3742,乘客1473,WC,電動輪椅,工作,12345,"['Mon', 'Tue', 'Wed', 'Thu', 'Fri']",觀塘巧明街98號 The Millennity 停車場B1上落貨區,觀塘,22.3131047937896,114.220666310619,18:30:00,1110.0,九龍城亞皆老街173號A-F芝蘭苑,觀塘,22.3267320013357,114.188640798093,18:45:00,1125.0,2024-08-14,2024-10-01,,,,True,15.0,1,0
SR3751,乘客1474,WC,電動輪椅,工作,12345,"['Mon', 'Tue', 'Wed', 'Thu', 'Fri']",富昌邨富旺樓,深水埗,22.3292458582192,114.154828972683,07:00:00,420.0,安秀道23號安泰邨服務設施大樓,深水埗,22.3252464981736,114.231040191223,08:30:00,510.0,2023-08-06,2024-03-01,,,2100-12-31,True,90.0,1,0
SR3751,乘客1475,WC,手杖,工作,12345,"['Mon', 'Tue', 'Wed', 'Thu', 'Fri']",深水埗置輝閣 (大埔道31-35號),深水埗,22.3298811328202,114.16610183383,07:10:00,430.0,將軍澳工業邨駿才街80號,深水埗,22.2808907771538,114.272380982536,07:45:00,465.0,2023-08-15,2024-03-01,,,,True,35.0,1,0
SR3751,乘客1476,NWC,手動輪椅不可過椅,治療,1345,"['Mon', 'Wed', 'Thu', 'Fri']",將軍澳彩明苑(近彩明街巴士站),將軍澳,22.3066797600127,114.253812623996,08:00:00,480.0,九龍灣臨華街南豐商業中心 (後門),將軍澳,22.3229329110196,114.207771350708,09:10:00,550.0,2024-05-14,2024-07-01,,,,True,70.0,0,1
SR3751,乘客1477,WC,電動輪椅;手動輪椅不可過椅,工作,235,"['Tue', 'Wed', 'Fri']",將軍澳安寧花園 (入閘近垃圾站),將軍澳,22.3152295686451,114.262838553532,08:10:00,490.0,牛頭角海濱道宏利大樓,將軍澳,22.3158653752826,114.214109152507,08:55:00,535.0,2025-04-22,2025-06-01,,,,True,45.0,1,0
SR3751,乘客1478,WC,手動輪椅不可過椅,訓練,135,"['Mon', 'Wed', 'Fri']",秀茂坪邨秀義樓(近秀明道消防閘口),觀塘,22.3228925039885,114.229937999969,08:40:00,520.0,九龍灣臨華街南豐商業中心 (後門),觀塘,22.3229329110196,114.207771350708,09:10:00,550.0,2023-11-08,2024-03-01,,,,True,30.0,1,0
SR3751,乘客1478跟車,WC,,訓練,135,"['Mon', 'Wed', 'Fri']",秀茂坪邨秀義樓(近秀明道消防閘口),觀塘,22.3228925039885,114.229937999969,08:40:00,520.0,九龍灣臨華街南豐商業中心 (後門),觀塘,22.3229329110196,114.207771350708,09:10:00,550.0,2023-11-08,2024-03-01,,,,True,30.0,1,0
SR3752,乘客1479,NWC,手動輪椅不可過椅,訓練,135,"['Mon', 'Wed', 'Fri']",九龍灣臨華街南豐商業中心  (停車場出入口),觀塘,22.3228937737599,114.207553513947,15:15:00,915.0,秀茂坪邨秀義樓(近秀明道消防閘口),觀塘,22.3228925039885,114.229937999969,15:30:00,930.0,2023-11-08,2024-03-01,,,,True,15.0,0,1
SR3752,乘客1479跟車,WC,,訓練,135,"['Mon', 'Wed', 'Fri']",九龍灣臨華街南豐商業中心  (停車場出入口),觀塘,22.3228937737599,114.207553513947,15:15:00,915.0,秀茂坪邨秀義樓(近秀明道消防閘口),觀塘,22.3228925039885,114.229937999969,15:30:00,930.0,2023-11-08,2024-03-01,,,,True,15.0,1,0
SR3752,乘客1480,NWC,手動輪椅不可過椅,治療,1345,"['Mon', 'Wed', 'Thu', 'Fri']",九龍灣臨華街南豐商業中心  (停車場出入口),觀塘,22.3228937737599,114.207553513947,15:15:00,915.0,將軍澳彩明苑(近彩明街巴士站),觀塘,22.3066797600127,114.253812623996,16:25:00,985.0,2024-05-14,2024-07-01,,,,True,70.0,0,1
SR3752,乘客1481,WC,手動輪椅可以過椅,訓練,135,"['Mon', 'Wed', 'Fri']",九龍灣臨華街南豐商業中心  (停車場出入口),觀塘,22.3228937737599,114.207553513947,15:15:00,915.0,藍田廣田邨廣逸樓,觀塘,22.3027176976613,114.240661241029,15:40:00,940.0,2025-03-21,2025-07-01,,,,True,25.0,1,0
SR3752,乘客1482,WC,手杖,工作,12345,"['Mon', 'Tue', 'Wed', 'Thu', 'Fri']",將軍澳工業邨駿才街80號,將軍澳,22.2808907771538,114.272380982536,17:45:00,1065.0,深水埗置輝閣 (大埔道31-35號),將軍澳,22.3298811328202,114.16610183383,18:40:00,1120.0,2023-08-15,2024-03-01,,,,True,55.0,1,0
SR3752,乘客1483,NWC,電動輪椅,工作,12345,"['Mon', 'Tue', 'Wed', 'Thu', 'Fri']",安秀道23號安泰邨服務設施大樓,觀塘,22.3252464981736,114.231040191223,18:15:00,1095.0,富昌邨富旺樓,觀塘,22.3292458582192,114.154828972683,18:50:00,1130.0,2023-08-06,2024-03-01,,,2100-12-31,True,35.0,0,1
SR3761,乘客1484,WC,手杖,訓練,12345,"['Mon', 'Tue', 'Wed', 'Thu', 'Fri']",柴灣樂民道3號東區醫院(樂民居),東區,22.2696275404898,114.237712024744,07:05:00,425.0,荔枝嶺路31號明愛賽馬會荔景中心,東區,22.3457368930055,114.131738690038,08:40:00,520.0,2024-08-19,2024-09-01,,,,True,95.0,1,0
SR3761,乘客1485,NWC,電動輪椅,工作,12345,"['Mon', 'Tue', 'Wed', 'Thu', 'Fri']",竹園南邨華園樓(入閘後左邊第一個路口),黃大仙,22.344518487107,114.191658397999,07:35:00,455.0,沙田中文大學康本國際學術園,黃大仙,22.4164802461145,114.211199704123,08:10:00,490.0,2024-03-08,2025-06-01,,,,True,35.0,0,1
SR3761,乘客1486,WC,手推架,訓練,12345,"['Mon', 'Tue', 'Wed', 'Thu', 'Fri']",西營盤高街69號賢德大廈,中西區,22.2852756980562,114.141745209345,09:15:00,555.0,華貴邨東華三院莫羅瑞華復康中心,中西區,22.2500808928871,114.137973599442,09:30:00,570.0,2024-07-17,2024-09-01,,,,True,15.0,1,0
SR3761,乘客1487,NWC,手杖,訓練,12345,"['Mon', 'Tue', 'Wed', 'Thu', 'Fri']",銅鑼灣禮頓道37號崇蘭大廈,灣仔,22.2773081053613,114.182318131521,10:00:00,600.0,筲箕灣愛東邨愛善樓(迴旋處),灣仔,22.2807960507043,114.226949708977,10:20:00,620.0,2022-12-01,2022-08-01,,,2099-12-31,True,20.0,0,1
SR3762,乘客1488,NWC,手杖,訓練,12345,"['Mon', 'Tue', 'Wed', 'Thu', 'Fri']",筲箕灣愛東邨愛善樓(迴旋處),東區,22.2807960507043,114.226949708977,15:50:00,950.0,銅鑼灣禮頓道37號崇蘭大廈,東區,22.2773081053613,114.182318131521,16:10:00,970.0,2022-12-01,2022-08-01,,,2099-12-31,True,20.0,0,1
SR3762,乘客1489,NWC,手杖,訓練,12345,"['Mon', 'Tue', 'Wed', 'Thu', 'Fri']",華貴邨東華三院莫羅瑞華復康中心,南區,22.2500808928871,114.137973599442,16:20:00,980.0,田灣邨田澤樓(近小巴站),南區,22.252356763292,114.150858493451,16:30:00,990.0,2024-11-08,2025-01-01,,,,True,10.0,0,1
SR3762,乘客1490,NWC,手推架,訓練,12345,"['Mon', 'Tue', 'Wed', 'Thu', 'Fri']",華貴邨東華三院莫羅瑞華復康中心,南區,22.2500808928871,114.137973599442,16:30:00,990.0,西營盤高街69號賢德大廈,南區,22.2852756980562,114.141745209345,16:45:00,1005.0,2024-07-17,2024-09-01,,,,True,15.0,0,1
SR3762,乘客1491,NWC,手動輪椅可以過椅,訓練,12345,"['Mon', 'Tue', 'Wed', 'Thu', 'Fri']",高街2號西營盤社區大樓,中西區,22.284941714479,114.144061584,16:50:00,1010.0,北角百福道丹拿山循道學校外 (巴士站對面),中西區,22.2908945008893,114.205148503139,17:15:00,1035.0,2024-09-17,2024-10-01,,,,True,25.0,0,1
SR6001,乘客1492,WC,電動輪椅,工作,12345,"['Mon', 'Tue', 'Wed', 'Thu', 'Fri']",天水圍天耀(二)邨耀昌樓(迴旋處),元朗,22.4516220538307,114.002917859032,07:00:00,420.0,南昌街248號賽馬會盲人中心(大坑西街停車場口),元朗,22.3342569030873,114.168467364916,08:45:00,525.0,2018-09-07,2022-08-01,,,2028-12-31,True,105.0,1,0
SR6001,乘客1492跟車,WC,,工作,12345,"['Mon', 'Tue', 'Wed', 'Thu', 'Fri']",天水圍天耀(二)邨耀昌樓(迴旋處),元朗,22.4516220538307,114.002917859032,07:00:00,420.0,南昌街248號賽馬會盲人中心(大坑西街停車場口),元朗,22.3342569030873,114.168467364916,08:45:00,525.0,2018-09-07,2022-08-01,,,2028-12-31,True,105.0,1,0
SR6001,乘客1493,NWC,電動輪椅,工作,12345,"['Mon', 'Tue', 'Wed', 'Thu', 'Fri']",天水圍天晴邨晴滿樓,元朗,22.4641965013439,114.004856438132,07:15:00,435.0,長沙灣麗閣邨麗籮樓,元朗,22.332142970427,114.157334068738,08:35:00,515.0,2024-02-24,2024-03-01,,,,True,80.0,0,1
SR6001,乘客1494,WC,嬰兒手推車型輪椅,上學,12345,"['Mon', 'Tue', 'Wed', 'Thu', 'Fri']",龍逸邨健龍樓,屯門,22.3866553561057,113.967410391487,07:45:00,465.0,禾輋邨豐禾里2號耀能協會高福耀學校,屯門,22.3880619400787,114.193646480171,09:40:00,580.0,2024-07-11,2024-09-01,,,,True,115.0,1,0
SR6001,乘客1494跟車,WC,,上學,12345,"['Mon', 'Tue', 'Wed', 'Thu', 'Fri']",龍逸邨健龍樓,屯門,22.3866553561057,113.967410391487,07:45:00,465.0,禾輋邨豐禾里2號耀能協會高福耀學校,屯門,22.3880619400787,114.193646480171,09:40:00,580.0,2024-07-11,2024-09-01,,,,True,115.0,1,0
SR6001,乘客1495,NWC,手動輪椅不可過椅,工作,12345,"['Mon', 'Tue', 'Wed', 'Thu', 'Fri']",豐安街翠寧花園(入閘),屯門,22.3845524723998,113.973979226562,07:50:00,470.0,源禾路21號香港專業教育學院,屯門,22.3902075255876,114.198217822211,09:10:00,550.0,2010-06-18,2022-08-01,,,2026-12-31,True,80.0,0,1
SR6001,乘客1496,WC,手動輪椅不可過椅,上學,12345,"['Mon', 'Tue', 'Wed', 'Thu', 'Fri']",沙田第一城41座,沙田,22.3858066829367,114.203089613886,09:20:00,560.0,禾輋邨豐禾里2號耀能協會高福耀學校,沙田,22.3880619400787,114.193646480171,09:40:00,580.0,2025-07-07,2025-09-01,,,,True,20.0,1,0
SR6001,乘客1496跟車,WC,,上學,12345,"['Mon', 'Tue', 'Wed', 'Thu', 'Fri']",沙田第一城41座,沙田,22.3858066829367,114.203089613886,09:20:00,560.0,禾輋邨豐禾里2號耀能協會高福耀學校,沙田,22.3880619400787,114.193646480171,09:40:00,580.0,2025-07-07,2025-09-01,,,,True,20.0,1,0
SR6002,乘客1497,NWC,手動輪椅可以過椅,上學,12345,"['Mon', 'Tue', 'Wed', 'Thu', 'Fri']",公園南路26號保良局羅氏信託學校,元朗,22.4407665228824,114.017589729338,16:10:00,970.0,和田邨(閘內),元朗,22.4147011078035,113.968586781654,17:10:00,1030.0,2023-09-11,2024-03-01,,,,True,60.0,0,1
SR6002,乘客1498,WC,手動輪椅不可過椅,上學,12345,"['Mon', 'Tue', 'Wed', 'Thu', 'Fri']",公園南路26號保良局羅氏信託學校,元朗,22.4407665228824,114.017589729338,16:10:00,970.0,菁田邨菁心樓,元朗,22.4115741774018,113.971610368255,17:00:00,1020.0,2023-10-11,2023-11-01,,,,True,50.0,1,0
SR6002,乘客1499,WC,手動輪椅不可過椅,上學,12345,"['Mon', 'Tue', 'Wed', 'Thu', 'Fri']",公園南路26號保良局羅氏信託學校,元朗,22.4407665228824,114.017589729338,16:10:00,970.0,屯富路15號紀律部隊宿舍,元朗,22.4092707023815,113.980050375878,16:35:00,995.0,2021-07-07,2022-08-01,,,2031-12-31,True,25.0,1,0
SR6002,乘客1499跟車,WC,,上學,12345,"['Mon', 'Tue', 'Wed', 'Thu', 'Fri']",公園南路26號保良局羅氏信託學校,元朗,22.4407665228824,114.017589729338,16:10:00,970.0,屯富路15號紀律部隊宿舍,元朗,22.4092707023815,113.980050375878,16:35:00,995.0,2021-07-07,2022-08-01,,,2031-12-31,True,25.0,1,0
SR6002,乘客1500,NWC,嬰兒手推車型輪椅,上學,12345,"['Mon', 'Tue', 'Wed', 'Thu', 'Fri']",公園南路26號保良局羅氏信託學校,元朗,22.4407665228824,114.017589729338,16:10:00,970.0,菁田邨菁心樓,元朗,22.4115741774018,113.971610368255,17:00:00,1020.0,2025-07-03,2025-09-01,,,,True,50.0,0,1
SR6002,乘客1500跟車,WC,,上學,12345,"['Mon', 'Tue', 'Wed', 'Thu', 'Fri']",公園南路26號保良局羅氏信託學校,元朗,22.4407665228824,114.017589729338,16:10:00,970.0,菁田邨菁心樓,元朗,22.4115741774018,113.971610368255,17:00:00,1020.0,2025-07-03,2025-09-01,,,,True,50.0,1,0
SR6002,乘客1501,NWC,嬰兒手推車型輪椅;白手杖,上學,12345,"['Mon', 'Tue', 'Wed', 'Thu', 'Fri']",公園南路26號保良局羅氏信託學校,元朗,22.4407665228824,114.017589729338,16:10:00,970.0,屯門屯子圍涼亭,元朗,22.4204003892559,113.980349327675,16:50:00,1010.0,2025-02-06,2025-03-01,,,,True,40.0,0,1
SR6002,乘客1502,WC,嬰兒手推車型輪椅;手動輪椅可以過椅,上學,12345,"['Mon', 'Tue', 'Wed', 'Thu', 'Fri']",公園南路26號保良局羅氏信託學校,元朗,22.4407665228824,114.017589729338,16:10:00,970.0,和田邨(閘內),元朗,22.4147011078035,113.968586781654,17:10:00,1030.0,2024-09-19,2024-11-01,,,,True,60.0,1,0
SR6011,乘客1503,WC,手動輪椅不可過椅,上學,12345,"['Mon', 'Tue', 'Wed', 'Thu', 'Fri']",菁田邨菁心樓,屯門,22.4115741774018,113.971610368255,07:35:00,455.0,公園南路26號保良局羅氏信託學校,屯門,22.4407665228824,114.017589729338,08:30:00,510.0,2023-10-11,2023-11-01,,,,True,55.0,1,0
SR6011,乘客1504,WC,嬰兒手推車型輪椅,上學,12345,"['Mon', 'Tue', 'Wed', 'Thu', 'Fri']",菁田邨菁心樓,屯門,22.4115741774018,113.971610368255,07:35:00,455.0,公園南路26號保良局羅氏信託學校,屯門,22.4407665228824,114.017589729338,08:30:00,510.0,2025-07-03,2025-09-01,,,,True,55.0,1,0
SR6011,乘客1504跟車,WC,,上學,12345,"['Mon', 'Tue', 'Wed', 'Thu', 'Fri']",菁田邨菁心樓,屯門,22.4115741774018,113.971610368255,07:35:00,455.0,公園南路26號保良局羅氏信託學校,屯門,22.4407665228824,114.017589729338,08:30:00,510.0,2025-07-03,2025-09-01,,,,True,55.0,1,0
SR6011,乘客1505,NWC,手動輪椅可以過椅,上學,12345,"['Mon', 'Tue', 'Wed', 'Thu', 'Fri']",洪水橋洪福邨洪福商場(近洪元路的士站),元朗,22.4361018936445,113.997240351447,08:10:00,490.0,公園南路26號保良局羅氏信託學校,元朗,22.4407665228824,114.017589729338,08:30:00,510.0,2015-06-26,2022-08-01,,,2029-12-31,True,20.0,0,1
SR6011,乘客1506,WC,其他 / 特殊情況,訓練,12345,"['Mon', 'Tue', 'Wed', 'Thu', 'Fri']",天盛苑天靖街(迴旋處),元朗,22.4493268789519,114.001504503317,09:00:00,540.0,上水太平邨平治樓匡智中心,元朗,22.4983155452065,114.126215744769,10:25:00,625.0,2015-07-13,2022-08-01,,,2026-12-31,True,85.0,1,0
SR6011,乘客1507,NWC,其他 / 特殊情況,訓練,12345,"['Mon', 'Tue', 'Wed', 'Thu', 'Fri']",大棠路駿逸雅苑3A座(入閘),元朗,22.4310480695268,114.028063305838,09:15:00,555.0,上水太平邨平治樓匡智中心,元朗,22.4983155452065,114.126215744769,10:25:00,625.0,2019-01-16,2022-08-01,,,2029-12-31,True,70.0,0,1
SR6011,乘客1508,NWC,其他 / 特殊情況,訓練,12345,"['Mon', 'Tue', 'Wed', 'Thu', 'Fri']",新時代廣場(地下落客區),元朗,22.4444808702728,114.03526385559,09:30:00,570.0,上水太平邨平治樓匡智中心,元朗,22.4983155452065,114.126215744769,10:25:00,625.0,2015-07-13,2022-08-01,,,2026-12-31,True,55.0,0,1
SR6011,乘客1508跟車,NWC,,訓練,12345,"['Mon', 'Tue', 'Wed', 'Thu', 'Fri']",新時代廣場(地下落客區),元朗,22.4444808702728,114.03526385559,09:30:00,570.0,上水太平邨平治樓匡智中心,元朗,22.4983155452065,114.126215744769,10:25:00,625.0,2015-07-13,2022-08-01,,,2026-12-31,True,55.0,0,1
SR6011,乘客1509,NWC,其他 / 特殊情況,訓練,12345,"['Mon', 'Tue', 'Wed', 'Thu', 'Fri']",錦繡花園K段5街57號,元朗,22.4793759070487,114.048496591617,09:55:00,595.0,上水太平邨平治樓匡智中心,元朗,22.4983155452065,114.126215744769,10:25:00,625.0,2015-07-13,2022-08-01,,,2026-12-31,True,30.0,0,1
SR6011,乘客1510,NWC,手動輪椅不可過椅,訓練,12345,"['Mon', 'Tue', 'Wed', 'Thu', 'Fri']",錦繡花園I段5街12號,元朗,22.4786602252126,114.043789284684,10:00:00,600.0,上水太平邨平治樓匡智中心,元朗,22.4983155452065,114.126215744769,10:25:00,625.0,2015-07-13,2022-08-01,,,2026-12-31,True,25.0,0,1
SR6012,乘客1511,WC,其他 / 特殊情況,訓練,12345,"['Mon', 'Tue', 'Wed', 'Thu', 'Fri']",湖景邨湖暉樓聖公會展能中心,屯門,22.3774694066853,113.965428726418,15:00:00,900.0,青榕街2號屯門閣,屯門,22.3781406855786,113.98500530143,15:25:00,925.0,2020-01-21,2022-08-01,,,2030-12-31,True,25.0,1,0
SR6012,乘客1512,NWC,電動輪椅,訓練,234,"['Tue', 'Wed', 'Thu']",湖景邨湖光樓鄰舍輔導會康復中心,屯門,22.3748653923515,113.964845276919,15:05:00,905.0,香港天水圍天壇街21號,屯門,22.4611084,113.9950875,16:25:00,985.0,2024-03-26,2024-05-01,,,,True,80.0,0,1
SR6012,乘客1513,WC,其他 / 特殊情況,上學,12345,"['Mon', 'Tue', 'Wed', 'Thu', 'Fri']",恆貴街8號基督教服務處培愛學校,屯門,22.3823515244668,113.973890357127,15:50:00,950.0,天水圍天悅邨悅泰樓(近郵局),屯門,22.4626571203697,113.998872983978,16:50:00,1010.0,2026-01-03,2026-02-01,,,,True,60.0,1,0
SR6012,乘客1514,NWC,其他 / 特殊情況,上學,12345,"['Mon', 'Tue', 'Wed', 'Thu', 'Fri']",恆貴街8號基督教服務處培愛學校,屯門,22.3823515244668,113.973890357127,15:50:00,950.0,天水圍天恩邨恩翠樓,屯門,22.4644522226582,113.996418801235,16:35:00,995.0,2013-07-24,2025-11-01,,,2026-12-31,True,45.0,0,1
SR6012,乘客1515,NWC,手動輪椅不可過椅,上學,12345,"['Mon', 'Tue', 'Wed', 'Thu', 'Fri']",恆貴街8號基督教服務處培愛學校,屯門,22.3823515244668,113.973890357127,15:50:00,950.0,天水圍天恩邨恩樂樓,屯門,22.4629695149938,113.996168063674,16:40:00,1000.0,2021-11-19,2022-08-01,,,2031-12-31,True,50.0,0,1
SR6012,乘客1516,WC,手動輪椅可以過椅;嬰兒手推車型輪椅;手推架,上學,12345,"['Mon', 'Tue', 'Wed', 'Thu', 'Fri']",恆貴街8號基督教服務處培愛學校,屯門,22.3823515244668,113.973890357127,15:50:00,950.0,天水圍天華邨(閘口迴旋處),屯門,22.4599342875696,113.995521642706,16:25:00,985.0,2020-12-15,2022-08-01,,,2031-12-31,True,35.0,1,0
SR6012,乘客1517,WC,手動輪椅不可過椅;手動輪椅可以過椅,上學,12345,"['Mon', 'Tue', 'Wed', 'Thu', 'Fri']",恆貴街8號基督教服務處培愛學校,屯門,22.3823515244668,113.973890357127,15:50:00,950.0,天水圍嘉湖山莊翠湖居6座,屯門,22.4587063081225,113.999573473135,16:20:00,980.0,2020-10-07,2022-08-01,,,2030-12-31,True,30.0,1,0
SR6012,乘客1518,WC,不需輔助工具,上學,12345,"['Mon', 'Tue', 'Wed', 'Thu', 'Fri']",恆貴街8號基督教服務處培愛學校,屯門,22.3823515244668,113.973890357127,15:50:00,950.0,天水圍天晴邨晴喜樓,屯門,22.4638784031338,114.004963970275,17:05:00,1025.0,2023-03-07,2022-08-01,,,2033-12-31,True,75.0,1,0
SR6012,乘客1519,NWC,手動輪椅不可過椅;其他 / 特殊情況,訓練,12345,"['Mon', 'Tue', 'Wed', 'Thu', 'Fri']",富泰邨秀泰樓工程及醫療義務工作協會展毅中心,屯門,22.4130854290833,113.983457080908,17:25:00,1045.0,青榕街1號海景花園4座(入閘),屯門,22.378185633386,113.984360200838,18:00:00,1080.0,2025-04-02,2025-06-01,,,,True,35.0,0,1
SR6012,乘客1520,WC,手杖,訓練,12345,"['Mon', 'Tue', 'Wed', 'Thu', 'Fri']",富泰邨秀泰樓工程及醫療義務工作協會展毅中心,屯門,22.4130854290833,113.983457080908,17:25:00,1045.0,建生邨康生樓,屯門,22.4059145267709,113.969867800252,17:45:00,1065.0,2022-10-21,2022-08-01,,,2032-12-31,True,20.0,1,0
SR6021,乘客1521,NWC,手動輪椅可以過椅;嬰兒手推車型輪椅;手推架,上學,12345,"['Mon', 'Tue', 'Wed', 'Thu', 'Fri']",天水圍天華邨華逸樓,元朗,22.4604917368216,113.995341610063,07:15:00,435.0,恆貴街8號基督教服務處培愛學校,元朗,22.3823515244668,113.973890357127,08:45:00,525.0,2020-12-15,2022-08-01,,,2031-12-31,True,90.0,0,1
SR6021,乘客1522,WC,其他 / 特殊情況,上學,12345,"['Mon', 'Tue', 'Wed', 'Thu', 'Fri']",紫田村150號西坑尾(康寶路直入西坑尾路牌右轉空地),屯門,22.4192900009835,113.970994705747,07:45:00,465.0,恆貴街8號基督教服務處培愛學校,屯門,22.3823515244668,113.973890357127,08:45:00,525.0,2025-04-07,2025-05-01,,,,True,60.0,1,0
SR6021,乘客1523,NWC,手動輪椅不可過椅;嬰兒手推車型輪椅,上學,12345,"['Mon', 'Tue', 'Wed', 'Thu', 'Fri']",良德街12號海麗花園1座,屯門,22.4074466306259,113.968692104239,07:55:00,475.0,恆貴街8號基督教服務處培愛學校,屯門,22.3823515244668,113.973890357127,08:45:00,525.0,2017-05-22,2022-08-01,,,2031-12-31,True,50.0,0,1
SR6021,乘客1524,WC,腳架,上學,12345,"['Mon', 'Tue', 'Wed', 'Thu', 'Fri']",大興邨興平樓,屯門,22.4040130769125,113.971406220989,08:10:00,490.0,恆貴街8號基督教服務處培愛學校,屯門,22.3823515244668,113.973890357127,08:45:00,525.0,2021-09-18,2022-08-01,,,2031-12-31,True,35.0,1,0
SR6021,乘客1524跟車,NWC,,上學,12345,"['Mon', 'Tue', 'Wed', 'Thu', 'Fri']",大興邨興平樓,屯門,22.4040130769125,113.971406220989,08:10:00,490.0,恆貴街8號基督教服務處培愛學校,屯門,22.3823515244668,113.973890357127,08:45:00,525.0,2021-09-18,2022-08-01,,,2031-12-31,True,35.0,0,1
SR6021,乘客1525,NWC,不需輔助工具,上學,12345,"['Mon', 'Tue', 'Wed', 'Thu', 'Fri']",大興邨興平樓,屯門,22.4040130769125,113.971406220989,08:10:00,490.0,恆貴街8號基督教服務處培愛學校,屯門,22.3823515244668,113.973890357127,08:45:00,525.0,2023-07-26,2024-03-01,,,,True,35.0,0,1
SR6021,乘客1526,NWC,不需輔助工具,上學,12345,"['Mon', 'Tue', 'Wed', 'Thu', 'Fri']",大興邨興昌樓社區復康網絡(小停車場),屯門,22.4019250363237,113.969299438484,08:15:00,495.0,恆貴街8號基督教服務處培愛學校,屯門,22.3823515244668,113.973890357127,08:45:00,525.0,2022-11-11,2022-08-01,,,2032-12-31,True,30.0,0,1
SR6021,乘客1527,NWC,其他 / 特殊情況,訓練,12345,"['Mon', 'Tue', 'Wed', 'Thu', 'Fri']",兆興里3號兆麟苑商場(惠康超市正門),屯門,22.3843659986567,113.976475915534,09:05:00,545.0,新福路33號新生農場,屯門,22.410065024971,113.97162711103,10:20:00,620.0,2016-07-06,2022-08-01,,,2026-12-31,True,75.0,0,1
SR6021,乘客1528,NWC,手杖,訓練,12345,"['Mon', 'Tue', 'Wed', 'Thu', 'Fri']",新安街2號富益商業大廈恩榮康復院舍(正門),屯門,22.3939572351788,113.970321432295,09:25:00,565.0,新福路33號新生農場,屯門,22.410065024971,113.97162711103,10:20:00,620.0,2022-11-01,2022-08-01,,,2032-12-31,True,55.0,0,1
SR6021,乘客1529,NWC,手動輪椅不可過椅,訓練,12345,"['Mon', 'Tue', 'Wed', 'Thu', 'Fri']",新安街2號富益商業大廈恩榮康復院舍(正門),屯門,22.3939572351788,113.970321432295,09:25:00,565.0,新福路33號新生農場,屯門,22.410065024971,113.97162711103,10:20:00,620.0,2024-05-02,2024-06-01,,,,True,55.0,0,1
SR6021,乘客1530,WC,手杖,訓練,12345,"['Mon', 'Tue', 'Wed', 'Thu', 'Fri']",山景邨景安樓新生精神康復會銀禧宿舍(迴旋處),屯門,22.3974734084756,113.966051708249,09:50:00,590.0,新福路33號新生農場,屯門,22.410065024971,113.97162711103,10:20:00,620.0,2020-01-15,2022-08-01,,,2030-12-31,True,30.0,1,0
SR6022,乘客1531,NWC,電動輪椅,訓練,12345,"['Mon', 'Tue', 'Wed', 'Thu', 'Fri']",田景邨田樂樓新生精神康復會田景工場(入閘),屯門,22.4071792769665,113.965362054621,15:00:00,900.0,紫田村300號欣樂軒康復院舍,屯門,22.4175567814162,113.97283221858,15:15:00,915.0,2021-03-04,2024-05-01,,,2031-12-31,True,15.0,0,1
SR6022,乘客1532,WC,其他 / 特殊情況,上學,12345,"['Mon', 'Tue', 'Wed', 'Thu', 'Fri']",恆貴街8號基督教服務處培愛學校,屯門,22.3823515244668,113.973890357127,15:50:00,950.0,湖秀街2號悅湖山莊8座,屯門,22.3743725970147,113.96804483186,16:05:00,965.0,2021-08-11,2022-08-01,,,2033-12-31,True,15.0,1,0
SR6022,乘客1533,NWC,手杖,上學,12345,"['Mon', 'Tue', 'Wed', 'Thu', 'Fri']",恆貴街8號基督教服務處培愛學校,屯門,22.3823515244668,113.973890357127,15:50:00,950.0,洪水橋洪福邨服務設施大樓(近巴士站),屯門,22.437374963229,113.998766233547,16:35:00,995.0,2021-11-04,2022-08-01,,,2031-12-31,True,45.0,0,1
SR6022,乘客1534,NWC,手動輪椅不可過椅,上學,12345,"['Mon', 'Tue', 'Wed', 'Thu', 'Fri']",恆貴街8號基督教服務處培愛學校,屯門,22.3823515244668,113.973890357127,15:50:00,950.0,朗日路9號GRAND YOHO 3座,屯門,22.445562671187,114.037417954393,17:30:00,1050.0,2018-03-13,2024-06-01,,,2028-12-31,True,100.0,0,1
SR6022,乘客1535,WC,嬰兒手推車型輪椅,上學,12345,"['Mon', 'Tue', 'Wed', 'Thu', 'Fri']",恆貴街8號基督教服務處培愛學校,屯門,22.3823515244668,113.973890357127,15:50:00,950.0,天水圍天盛苑盛譽閣,屯門,22.4482962970761,114.00149137931,16:55:00,1015.0,2024-11-08,2025-01-01,,,,True,65.0,1,0
SR6022,乘客1536,WC,手推架;其他 / 特殊情況,上學,12345,"['Mon', 'Tue', 'Wed', 'Thu', 'Fri']",恆貴街8號基督教服務處培愛學校,屯門,22.3823515244668,113.973890357127,15:50:00,950.0,天水圍屏欣苑 (橋發街出入口避車處),屯門,22.4449665042,114.004170511255,16:45:00,1005.0,2023-07-27,2024-11-01,,,,True,55.0,1,0
SR6022,乘客1537,NWC,不需輔助工具,上學,12345,"['Mon', 'Tue', 'Wed', 'Thu', 'Fri']",恆貴街8號基督教服務處培愛學校,屯門,22.3823515244668,113.973890357127,15:50:00,950.0,屯門良景邨良智樓,屯門,22.4049247741682,113.961776865094,16:20:00,980.0,2024-03-08,2024-05-01,,,,True,30.0,0,1
SR6022,乘客1538,NWC,嬰兒手推車型輪椅,上學,12345,"['Mon', 'Tue', 'Wed', 'Thu', 'Fri']",恆貴街8號基督教服務處培愛學校,屯門,22.3823515244668,113.973890357127,15:50:00,950.0,元朗朗庭園1座,屯門,22.4447215069906,114.017930662354,17:20:00,1040.0,2024-09-14,2024-11-01,,,,True,90.0,0,1
SR6022,乘客1538跟車,WC,,上學,12345,"['Mon', 'Tue', 'Wed', 'Thu', 'Fri']",恆貴街8號基督教服務處培愛學校,屯門,22.3823515244668,113.973890357127,15:50:00,950.0,元朗朗庭園1座,屯門,22.4447215069906,114.017930662354,17:20:00,1040.0,2024-09-14,2024-11-01,,,,True,90.0,1,0
SR6022,乘客1539,NWC,不需輔助工具,上學,12345,"['Mon', 'Tue', 'Wed', 'Thu', 'Fri']",恆貴街8號基督教服務處培愛學校,屯門,22.3823515244668,113.973890357127,15:50:00,950.0,屯門良景邨良智樓,屯門,22.4049247741682,113.961776865094,16:20:00,980.0,2025-07-03,2025-09-01,,,,True,30.0,0,1
SR6022,乘客1540,NWC,不需輔助工具,上學,12345,"['Mon', 'Tue', 'Wed', 'Thu', 'Fri']",恆貴街8號基督教服務處培愛學校,屯門,22.3823515244668,113.973890357127,15:50:00,950.0,屯門良景邨良智樓,屯門,22.4049247741682,113.961776865094,16:20:00,980.0,2024-12-09,2025-01-01,,,,True,30.0,0,1
SR6022,乘客1541,NWC,其他 / 特殊情況,上學,12345,"['Mon', 'Tue', 'Wed', 'Thu', 'Fri']",恆貴街8號基督教服務處培愛學校,屯門,22.3823515244668,113.973890357127,15:50:00,950.0,洪水橋洪福邨服務設施大樓(近巴士站),屯門,22.437374963229,113.998766233547,16:35:00,995.0,2025-04-21,2025-06-01,,,,True,45.0,0,1
SR6022,乘客1542,NWC,不需輔助工具,訓練,12345,"['Mon', 'Tue', 'Wed', 'Thu', 'Fri']",朗屏邨悅屏樓5-20號基督教懷智服務處朗藝坊,元朗,22.4482779894458,114.022689841101,17:05:00,1025.0,安寧路欣康樓盲人輔導會欣悅軒(巴士站),元朗,22.4458726990161,114.022348698922,17:10:00,1030.0,2021-07-10,2022-08-01,,,2031-12-31,True,5.0,0,1
SR6022,乘客1543,NWC,手杖,訓練,12345,"['Mon', 'Tue', 'Wed', 'Thu', 'Fri']",朗屏邨悅屏樓5-20號基督教懷智服務處朗藝坊,元朗,22.4482779894458,114.022689841101,17:05:00,1025.0,藍地(巴士站屯門方向),元朗,22.4179153442211,113.982139628375,17:45:00,1065.0,2018-04-26,2022-08-01,,,2028-12-31,True,40.0,0,1
SR6031,乘客1544,NWC,不需輔助工具,上學,12345,"['Mon', 'Tue', 'Wed', 'Thu', 'Fri']",天水圍天恒邨恒智樓,元朗,22.4705295244028,114.000571578197,07:25:00,445.0,公園南路26號保良局羅氏信託學校,元朗,22.4407665228824,114.017589729338,07:45:00,465.0,2019-10-22,2022-08-01,,,2029-12-31,True,20.0,0,1
SR6031,乘客1545,NWC,手動輪椅不可過椅,訓練,12345,"['Mon', 'Tue', 'Wed', 'Thu', 'Fri']",天水圍天耀邨耀華樓,元朗,22.4522322808363,114.005601145918,08:00:00,480.0,天水圍天晴邨天晴社區綜合服務大樓,元朗,22.4634694929969,114.004451216361,08:35:00,515.0,2015-03-18,2022-08-01,,,2026-12-31,True,35.0,0,1
SR6031,乘客1546,WC,手杖,訓練,12345,"['Mon', 'Tue', 'Wed', 'Thu', 'Fri']",天水圍天瑞邨瑞財樓(消防閘口),元朗,22.4562908015415,113.997745009688,08:05:00,485.0,新福路33號新生農場,元朗,22.410065024971,113.97162711103,09:30:00,570.0,2023-10-05,2024-03-01,,,,True,85.0,1,0
SR6031,乘客1547,NWC,電動輪椅,訓練,12345,"['Mon', 'Tue', 'Wed', 'Thu', 'Fri']",天水圍天華邨華萃樓,元朗,22.4598375728152,113.99551237818,08:15:00,495.0,青山公路201號竹園神召會康樂工場,元朗,22.3988168628371,113.977088778088,09:00:00,540.0,2014-07-09,2022-08-01,,,2026-12-31,True,45.0,0,1
SR6031,乘客1548,WC,電動輪椅,訓練,234,"['Tue', 'Wed', 'Thu']",天水圍天華邨華萃樓,元朗,22.4598375728152,113.99551237818,08:15:00,495.0,湖景邨湖光樓鄰舍輔導會康復中心,元朗,22.3748653923515,113.964845276919,10:10:00,610.0,2024-03-26,2024-05-01,,,,True,115.0,1,0
SR6031,乘客1549,WC,白手杖,訓練,12345,"['Mon', 'Tue', 'Wed', 'Thu', 'Fri']",天水圍天逸邨逸江樓,元朗,22.466731759006,113.999747454057,08:30:00,510.0,青山公路201號竹園神召會康樂工場,元朗,22.3988168628371,113.977088778088,09:00:00,540.0,2015-01-14,2022-08-01,,,2026-12-31,True,30.0,1,0
SR6031,乘客1550,NWC,手動輪椅不可過椅;手推架,訓練,135,"['Mon', 'Wed', 'Fri']",井財街9號錦發大廈,屯門,22.4032930304018,113.978062220311,09:10:00,550.0,湖景邨湖光樓鄰舍輔導會康復中心,屯門,22.3748653923515,113.964845276919,10:10:00,610.0,2024-04-25,2025-11-01,,,,True,60.0,0,1
SR6031,乘客1551,WC,手推架,訓練,235,"['Tue', 'Wed', 'Fri']",友愛邨愛暉樓,屯門,22.3882006599582,113.973547506307,09:45:00,585.0,湖景邨湖光樓鄰舍輔導會康復中心,屯門,22.3748653923515,113.964845276919,10:10:00,610.0,2025-10-03,2025-11-01,,,,True,25.0,1,0
SR6032,乘客1552,NWC,手動輪椅不可過椅;手動輪椅可以過椅,上學,12345,"['Mon', 'Tue', 'Wed', 'Thu', 'Fri']",公園南路26號保良局羅氏信託學校,元朗,22.4407665228824,114.017589729338,15:20:00,920.0,葵涌邨雅葵樓(上角街迴旋處),元朗,22.3690789674732,114.127037222295,17:10:00,1030.0,2018-10-22,2022-08-01,,,2028-12-31,True,110.0,0,1
SR6032,乘客1553,WC,其他 / 特殊情況,訓練,12345,"['Mon', 'Tue', 'Wed', 'Thu', 'Fri']",蝴蝶邨蝶意樓鄰舍輔導會工場(仁德天主教小學側停車場),屯門,22.3760236089532,113.963491512947,15:40:00,940.0,楊屋道1號荃新天地鄰舍輔導會怡康居(上落貨區),屯門,22.3694950394267,114.113214343407,17:00:00,1020.0,2009-04-27,2022-08-01,,,2026-12-31,True,80.0,1,0
SR6032,乘客1554,NWC,其他 / 特殊情況,上學,12345,"['Mon', 'Tue', 'Wed', 'Thu', 'Fri']",豐安街1號展亮技能發展中心,屯門,22.3843094323628,113.971921106062,16:10:00,970.0,青山公路644號翠濤閣2座,屯門,22.3704999531762,114.09840955958,16:45:00,1005.0,2023-09-06,2024-03-01,,,,True,35.0,0,1
SR6032,乘客1555,NWC,手動輪椅不可過椅,訓練,12345,"['Mon', 'Tue', 'Wed', 'Thu', 'Fri']",安定邨定泰樓香港耀能協會安定宿舍,屯門,22.3878459673284,113.977129093216,16:15:00,975.0,梨木樹邨松樹樓,屯門,22.3792735162164,114.13563573261,17:20:00,1040.0,2009-12-29,2022-08-01,,,2026-12-31,True,65.0,0,1
SR6032,乘客1556,WC,電動輪椅,工作,12345,"['Mon', 'Tue', 'Wed', 'Thu', 'Fri']",長沙灣麗閣邨麗籮樓,深水埗,22.332142970427,114.157334068738,18:00:00,1080.0,天水圍天晴邨晴滿樓,深水埗,22.4641965013439,114.004856438132,19:30:00,1170.0,2024-02-24,2024-03-01,,,,True,90.0,1,0
SR6032,乘客1557,WC,電動輪椅,工作,12345,"['Mon', 'Tue', 'Wed', 'Thu', 'Fri']",南昌街248號賽馬會盲人中心(大坑西街停車場口),深水埗,22.3342569030873,114.168467364916,18:20:00,1100.0,天水圍天耀(二)邨耀昌樓(迴旋處),深水埗,22.4516220538307,114.002917859032,19:15:00,1155.0,2018-09-07,2022-08-01,,,2028-12-31,True,55.0,1,0
SR6032,乘客1557跟車,WC,,工作,12345,"['Mon', 'Tue', 'Wed', 'Thu', 'Fri']",南昌街248號賽馬會盲人中心(大坑西街停車場口),深水埗,22.3342569030873,114.168467364916,18:20:00,1100.0,天水圍天耀(二)邨耀昌樓(迴旋處),深水埗,22.4516220538307,114.002917859032,19:15:00,1155.0,2018-09-07,2022-08-01,,,2028-12-31,True,55.0,1,0
SR6041,乘客1558,NWC,手杖,訓練,12345,"['Mon', 'Tue', 'Wed', 'Thu', 'Fri']",馬鞍山耀安邨耀遜樓,沙田,22.4190134241472,114.231447324054,07:10:00,430.0,禾輋邨民和樓香港耀能協會禾輋工場,沙田,22.3896818562553,114.195226190129,08:05:00,485.0,2025-08-01,2025-10-01,,,,True,55.0,0,1
SR6041,乘客1559,NWC,其他 / 特殊情況,訓練,12345,"['Mon', 'Tue', 'Wed', 'Thu', 'Fri']",大圍豐盛苑富盛閣(入閘),沙田,22.3723072231528,114.188702182039,07:30:00,450.0,禾輋邨民和樓香港耀能協會禾輋工場,沙田,22.3896818562553,114.195226190129,08:05:00,485.0,2017-05-12,2024-12-01,,,2026-12-31,True,35.0,0,1
SR6041,乘客1560,NWC,手動輪椅可以過椅;白手杖,上學,12345,"['Mon', 'Tue', 'Wed', 'Thu', 'Fri']",新翠邨新俊樓,沙田,22.3689505071165,114.182399560805,07:40:00,460.0,沙田東華三院馮黃鳳亭中學,沙田,22.3848640525499,114.192836684179,07:55:00,475.0,2025-12-01,2026-02-01,,,,True,15.0,0,1
SR6041,乘客1561,WC,手動輪椅可以過椅;手杖,訓練,12345,"['Mon', 'Tue', 'Wed', 'Thu', 'Fri']",火炭銀禧花園6座,沙田,22.3982707243009,114.200431088501,08:20:00,500.0,藍田德田邨德盛樓耀能協會德田工場,沙田,22.3073859320734,114.239077121155,09:10:00,550.0,2011-09-12,2022-08-01,,,2026-12-31,True,50.0,1,0
SR6041,乘客1562,WC,手杖,訓練,12345,"['Mon', 'Tue', 'Wed', 'Thu', 'Fri']",藍田平田邨平誠樓(消防閘口),觀塘,22.3061970215183,114.237158031581,08:55:00,535.0,翠屏北邨翠梅樓香港心理衛生會觀塘庇護工場,觀塘,22.3159432858224,114.22894173631,09:40:00,580.0,2018-02-07,2022-08-01,,,2028-12-31,True,45.0,1,0
SR6041,乘客1563,NWC,電動輪椅;手動輪椅不可過椅,工作,12345,"['Mon', 'Tue', 'Wed', 'Thu', 'Fri']",藍田德田邨德隆樓,觀塘,22.3072253678641,114.238169478258,09:20:00,560.0,藍田復康徑7號藍田綜合中心,觀塘,22.3080382817291,114.23042037906,09:50:00,590.0,2014-01-22,2022-08-01,,,2031-12-31,True,30.0,0,1
SR6041,乘客1564,WC,手動輪椅可以過椅,訓練,24,"['Tue', 'Thu']",藍田麗港城17座,觀塘,22.3060526478251,114.227382401327,10:00:00,600.0,九龍灣臨華街南豐商業中心  (停車場出入口),觀塘,22.3228937737599,114.207553513947,10:15:00,615.0,2025-07-31,2026-02-01,,,,True,15.0,1,0
SR6042,乘客1565,WC,手動輪椅不可過椅,上學,12345,"['Mon', 'Tue', 'Wed', 'Thu', 'Fri']",藍田復康徑8號紅十字會雅麗珊學校,觀塘,22.3074345515783,114.230656003018,15:40:00,940.0,馬鞍山彩沙街1號星漣海,觀塘,22.432840082296,114.242453924966,16:35:00,995.0,2019-07-17,2022-08-01,,,2029-12-31,True,55.0,1,0
SR6042,乘客1566,WC,腳架,上學,12345,"['Mon', 'Tue', 'Wed', 'Thu', 'Fri']",藍田復康徑8號紅十字會雅麗珊學校,觀塘,22.3074345515783,114.230656003018,15:40:00,940.0,沙田正街3-9號希爾頓中心(近巴士站),觀塘,22.3796995634793,114.187118498373,16:20:00,980.0,2020-07-28,2022-08-01,,,2030-12-31,True,40.0,1,0
SR6042,乘客1567,NWC,嬰兒手推車型輪椅;手推架,上學,12345,"['Mon', 'Tue', 'Wed', 'Thu', 'Fri']",藍田復康徑8號紅十字會雅麗珊學校,觀塘,22.3074345515783,114.230656003018,15:40:00,940.0,"馬鞍山錦英苑B座錦佳閣(入邨入閘,AB座中間)",觀塘,22.4230656981601,114.237906014194,16:40:00,1000.0,2024-07-10,2024-09-01,,,2030-08-31,True,60.0,0,1
SR6042,乘客1567跟車,WC,,上學,12345,"['Mon', 'Tue', 'Wed', 'Thu', 'Fri']",藍田復康徑8號紅十字會雅麗珊學校,觀塘,22.3074345515783,114.230656003018,15:40:00,940.0,"馬鞍山錦英苑B座錦佳閣(入邨入閘,AB座中間)",觀塘,22.4230656981601,114.237906014194,16:40:00,1000.0,2024-07-10,2024-09-01,,,2030-08-31,True,60.0,1,0
SR6042,乘客1568,NWC,嬰兒手推車型輪椅,上學,12345,"['Mon', 'Tue', 'Wed', 'Thu', 'Fri']",藍田復康徑8號紅十字會雅麗珊學校,觀塘,22.3074345515783,114.230656003018,15:40:00,940.0,大圍站(B出口上落客區),觀塘,22.3725302244568,114.179478443192,16:10:00,970.0,2025-06-03,2025-09-01,,,,True,30.0,0,1
SR6042,乘客1568跟車,WC,,上學,12345,"['Mon', 'Tue', 'Wed', 'Thu', 'Fri']",藍田復康徑8號紅十字會雅麗珊學校,觀塘,22.3074345515783,114.230656003018,15:40:00,940.0,大圍站(B出口上落客區),觀塘,22.3725302244568,114.179478443192,16:10:00,970.0,2025-06-03,2025-09-01,,,,True,30.0,1,0
SR6042,乘客1569,NWC,其他 / 特殊情況,上學,12345,"['Mon', 'Tue', 'Wed', 'Thu', 'Fri']",藍田復康徑8號紅十字會雅麗珊學校,觀塘,22.3074345515783,114.230656003018,15:40:00,940.0,沙田廣源邨廣榕樓,觀塘,22.381127379346,114.214292174611,16:50:00,1010.0,2025-07-08,2025-09-01,,,,True,70.0,0,1
SR6042,乘客1569跟車,NWC,,上學,12345,"['Mon', 'Tue', 'Wed', 'Thu', 'Fri']",藍田復康徑8號紅十字會雅麗珊學校,觀塘,22.3074345515783,114.230656003018,15:40:00,940.0,沙田廣源邨廣榕樓,觀塘,22.381127379346,114.214292174611,16:50:00,1010.0,2025-07-08,2025-09-01,,,,True,70.0,0,1
SR6042,乘客1570,NWC,其他 / 特殊情況,上學,12345,"['Mon', 'Tue', 'Wed', 'Thu', 'Fri']",藍田復康徑8號紅十字會雅麗珊學校,觀塘,22.3074345515783,114.230656003018,15:40:00,940.0,大圍站(B出口上落客區),觀塘,22.3725302244568,114.179478443192,16:10:00,970.0,2025-09-02,2025-11-01,,,,True,30.0,0,1
SR6042,乘客1570跟車,NWC,,上學,12345,"['Mon', 'Tue', 'Wed', 'Thu', 'Fri']",藍田復康徑8號紅十字會雅麗珊學校,觀塘,22.3074345515783,114.230656003018,15:40:00,940.0,大圍站(B出口上落客區),觀塘,22.3725302244568,114.179478443192,16:10:00,970.0,2025-09-02,2025-11-01,,,,True,30.0,0,1
SR6042,乘客1571,NWC,其他 / 特殊情況,上學,12345,"['Mon', 'Tue', 'Wed', 'Thu', 'Fri']",藍田復康徑8號紅十字會雅麗珊學校,觀塘,22.3074345515783,114.230656003018,15:40:00,940.0,沙田廣源邨廣榕樓,觀塘,22.381127379346,114.214292174611,16:50:00,1010.0,2025-09-17,2025-11-01,,,,True,70.0,0,1
SR6042,乘客1572,NWC,手杖,訓練,12345,"['Mon', 'Tue', 'Wed', 'Thu', 'Fri']",瀝源邨榮瑞樓唐氏綜合症協會卓業中心,沙田,22.3852687392622,114.191284794365,17:00:00,1020.0,粉嶺名都怡景閣 (新運路近巴士站),沙田,22.4927392409725,114.139673792798,18:00:00,1080.0,2024-10-04,2024-11-01,,,,True,60.0,0,1
SR6042,乘客1573,NWC,其他 / 特殊情況,訓練,12345,"['Mon', 'Tue', 'Wed', 'Thu', 'Fri']",禾輋邨民和樓香港耀能協會禾輋工場,沙田,22.3896818562553,114.195226190129,17:05:00,1025.0,上水清濤苑入閘（卸貨區）,沙田,22.4953718489693,114.128789811765,18:25:00,1105.0,2023-12-12,2024-03-01,,,,True,80.0,0,1
SR6042,乘客1574,NWC,其他 / 特殊情況,訓練,12345,"['Mon', 'Tue', 'Wed', 'Thu', 'Fri']",禾輋邨民和樓香港耀能協會禾輋工場,沙田,22.3896818562553,114.195226190129,17:05:00,1025.0,上水彩園邨彩湖樓,沙田,22.5005839066524,114.125530752932,18:35:00,1115.0,2012-07-14,2024-03-01,,,2026-12-31,True,90.0,0,1
SR6042,乘客1575,NWC,其他 / 特殊情況,訓練,12345,"['Mon', 'Tue', 'Wed', 'Thu', 'Fri']",禾輋邨民和樓香港耀能協會禾輋工場,沙田,22.3896818562553,114.195226190129,17:05:00,1025.0,上水彩園邨彩湖樓,沙田,22.5005839066524,114.125530752932,18:35:00,1115.0,2017-01-18,2024-03-01,,,2026-12-31,True,90.0,0,1
SR6042,乘客1576,NWC,手動輪椅不可過椅,訓練,12345,"['Mon', 'Tue', 'Wed', 'Thu', 'Fri']",禾輋邨民和樓香港耀能協會禾輋工場,沙田,22.3896818562553,114.195226190129,17:05:00,1025.0,新運路粉嶺中心(近巴士站),沙田,22.4908884516097,114.142455229064,17:45:00,1065.0,2011-05-11,2025-09-01,,,2026-12-31,True,40.0,0,1
SR6042,乘客1577,WC,電動輪椅;手杖;手動輪椅可以過椅,訓練,12345,"['Mon', 'Tue', 'Wed', 'Thu', 'Fri']",禾輋邨民和樓香港耀能協會禾輋工場,沙田,22.3896818562553,114.195226190129,17:05:00,1025.0,上水清濤苑入閘（卸貨區）,沙田,22.4953718489693,114.128789811765,18:25:00,1105.0,2024-07-02,2024-08-01,,,,True,80.0,1,0
SR6042,乘客1578,WC,不需輔助工具,訓練,12345,"['Mon', 'Tue', 'Wed', 'Thu', 'Fri']",禾輋邨民和樓香港耀能協會禾輋工場,沙田,22.3896818562553,114.195226190129,17:05:00,1025.0,上水智順里順欣花園,沙田,22.5013795221417,114.132354439582,18:10:00,1090.0,2024-04-16,2025-09-01,,,,True,65.0,1,0
SR6042,乘客1579,NWC,電動輪椅,訓練,135,"['Mon', 'Wed', 'Fri']",水泉澳邨明泉樓匡智中心(停車場),沙田,22.3744457162465,114.198263900373,17:20:00,1040.0,上水清濤苑入閘（卸貨區）,沙田,22.4953718489693,114.128789811765,18:25:00,1105.0,2025-11-27,2026-02-01,,,,True,65.0,0,1
SR6051,乘客1580,WC,手推架;其他 / 特殊情況,上學,12345,"['Mon', 'Tue', 'Wed', 'Thu', 'Fri']",天水圍屏欣苑 (橋發街出入口避車處),元朗,22.4449665042,114.004170511255,07:45:00,465.0,恆貴街8號基督教服務處培愛學校,元朗,22.3823515244668,113.973890357127,08:50:00,530.0,2023-07-27,2024-11-01,,,,True,65.0,1,0
SR6051,乘客1581,NWC,嬰兒手推車型輪椅,上學,12345,"['Mon', 'Tue', 'Wed', 'Thu', 'Fri']",元朗朗庭園1座,元朗,22.4447215069906,114.017930662354,07:55:00,475.0,恆貴街8號基督教服務處培愛學校,元朗,22.3823515244668,113.973890357127,08:50:00,530.0,2024-09-14,2024-11-01,,,,True,55.0,0,1
SR6051,乘客1581跟車,WC,,上學,12345,"['Mon', 'Tue', 'Wed', 'Thu', 'Fri']",元朗朗庭園1座,元朗,22.4447215069906,114.017930662354,07:55:00,475.0,恆貴街8號基督教服務處培愛學校,元朗,22.3823515244668,113.973890357127,08:50:00,530.0,2024-09-14,2024-11-01,,,,True,55.0,1,0
SR6051,乘客1582,NWC,手動輪椅不可過椅,上學,12345,"['Mon', 'Tue', 'Wed', 'Thu', 'Fri']",朗日路9號GRAND YOHO 3座,元朗,22.445562671187,114.037417954393,08:05:00,485.0,恆貴街8號基督教服務處培愛學校,元朗,22.3823515244668,113.973890357127,08:50:00,530.0,2018-03-13,2024-06-01,,,2028-12-31,True,45.0,0,1
SR6051,乘客1583,WC,手動輪椅不可過椅,上學,12345,"['Mon', 'Tue', 'Wed', 'Thu', 'Fri']",屯貴路9號富泰邨逸泰樓,屯門,22.41322882698,113.985284679489,08:25:00,505.0,恆貴街8號基督教服務處培愛學校,屯門,22.3823515244668,113.973890357127,08:50:00,530.0,2024-05-17,2024-06-01,,,,True,25.0,1,0
SR6051,乘客1584,WC,手動輪椅不可過椅,上學,12345,"['Mon', 'Tue', 'Wed', 'Thu', 'Fri']",屯貴路9號富泰邨逸泰樓,屯門,22.41322882698,113.985284679489,08:25:00,505.0,恆貴街8號基督教服務處培愛學校,屯門,22.3823515244668,113.973890357127,08:50:00,530.0,2016-10-27,2022-08-01,,,2033-12-31,True,25.0,1,0
SR6051,乘客1584跟車,WC,,上學,12345,"['Mon', 'Tue', 'Wed', 'Thu', 'Fri']",屯貴路9號富泰邨逸泰樓,屯門,22.41322882698,113.985284679489,08:25:00,505.0,恆貴街8號基督教服務處培愛學校,屯門,22.3823515244668,113.973890357127,08:50:00,530.0,2016-10-27,2022-08-01,,,2033-12-31,True,25.0,1,0
SR6051,乘客1585,NWC,嬰兒手推車型輪椅,上學,12345,"['Mon', 'Tue', 'Wed', 'Thu', 'Fri']",屯貴路9號富泰邨逸泰樓,屯門,22.41322882698,113.985284679489,08:25:00,505.0,恆貴街8號基督教服務處培愛學校,屯門,22.3823515244668,113.973890357127,08:50:00,530.0,2023-12-01,2024-03-01,,,,True,25.0,0,1
SR6051,乘客1586,WC,手動輪椅不可過椅,訓練,12345,"['Mon', 'Tue', 'Wed', 'Thu', 'Fri']",屯安里1號疊茵庭,屯門,22.4102118165431,113.980912050676,09:05:00,545.0,山景邨社康大樓匡智中心,屯門,22.3985762442479,113.966972177849,09:45:00,585.0,2021-04-01,2022-08-01,,,2031-12-31,True,40.0,1,0
SR6051,乘客1587,WC,手動輪椅可以過椅,訓練,12345,"['Mon', 'Tue', 'Wed', 'Thu', 'Fri']",大興邨鄰舍輔導會大興宿舍(興昌樓路口),屯門,22.4019214314315,113.969209542213,09:25:00,565.0,天水圍天耀邨耀民樓耀能協會天耀工場,屯門,22.4503067538564,114.003433879632,10:05:00,605.0,2019-02-28,2022-08-01,,,2029-12-31,True,40.0,1,0
SR6051,乘客1588,WC,手動輪椅不可過椅,訓練,12345,"['Mon', 'Tue', 'Wed', 'Thu', 'Fri']",屯門大興花園二期3座,屯門,22.399777902533,113.971152401983,09:35:00,575.0,天水圍天澤邨服務設施綜合大樓,屯門,22.467032313702,113.997509317607,10:20:00,620.0,2025-10-13,2025-11-01,,,,True,45.0,1,0
SR6051,乘客1588跟車,WC,,訓練,12345,"['Mon', 'Tue', 'Wed', 'Thu', 'Fri']",屯門大興花園二期3座,屯門,22.399777902533,113.971152401983,09:35:00,575.0,天水圍天澤邨服務設施綜合大樓,屯門,22.467032313702,113.997509317607,10:20:00,620.0,2025-10-13,2025-11-01,,,,True,45.0,1,0
SR6052,乘客1589,NWC,手杖,訓練,12345,"['Mon', 'Tue', 'Wed', 'Thu', 'Fri']",新福路33號新生農場,屯門,22.410065024971,113.97162711103,15:25:00,925.0,天水圍天瑞邨瑞財樓(消防閘口),屯門,22.4562908015415,113.997745009688,16:25:00,985.0,2023-10-05,2024-03-01,,,,True,60.0,0,1
SR6052,乘客1590,NWC,手動輪椅可以過椅,上學,12345,"['Mon', 'Tue', 'Wed', 'Thu', 'Fri']",公園南路26號保良局羅氏信託學校,元朗,22.4407665228824,114.017589729338,15:50:00,950.0,洪水橋洪福職業復康中心(洪天路巴士站),元朗,22.4372977680769,113.998748508813,16:10:00,970.0,2015-06-26,2022-08-01,,,2029-12-31,True,20.0,0,1
SR6052,乘客1591,WC,手動輪椅可以過椅,上學,12345,"['Mon', 'Tue', 'Wed', 'Thu', 'Fri']",公園南路26號保良局羅氏信託學校,元朗,22.4407665228824,114.017589729338,15:50:00,950.0,天水圍天瑞邨瑞財樓(消防閘口),元朗,22.4562908015415,113.997745009688,16:25:00,985.0,2018-07-23,2022-08-01,,,2028-12-31,True,35.0,1,0
SR6052,乘客1592,WC,其他 / 特殊情況,訓練,12345,"['Mon', 'Tue', 'Wed', 'Thu', 'Fri']",洪水橋洪福職業復康中心(洪天路巴士站),元朗,22.4372977680769,113.998748508813,16:10:00,970.0,安寧路欣康樓盲人輔導會欣悅軒(巴士站),元朗,22.4458726990161,114.022348698922,17:05:00,1025.0,2020-01-07,2026-04-01,,,2030-12-31,True,55.0,1,0
SR6052,乘客1593,NWC,手動輪椅不可過椅,訓練,12345,"['Mon', 'Tue', 'Wed', 'Thu', 'Fri']",天水圍天澤邨服務設施綜合大樓,元朗,22.467032313702,113.997509317607,16:45:00,1005.0,屯門大興花園二期3座,元朗,22.399777902533,113.971152401983,17:40:00,1060.0,2025-10-13,2025-11-01,,,,True,55.0,0,1
SR6052,乘客1594,WC,其他 / 特殊情況,訓練,12345,"['Mon', 'Tue', 'Wed', 'Thu', 'Fri']",天水圍天澤邨澤輝樓保良局天澤工場,元朗,22.4671160209409,113.998066769151,16:50:00,1010.0,安寧路欣康樓盲人輔導會欣悅軒(巴士站),元朗,22.4458726990161,114.022348698922,17:05:00,1025.0,2016-11-04,2022-08-01,,,2026-12-31,True,15.0,1,0
SR6052,乘客1595,NWC,其他 / 特殊情況,訓練,12345,"['Mon', 'Tue', 'Wed', 'Thu', 'Fri']",天水圍天澤邨澤輝樓保良局天澤工場,元朗,22.4671160209409,113.998066769151,16:50:00,1010.0,安寧路欣康樓盲人輔導會欣悅軒(巴士站),元朗,22.4458726990161,114.022348698922,17:05:00,1025.0,2024-07-17,2024-08-01,,,,True,15.0,0,1
SR6052,乘客1596,NWC,其他 / 特殊情況,訓練,12345,"['Mon', 'Tue', 'Wed', 'Thu', 'Fri']",天水圍天澤邨澤輝樓保良局天澤工場,元朗,22.4671160209409,113.998066769151,16:50:00,1010.0,安寧路欣康樓盲人輔導會欣悅軒(巴士站),元朗,22.4458726990161,114.022348698922,17:05:00,1025.0,2017-01-13,2022-08-01,,,2026-12-31,True,15.0,0,1
SR6052,乘客1597,NWC,其他 / 特殊情況,訓練,12345,"['Mon', 'Tue', 'Wed', 'Thu', 'Fri']",天水圍天澤邨澤輝樓保良局天澤工場,元朗,22.4671160209409,113.998066769151,16:50:00,1010.0,安寧路欣康樓盲人輔導會欣悅軒(巴士站),元朗,22.4458726990161,114.022348698922,17:05:00,1025.0,2016-11-04,2022-08-01,,,2026-12-31,True,15.0,0,1
SR6052,乘客1598,NWC,其他 / 特殊情況,訓練,12345,"['Mon', 'Tue', 'Wed', 'Thu', 'Fri']",天水圍天澤邨澤輝樓保良局天澤工場,元朗,22.4671160209409,113.998066769151,16:50:00,1010.0,安寧路欣康樓盲人輔導會欣悅軒(巴士站),元朗,22.4458726990161,114.022348698922,17:05:00,1025.0,2017-03-02,2022-08-01,,,2026-12-31,True,15.0,0,1
SR6061,乘客1599,NWC,手動輪椅不可過椅,訓練,12345,"['Mon', 'Tue', 'Wed', 'Thu', 'Fri']",良景邨良賢樓,屯門,22.4077888783343,113.962870814517,07:42:00,462.0,安定邨定泰樓香港耀能協會安定宿舍,屯門,22.3878459673284,113.977129093216,08:45:00,525.0,2024-04-29,2024-06-01,,,,True,63.0,0,1
SR6061,乘客1600,WC,手杖,訓練,12345,"['Mon', 'Tue', 'Wed', 'Thu', 'Fri']",建生邨康生樓,屯門,22.4059145267709,113.969867800252,07:50:00,470.0,富泰邨秀泰樓工程及醫療義務工作協會展毅中心,屯門,22.4130854290833,113.983457080908,09:00:00,540.0,2022-10-21,2022-08-01,,,2032-12-31,True,70.0,1,0
SR6061,乘客1601,NWC,不需輔助工具,訓練,12345,"['Mon', 'Tue', 'Wed', 'Thu', 'Fri']",青松觀路10號鄰舍輔導會怡逸居,屯門,22.4085072152203,113.971305730374,08:00:00,480.0,安定邨定泰樓香港耀能協會安定宿舍,屯門,22.3878459673284,113.977129093216,08:45:00,525.0,2014-08-01,2022-08-01,,,2026-12-31,True,45.0,0,1
SR6061,乘客1602,NWC,手動輪椅不可過椅,訓練,12345,"['Mon', 'Tue', 'Wed', 'Thu', 'Fri']",青松觀路10號鄰舍輔導會怡逸居,屯門,22.4085072152203,113.971305730374,08:00:00,480.0,安定邨定泰樓香港耀能協會安定宿舍,屯門,22.3878459673284,113.977129093216,08:45:00,525.0,2021-01-20,2022-08-01,,,2031-12-31,True,45.0,0,1
SR6061,乘客1603,WC,不需輔助工具,訓練,12345,"['Mon', 'Tue', 'Wed', 'Thu', 'Fri']",大興邨興泰樓(的士站),屯門,22.4033825992208,113.970210718881,08:10:00,490.0,蝴蝶邨蝶意樓鄰舍輔導會工場(仁德天主教小學側停車場),屯門,22.3760236089532,113.963491512947,08:30:00,510.0,2002-09-26,2022-08-01,,,2026-12-31,True,20.0,1,0
SR6061,乘客1604,NWC,其他 / 特殊情況,訓練,12345,"['Mon', 'Tue', 'Wed', 'Thu', 'Fri']",大興邨興泰樓(的士站),屯門,22.4033825992208,113.970210718881,08:10:00,490.0,蝴蝶邨蝶意樓鄰舍輔導會工場(仁德天主教小學側停車場),屯門,22.3760236089532,113.963491512947,08:30:00,510.0,2002-09-26,2022-08-01,,,2026-12-31,True,20.0,0,1
SR6061,乘客1605,NWC,手動輪椅不可過椅,上學,12345,"['Mon', 'Tue', 'Wed', 'Thu', 'Fri']",大樹下西路天佑豪苑(路口入停車場),元朗,22.4349521916249,114.029295938088,09:30:00,570.0,天水圍天壇街17號明愛樂勤學校,元朗,22.4592420001984,113.995621668026,09:50:00,590.0,2017-04-24,2022-08-01,,,2026-12-31,True,20.0,0,1
SR6061,乘客1605跟車,WC,,上學,12345,"['Mon', 'Tue', 'Wed', 'Thu', 'Fri']",大樹下西路天佑豪苑(路口入停車場),元朗,22.4349521916249,114.029295938088,09:30:00,570.0,天水圍天壇街17號明愛樂勤學校,元朗,22.4592420001984,113.995621668026,09:50:00,590.0,2017-04-24,2022-08-01,,,2026-12-31,True,20.0,1,0
SR6061,乘客1605跟車,NWC,,上學,12345,"['Mon', 'Tue', 'Wed', 'Thu', 'Fri']",大樹下西路天佑豪苑(路口入停車場),元朗,22.4349521916249,114.029295938088,09:30:00,570.0,天水圍天壇街17號明愛樂勤學校,元朗,22.4592420001984,113.995621668026,09:50:00,590.0,2017-04-24,2022-08-01,,,2026-12-31,True,20.0,0,1
SR6062,乘客1606,NWC,不需輔助工具,訓練,12345,"['Mon', 'Tue', 'Wed', 'Thu', 'Fri']",安定邨定泰樓香港耀能協會安定宿舍,屯門,22.3878459673284,113.977129093216,15:00:00,900.0,青松觀路10號鄰舍輔導會怡逸居,屯門,22.4085072152203,113.971305730374,16:05:00,965.0,2014-08-01,2022-08-01,,,2026-12-31,True,65.0,0,1
SR6062,乘客1607,NWC,手動輪椅不可過椅,訓練,12345,"['Mon', 'Tue', 'Wed', 'Thu', 'Fri']",安定邨定泰樓香港耀能協會安定宿舍,屯門,22.3878459673284,113.977129093216,15:00:00,900.0,青松觀路10號鄰舍輔導會怡逸居,屯門,22.4085072152203,113.971305730374,16:05:00,965.0,2021-01-20,2022-08-01,,,2031-12-31,True,65.0,0,1
SR6062,乘客1608,WC,手動輪椅不可過椅,訓練,12345,"['Mon', 'Tue', 'Wed', 'Thu', 'Fri']",安定邨定泰樓香港耀能協會安定宿舍,屯門,22.3878459673284,113.977129093216,15:00:00,900.0,良景邨良賢樓,屯門,22.4077888783343,113.962870814517,15:40:00,940.0,2024-04-29,2024-06-01,,,,True,40.0,1,0
SR6062,乘客1609,WC,不需輔助工具,訓練,12345,"['Mon', 'Tue', 'Wed', 'Thu', 'Fri']",蝴蝶邨蝶意樓鄰舍輔導會工場(仁德天主教小學側停車場),屯門,22.3760236089532,113.963491512947,15:15:00,915.0,大興邨興輝樓,屯門,22.4033926755914,113.971654669218,15:50:00,950.0,2002-09-26,2022-08-01,,,2026-12-31,True,35.0,1,0
SR6062,乘客1610,NWC,其他 / 特殊情況,訓練,12345,"['Mon', 'Tue', 'Wed', 'Thu', 'Fri']",蝴蝶邨蝶意樓鄰舍輔導會工場(仁德天主教小學側停車場),屯門,22.3760236089532,113.963491512947,15:15:00,915.0,大興邨興輝樓,屯門,22.4033926755914,113.971654669218,15:50:00,950.0,2002-09-26,2022-08-01,,,2026-12-31,True,35.0,0,1
SR6062,乘客1611,NWC,手杖,訓練,12345,"['Mon', 'Tue', 'Wed', 'Thu', 'Fri']",青松觀路10號鄰舍輔導會怡逸居,屯門,22.4085072152203,113.971305730374,16:05:00,965.0,井財街9號錦發大廈,屯門,22.4032930304018,113.978062220311,17:20:00,1040.0,2021-08-11,2022-08-01,,,2031-12-31,True,75.0,0,1
SR6062,乘客1612,NWC,其他 / 特殊情況,訓練,12345,"['Mon', 'Tue', 'Wed', 'Thu', 'Fri']",新福路33號新生農場,屯門,22.410065024971,113.97162711103,16:10:00,970.0,兆興里3號兆麟苑商場(惠康超市正門),屯門,22.3843659986567,113.976475915534,16:50:00,1010.0,2016-07-06,2022-08-01,,,2026-12-31,True,40.0,0,1
SR6062,乘客1613,NWC,手杖,訓練,12345,"['Mon', 'Tue', 'Wed', 'Thu', 'Fri']",新福路33號新生農場,屯門,22.410065024971,113.97162711103,16:10:00,970.0,山景邨景安樓新生精神康復會銀禧宿舍(迴旋處),屯門,22.3974734084756,113.966051708249,16:30:00,990.0,2020-01-15,2022-08-01,,,2030-12-31,True,20.0,0,1
SR6062,乘客1614,NWC,手杖,訓練,12345,"['Mon', 'Tue', 'Wed', 'Thu', 'Fri']",新福路33號新生農場,屯門,22.410065024971,113.97162711103,16:10:00,970.0,新安街2號富益商業大廈恩榮康復院舍(正門),屯門,22.3939572351788,113.970321432295,16:40:00,1000.0,2022-11-01,2022-08-01,,,2032-12-31,True,30.0,0,1
SR6062,乘客1615,NWC,手動輪椅不可過椅,訓練,12345,"['Mon', 'Tue', 'Wed', 'Thu', 'Fri']",新福路33號新生農場,屯門,22.410065024971,113.97162711103,16:10:00,970.0,新安街2號富益商業大廈恩榮康復院舍(正門),屯門,22.3939572351788,113.970321432295,16:40:00,1000.0,2024-05-02,2024-06-01,,,,True,30.0,0,1
SR6062,乘客1616,WC,不需輔助工具,訓練,12345,"['Mon', 'Tue', 'Wed', 'Thu', 'Fri']",香港屯門田景路田景邨田敦樓,屯門,22.4067362,113.9658671,17:00:00,1020.0,香港元朗青山公路昌裕大廈,元朗,22.444664,114.027545,18:25:00,1105.0,2024-04-24,2024-06-01,,,,True,85.0,1,0
SR6062,乘客1617,NWC,手杖;手動輪椅可以過椅,訓練,12345,"['Mon', 'Tue', 'Wed', 'Thu', 'Fri']",田景邨田樂樓新生精神康復會田景工場(入閘),屯門,22.4071792769665,113.965362054621,17:05:00,1025.0,黃家圍一台104-107號(新墟徑第一個路口上),屯門,22.4003963968762,113.978809403946,17:25:00,1045.0,2024-05-28,2024-07-01,,,,True,20.0,0,1
SR6071,乘客1618,WC,手杖,工作,12345,"['Mon', 'Tue', 'Wed', 'Thu', 'Fri']",紫田村128號(垃圾站),屯門,22.4157624047058,113.974934903923,07:00:00,420.0,兆康苑(兆康苑巴士總站),屯門,22.4142321089057,113.978538931006,07:05:00,425.0,2011-09-20,2022-08-01,,,2031-12-31,True,5.0,1,0
SR6071,乘客1619,NWC,手杖,上學,12345,"['Mon', 'Tue', 'Wed', 'Thu', 'Fri']",洪水橋洪福邨服務設施大樓(近巴士站),元朗,22.437374963229,113.998766233547,07:30:00,450.0,恆貴街8號基督教服務處培愛學校,元朗,22.3823515244668,113.973890357127,09:10:00,550.0,2021-11-04,2022-08-01,,,2031-12-31,True,100.0,0,1
SR6071,乘客1620,NWC,嬰兒手推車型輪椅,上學,12345,"['Mon', 'Tue', 'Wed', 'Thu', 'Fri']",天水圍天盛苑盛譽閣,元朗,22.4482962970761,114.00149137931,07:40:00,460.0,恆貴街8號基督教服務處培愛學校,元朗,22.3823515244668,113.973890357127,09:10:00,550.0,2024-11-08,2025-01-01,,,,True,90.0,0,1
SR6071,乘客1621,WC,手動輪椅不可過椅,上學,12345,"['Mon', 'Tue', 'Wed', 'Thu', 'Fri']",天水圍天恩邨恩樂樓,元朗,22.4629695149938,113.996168063674,07:50:00,470.0,恆貴街8號基督教服務處培愛學校,元朗,22.3823515244668,113.973890357127,09:10:00,550.0,2021-11-19,2022-08-01,,,2031-12-31,True,80.0,1,0
SR6071,乘客1622,WC,其他 / 特殊情況,上學,12345,"['Mon', 'Tue', 'Wed', 'Thu', 'Fri']",天水圍天恩邨恩翠樓,元朗,22.4644522226582,113.996418801235,07:55:00,475.0,恆貴街8號基督教服務處培愛學校,元朗,22.3823515244668,113.973890357127,09:10:00,550.0,2013-07-24,2025-11-01,,,2026-12-31,True,75.0,1,0
SR6071,乘客1623,NWC,其他 / 特殊情況,上學,12345,"['Mon', 'Tue', 'Wed', 'Thu', 'Fri']",天水圍天悅邨悅泰樓(近郵局),元朗,22.4626571203697,113.998872983978,08:00:00,480.0,恆貴街8號基督教服務處培愛學校,元朗,22.3823515244668,113.973890357127,09:10:00,550.0,2026-01-03,2026-02-01,,,,True,70.0,0,1
SR6071,乘客1624,NWC,不需輔助工具,上學,12345,"['Mon', 'Tue', 'Wed', 'Thu', 'Fri']",天水圍天晴邨晴喜樓,元朗,22.4638784031338,114.004963970275,08:10:00,490.0,恆貴街8號基督教服務處培愛學校,元朗,22.3823515244668,113.973890357127,09:10:00,550.0,2023-03-07,2022-08-01,,,2033-12-31,True,60.0,0,1
SR6071,乘客1625,NWC,手動輪椅不可過椅;手動輪椅可以過椅,上學,12345,"['Mon', 'Tue', 'Wed', 'Thu', 'Fri']",天水圍嘉湖山莊翠湖居6座,元朗,22.4587063081225,113.999573473135,08:35:00,515.0,恆貴街8號基督教服務處培愛學校,元朗,22.3823515244668,113.973890357127,09:10:00,550.0,2020-10-07,2022-08-01,,,2030-12-31,True,35.0,0,1
SR6071,乘客1626,WC,手動輪椅不可過椅;其他 / 特殊情況,訓練,12345,"['Mon', 'Tue', 'Wed', 'Thu', 'Fri']",青榕街1號海景花園4座(入閘),屯門,22.378185633386,113.984360200838,09:30:00,570.0,富泰邨秀泰樓工程及醫療義務工作協會展毅中心,屯門,22.4130854290833,113.983457080908,10:05:00,605.0,2025-04-02,2025-06-01,,,,True,35.0,1,0
SR6071,乘客1627,WC,其他 / 特殊情況,訓練,12345,"['Mon', 'Tue', 'Wed', 'Thu', 'Fri']",青榕街2號屯門閣,屯門,22.3781406855786,113.98500530143,09:35:00,575.0,湖景邨湖暉樓聖公會展能中心,屯門,22.3774694066853,113.965428726418,09:50:00,590.0,2020-01-21,2022-08-01,,,2030-12-31,True,15.0,1,0
SR6072,乘客1628,NWC,手動輪椅不可過椅,訓練,12345,"['Mon', 'Tue', 'Wed', 'Thu', 'Fri']",山景邨社康大樓匡智中心,屯門,22.3985762442479,113.966972177849,15:15:00,915.0,屯安里1號疊茵庭,屯門,22.4102118165431,113.980912050676,15:50:00,950.0,2021-04-01,2022-08-01,,,2031-12-31,True,35.0,0,1
SR6072,乘客1629,WC,手動輪椅不可過椅,上學,12345,"['Mon', 'Tue', 'Wed', 'Thu', 'Fri']",恆貴街8號基督教服務處培愛學校,屯門,22.3823515244668,113.973890357127,16:15:00,975.0,屯貴路9號富泰邨(迴旋處),屯門,22.4130123084716,113.984028228923,16:35:00,995.0,2024-05-17,2024-06-01,,,,True,20.0,1,0
SR6072,乘客1630,WC,手動輪椅不可過椅,上學,12345,"['Mon', 'Tue', 'Wed', 'Thu', 'Fri']",恆貴街8號基督教服務處培愛學校,屯門,22.3823515244668,113.973890357127,16:15:00,975.0,屯貴路9號富泰邨(迴旋處),屯門,22.4130123084716,113.984028228923,16:35:00,995.0,2016-10-27,2022-08-01,,,2033-12-31,True,20.0,1,0
SR6072,乘客1630跟車,WC,,上學,12345,"['Mon', 'Tue', 'Wed', 'Thu', 'Fri']",恆貴街8號基督教服務處培愛學校,屯門,22.3823515244668,113.973890357127,16:15:00,975.0,屯貴路9號富泰邨(迴旋處),屯門,22.4130123084716,113.984028228923,16:35:00,995.0,2016-10-27,2022-08-01,,,2033-12-31,True,20.0,1,0
SR6072,乘客1631,NWC,腳架,上學,12345,"['Mon', 'Tue', 'Wed', 'Thu', 'Fri']",恆貴街8號基督教服務處培愛學校,屯門,22.3823515244668,113.973890357127,16:15:00,975.0,錦田泰康圍(錦田街市對面巴士站),屯門,22.4399223920827,114.065099460961,17:45:00,1065.0,2021-07-07,2022-08-01,,,2031-12-31,True,90.0,0,1
SR6072,乘客1632,NWC,嬰兒手推車型輪椅,上學,12345,"['Mon', 'Tue', 'Wed', 'Thu', 'Fri']",恆貴街8號基督教服務處培愛學校,屯門,22.3823515244668,113.973890357127,16:15:00,975.0,屯貴路9號富泰邨(迴旋處),屯門,22.4130123084716,113.984028228923,16:35:00,995.0,2023-12-01,2024-03-01,,,,True,20.0,0,1
SR6072,乘客1633,WC,手動輪椅不可過椅,上學,12345,"['Mon', 'Tue', 'Wed', 'Thu', 'Fri']",恆貴街8號基督教服務處培愛學校,屯門,22.3823515244668,113.973890357127,16:15:00,975.0,錦上路博愛江夏圍村,屯門,22.4335044017306,114.071416531261,17:55:00,1075.0,2022-06-09,2022-08-01,,,2032-12-31,True,100.0,1,0
SR6072,乘客1634,WC,手動輪椅不可過椅,訓練,12345,"['Mon', 'Tue', 'Wed', 'Thu', 'Fri']",天水圍天晴邨天晴社區綜合服務大樓,元朗,22.4634694929969,114.004451216361,17:00:00,1020.0,天水圍天耀邨耀華樓,元朗,22.4522322808363,114.005601145918,17:10:00,1030.0,2015-03-18,2022-08-01,,,2026-12-31,True,10.0,1,0
SR6081,乘客1635,WC,其他 / 特殊情況,上學,12345,"['Mon', 'Tue', 'Wed', 'Thu', 'Fri']",青龍頭龍騰路帝華軒(近噴水池),荃灣,22.3626420919873,114.044871216305,07:05:00,425.0,葵合街22號耀能協會羅怡基學校,荃灣,22.365822220536,114.129328069516,08:15:00,495.0,2019-08-23,2022-08-01,,,2029-12-31,True,70.0,1,0
SR6081,乘客1636,NWC,其他 / 特殊情況,上學,12345,"['Mon', 'Tue', 'Wed', 'Thu', 'Fri']",深井麗都花園(巴士站),荃灣,22.3668132579401,114.059034234639,07:15:00,435.0,葵合街22號耀能協會羅怡基學校,荃灣,22.365822220536,114.129328069516,08:15:00,495.0,2014-07-03,2022-08-01,,,2026-12-31,True,60.0,0,1
SR6081,乘客1637,NWC,其他 / 特殊情況,上學,12345,"['Mon', 'Tue', 'Wed', 'Thu', 'Fri']",深井麗都花園(巴士站),荃灣,22.3668132579401,114.059034234639,07:15:00,435.0,葵合街22號耀能協會羅怡基學校,荃灣,22.365822220536,114.129328069516,08:15:00,495.0,2015-06-08,2022-08-01,,,2026-12-31,True,60.0,0,1
SR6081,乘客1638,NWC,手杖,上學,12345,"['Mon', 'Tue', 'Wed', 'Thu', 'Fri']",深井麗都花園(巴士站),荃灣,22.3668132579401,114.059034234639,07:15:00,435.0,葵合街22號耀能協會羅怡基學校,荃灣,22.365822220536,114.129328069516,08:15:00,495.0,2023-01-05,2022-08-01,,,2033-12-31,True,60.0,0,1
SR6081,乘客1639,NWC,其他 / 特殊情況,上學,12345,"['Mon', 'Tue', 'Wed', 'Thu', 'Fri']",寶豐路油柑頭村(近濾水廠),荃灣,22.3711899231404,114.096032723784,07:30:00,450.0,葵合街22號耀能協會羅怡基學校,荃灣,22.365822220536,114.129328069516,08:15:00,495.0,2020-07-30,2022-08-01,,,2030-12-31,True,45.0,0,1
SR6081,乘客1640,NWC,腳架,上學,12345,"['Mon', 'Tue', 'Wed', 'Thu', 'Fri']",美環街愉景新城商場(近巴士總站前),荃灣,22.377066445298,114.111279978336,07:50:00,470.0,葵合街22號耀能協會羅怡基學校,荃灣,22.365822220536,114.129328069516,08:15:00,495.0,2023-11-02,2023-12-01,,,2028-12-01,True,25.0,0,1
SR6081,乘客1641,NWC,手動輪椅不可過椅,上學,12345,"['Mon', 'Tue', 'Wed', 'Thu', 'Fri']",美環街愉景新城商場(近巴士總站前),荃灣,22.377066445298,114.111279978336,07:50:00,470.0,葵合街22號耀能協會羅怡基學校,荃灣,22.365822220536,114.129328069516,08:15:00,495.0,2020-07-28,2022-08-01,,,2030-12-31,True,25.0,0,1
SR6081,乘客1641跟車,WC,,上學,12345,"['Mon', 'Tue', 'Wed', 'Thu', 'Fri']",美環街愉景新城商場(近巴士總站前),荃灣,22.377066445298,114.111279978336,07:50:00,470.0,葵合街22號耀能協會羅怡基學校,荃灣,22.365822220536,114.129328069516,08:15:00,495.0,2020-07-28,2022-08-01,,,2030-12-31,True,25.0,1,0
SR6081,乘客1642,NWC,電動輪椅,上學,12345,"['Mon', 'Tue', 'Wed', 'Thu', 'Fri']",安蔭邨豐蔭樓,葵涌,22.3690461177867,114.141987182972,08:25:00,505.0,青芊街2號保良局陳百強伉儷青衣學校,葵涌,22.3484302958043,114.10309386901,09:00:00,540.0,2011-05-06,2022-08-01,,,2026-12-31,True,35.0,0,1
SR6081,乘客1643,WC,手動輪椅不可過椅;手動輪椅可以過椅,上學,12345,"['Mon', 'Tue', 'Wed', 'Thu', 'Fri']",葵涌邨雅葵樓(上角街迴旋處),葵涌,22.3690789674732,114.127037222295,08:40:00,520.0,公園南路26號保良局羅氏信託學校,葵涌,22.4407665228824,114.017589729338,10:00:00,600.0,2018-10-22,2022-08-01,,,2028-12-31,True,80.0,1,0
SR6081,乘客1644,WC,嬰兒手推車型輪椅;白手杖,上學,12345,"['Mon', 'Tue', 'Wed', 'Thu', 'Fri']",屯門屯子圍涼亭,屯門,22.4204003892559,113.980349327675,09:45:00,585.0,公園南路26號保良局羅氏信託學校,屯門,22.4407665228824,114.017589729338,10:00:00,600.0,2025-02-06,2025-03-01,,,,True,15.0,1,0
SR6082,乘客1645,WC,嬰兒手推車型輪椅,上學,12345,"['Mon', 'Tue', 'Wed', 'Thu', 'Fri']",禾輋邨豐禾里2號耀能協會高福耀學校,沙田,22.3880619400787,114.193646480171,15:00:00,900.0,龍逸邨健龍樓,沙田,22.3866553561057,113.967410391487,16:10:00,970.0,2024-07-11,2024-09-01,,,,True,70.0,1,0
SR6082,乘客1645跟車,WC,,上學,12345,"['Mon', 'Tue', 'Wed', 'Thu', 'Fri']",禾輋邨豐禾里2號耀能協會高福耀學校,沙田,22.3880619400787,114.193646480171,15:00:00,900.0,龍逸邨健龍樓,沙田,22.3866553561057,113.967410391487,16:10:00,970.0,2024-07-11,2024-09-01,,,,True,70.0,1,0
SR6082,乘客1646,NWC,手動輪椅不可過椅,工作,12345,"['Mon', 'Tue', 'Wed', 'Thu', 'Fri']",源禾路21號香港專業教育學院,沙田,22.3902075255876,114.198217822211,15:15:00,915.0,豐安街翠寧花園(入閘),沙田,22.3845524723998,113.973979226562,16:05:00,965.0,2010-06-18,2022-08-01,,,2026-12-31,True,50.0,0,1
SR6082,乘客1647,WC,電動輪椅,訓練,12345,"['Mon', 'Tue', 'Wed', 'Thu', 'Fri']",青山公路201號竹園神召會康樂工場,屯門,22.3988168628371,113.977088778088,16:20:00,980.0,天水圍天華邨華萃樓,屯門,22.4598375728152,113.99551237818,17:00:00,1020.0,2014-07-09,2022-08-01,,,2026-12-31,True,40.0,1,0
SR6082,乘客1648,WC,白手杖,訓練,12345,"['Mon', 'Tue', 'Wed', 'Thu', 'Fri']",青山公路201號竹園神召會康樂工場,屯門,22.3988168628371,113.977088778088,16:20:00,980.0,天水圍天逸邨逸江樓,屯門,22.466731759006,113.999747454057,17:20:00,1040.0,2015-01-14,2022-08-01,,,2026-12-31,True,60.0,1,0
SR6082,乘客1649,NWC,其他 / 特殊情況,上學,12345,"['Mon', 'Tue', 'Wed', 'Thu', 'Fri']",公園南路26號保良局羅氏信託學校,元朗,22.4407665228824,114.017589729338,16:35:00,995.0,天水圍天晴邨晴雲樓,元朗,22.4632822031734,114.003333965354,17:10:00,1030.0,2017-07-06,2022-08-01,,,2026-12-31,True,35.0,0,1
SR6082,乘客1650,NWC,不需輔助工具,上學,12345,"['Mon', 'Tue', 'Wed', 'Thu', 'Fri']",公園南路26號保良局羅氏信託學校,元朗,22.4407665228824,114.017589729338,16:35:00,995.0,天水圍天恒邨恒智樓,元朗,22.4705295244028,114.000571578197,17:40:00,1060.0,2019-10-22,2022-08-01,,,2029-12-31,True,65.0,0,1
SR6082,乘客1651,NWC,手動輪椅不可過椅,上學,12345,"['Mon', 'Tue', 'Wed', 'Thu', 'Fri']",公園南路26號保良局羅氏信託學校,元朗,22.4407665228824,114.017589729338,16:35:00,995.0,天水圍天逸邨逸湖樓(入閘迴旋處),元朗,22.4661758788378,113.999459664173,17:30:00,1050.0,2017-07-14,2022-08-01,,,2026-12-31,True,55.0,0,1
SR6082,乘客1652,WC,手動輪椅不可過椅;手杖,上學,12345,"['Mon', 'Tue', 'Wed', 'Thu', 'Fri']",公園南路26號保良局羅氏信託學校,元朗,22.4407665228824,114.017589729338,16:35:00,995.0,天水圍天晴邨晴雲樓,元朗,22.4632822031734,114.003333965354,17:10:00,1030.0,2016-07-26,2022-08-01,,,2026-12-31,True,35.0,1,0
SR6091,乘客1653,WC,其他 / 特殊情況,訓練,12345,"['Mon', 'Tue', 'Wed', 'Thu', 'Fri']",上水清濤苑入閘（卸貨區）,北區,22.4953718489693,114.128789811765,07:40:00,460.0,禾輋邨民和樓香港耀能協會禾輋工場,北區,22.3896818562553,114.195226190129,09:40:00,580.0,2023-12-12,2024-03-01,,,,True,120.0,1,0
SR6091,乘客1654,NWC,電動輪椅;手杖;手動輪椅可以過椅,訓練,12345,"['Mon', 'Tue', 'Wed', 'Thu', 'Fri']",上水清濤苑入閘（卸貨區）,北區,22.4953718489693,114.128789811765,07:40:00,460.0,禾輋邨民和樓香港耀能協會禾輋工場,北區,22.3896818562553,114.195226190129,09:40:00,580.0,2024-07-02,2024-08-01,,,,True,120.0,0,1
SR6091,乘客1655,WC,其他 / 特殊情況,訓練,12345,"['Mon', 'Tue', 'Wed', 'Thu', 'Fri']",上水彩園邨彩湖樓,北區,22.5005839066524,114.125530752932,07:50:00,470.0,禾輋邨民和樓香港耀能協會禾輋工場,北區,22.3896818562553,114.195226190129,09:40:00,580.0,2012-07-14,2024-03-01,,,2026-12-31,True,110.0,1,0
SR6091,乘客1656,NWC,其他 / 特殊情況,訓練,12345,"['Mon', 'Tue', 'Wed', 'Thu', 'Fri']",上水彩園邨彩湖樓,北區,22.5005839066524,114.125530752932,07:50:00,470.0,禾輋邨民和樓香港耀能協會禾輋工場,北區,22.3896818562553,114.195226190129,09:40:00,580.0,2017-01-18,2024-03-01,,,2026-12-31,True,110.0,0,1
SR6091,乘客1657,NWC,其他 / 特殊情況,訓練,12345,"['Mon', 'Tue', 'Wed', 'Thu', 'Fri']",太和邨居和樓,大埔,22.4502495096727,114.16261618036,08:15:00,495.0,禾輋邨民和樓香港耀能協會禾輋工場,大埔,22.3896818562553,114.195226190129,09:40:00,580.0,2009-03-23,2025-05-01,,,2026-12-31,True,85.0,0,1
SR6091,乘客1658,NWC,其他 / 特殊情況,訓練,12345,"['Mon', 'Tue', 'Wed', 'Thu', 'Fri']",大埔頭華樂豪庭52座,大埔,22.4554796965236,114.155286282968,08:25:00,505.0,禾輋邨民和樓香港耀能協會禾輋工場,大埔,22.3896818562553,114.195226190129,09:40:00,580.0,2005-08-09,2025-05-01,,,2026-12-31,True,75.0,0,1
SR6091,乘客1659,NWC,其他 / 特殊情況,訓練,12345,"['Mon', 'Tue', 'Wed', 'Thu', 'Fri']",大埔頭嘉敬里(近停車場),大埔,22.4553080918636,114.158784551392,08:30:00,510.0,禾輋邨民和樓香港耀能協會禾輋工場,大埔,22.3896818562553,114.195226190129,09:40:00,580.0,2019-03-04,2025-05-01,,,2029-12-31,True,70.0,0,1
SR6091,乘客1660,NWC,手杖,訓練,12345,"['Mon', 'Tue', 'Wed', 'Thu', 'Fri']",鳳園路9號嵐山9座(入閘),大埔,22.4663109117911,114.179692933209,08:50:00,530.0,禾輋邨民和樓香港耀能協會禾輋工場,大埔,22.3896818562553,114.195226190129,09:40:00,580.0,2023-12-13,2025-05-01,,,2099-12-31,True,50.0,0,1
SR6091,乘客1661,NWC,其他 / 特殊情況,訓練,12345,"['Mon', 'Tue', 'Wed', 'Thu', 'Fri']",富善邨善翠樓,大埔,22.4542338464127,114.176022765427,09:00:00,540.0,禾輋邨民和樓香港耀能協會禾輋工場,大埔,22.3896818562553,114.195226190129,09:40:00,580.0,2016-12-14,2025-05-01,,,2032-12-31,True,40.0,0,1
SR6091,乘客1662,NWC,不需輔助工具,訓練,12345,"['Mon', 'Tue', 'Wed', 'Thu', 'Fri']",富善邨善翠樓,大埔,22.4542338464127,114.176022765427,09:00:00,540.0,禾輋邨民和樓香港耀能協會禾輋工場,大埔,22.3896818562553,114.195226190129,09:40:00,580.0,2006-10-24,2025-05-01,,,2026-12-31,True,40.0,0,1
SR6091,乘客1663,NWC,手動輪椅不可過椅,訓練,12345,"['Mon', 'Tue', 'Wed', 'Thu', 'Fri']",廣福邨廣智樓,大埔,22.448940815271,114.173101189123,09:10:00,550.0,禾輋邨民和樓香港耀能協會禾輋工場,大埔,22.3896818562553,114.195226190129,09:40:00,580.0,2009-06-05,2025-05-01,,,2026-12-31,True,30.0,0,1
SR6091,乘客1664,WC,手杖,訓練,12345,"['Mon', 'Tue', 'Wed', 'Thu', 'Fri']",運頭塘邨(南運路巴士站),大埔,22.4433162112594,114.168692210658,09:20:00,560.0,禾輋邨民和樓香港耀能協會禾輋工場,大埔,22.3896818562553,114.195226190129,09:40:00,580.0,2006-02-22,2025-05-01,,,2026-12-31,True,20.0,1,0
SR6091,乘客1665,NWC,其他 / 特殊情況,就診,12345,"['Mon', 'Tue', 'Wed', 'Thu', 'Fri']",富豪花園豪華閣,沙田,22.3853483215162,114.199297110418,09:55:00,595.0,馬鞍山恆安邨恆海樓(垃圾站),沙田,22.4160924293129,114.227907744528,10:10:00,610.0,2015-11-26,2022-08-01,,,2026-12-31,True,15.0,0,1
SR6092,乘客1666,NWC,其他 / 特殊情況,訓練,12345,"['Mon', 'Tue', 'Wed', 'Thu', 'Fri']",荔景山路200號救世軍荔景院,葵涌,22.3450479206061,114.127917588699,15:15:00,915.0,東涌映灣園商場(住客上落位),葵涌,22.2921648980875,113.949229460398,17:05:00,1025.0,2017-08-11,2022-08-01,,,2026-12-31,True,110.0,0,1
SR6092,乘客1667,NWC,其他 / 特殊情況,上學,12345,"['Mon', 'Tue', 'Wed', 'Thu', 'Fri']",青芊街2號保良局陳百強伉儷青衣學校,青衣,22.3484302958043,114.10309386901,15:30:00,930.0,東涌藍天海岸5座,青衣,22.2911568367024,113.945111709019,17:10:00,1030.0,2014-08-28,2022-08-01,,,2026-12-31,True,100.0,0,1
SR6092,乘客1668,NWC,電動輪椅,上學,12345,"['Mon', 'Tue', 'Wed', 'Thu', 'Fri']",青芊街2號保良局陳百強伉儷青衣學校,青衣,22.3484302958043,114.10309386901,15:30:00,930.0,安蔭邨豐蔭樓,青衣,22.3690461177867,114.141987182972,15:50:00,950.0,2011-05-06,2022-08-01,,,2026-12-31,True,20.0,0,1
SR6092,乘客1669,WC,嬰兒手推車型輪椅;腳架,上學,12345,"['Mon', 'Tue', 'Wed', 'Thu', 'Fri']",青芊街2號保良局陳百強伉儷青衣學校,青衣,22.3484302958043,114.10309386901,15:30:00,930.0,東涌藍天海岸5座,青衣,22.2911568367024,113.945111709019,17:10:00,1030.0,2025-07-03,2025-09-01,,,,True,100.0,1,0
SR6092,乘客1669跟車,WC,,上學,12345,"['Mon', 'Tue', 'Wed', 'Thu', 'Fri']",青芊街2號保良局陳百強伉儷青衣學校,青衣,22.3484302958043,114.10309386901,15:30:00,930.0,東涌藍天海岸5座,青衣,22.2911568367024,113.945111709019,17:10:00,1030.0,2025-07-03,2025-09-01,,,,True,100.0,1,0
SR6092,乘客1670,NWC,不需輔助工具,上學,12345,"['Mon', 'Tue', 'Wed', 'Thu', 'Fri']",青芊街2號保良局陳百強伉儷青衣學校,青衣,22.3484302958043,114.10309386901,15:30:00,930.0,東涌逸東邨救世軍林拔中紀念學校,青衣,22.2816124430856,113.937493364675,17:30:00,1050.0,2024-09-11,2024-11-01,,,,True,120.0,0,1
SR6092,乘客1671,NWC,手杖;腳架,訓練,12345,"['Mon', 'Tue', 'Wed', 'Thu', 'Fri']",葵盛西邨10座新生精神康復會工場,葵涌,22.36005167918,114.122914075675,16:05:00,965.0,東涌逸東邨清逸樓,葵涌,22.280993937704,113.937281024002,17:50:00,1070.0,2025-12-11,2026-02-01,,,,True,105.0,0,1
SR6092,乘客1672,NWC,其他 / 特殊情況,上學,12345,"['Mon', 'Tue', 'Wed', 'Thu', 'Fri']",葵合街22號耀能協會羅怡基學校,葵涌,22.365822220536,114.129328069516,16:15:00,975.0,東涌迎東邨迎福樓,葵涌,22.2962940916137,113.953479496224,16:55:00,1015.0,2021-07-05,2022-08-01,,,2031-12-31,True,40.0,0,1
SR6092,乘客1673,NWC,手動輪椅不可過椅,上學,12345,"['Mon', 'Tue', 'Wed', 'Thu', 'Fri']",葵合街22號耀能協會羅怡基學校,葵涌,22.365822220536,114.129328069516,16:15:00,975.0,東涌迎東邨迎福樓,葵涌,22.2962940916137,113.953479496224,16:55:00,1015.0,2020-07-28,2022-08-01,,,2030-12-31,True,40.0,0,1
SR6092,乘客1674,WC,電動輪椅,上學,12345,"['Mon', 'Tue', 'Wed', 'Thu', 'Fri']",葵合街22號耀能協會羅怡基學校,葵涌,22.365822220536,114.129328069516,16:15:00,975.0,東涌映灣園商場(住客上落位),葵涌,22.2921648980875,113.949229460398,17:05:00,1025.0,2012-06-04,2022-08-01,,,2026-12-31,True,50.0,1,0
SR6092,乘客1675,WC,手推架,上學,12345,"['Mon', 'Tue', 'Wed', 'Thu', 'Fri']",葵合街22號耀能協會羅怡基學校,葵涌,22.365822220536,114.129328069516,16:15:00,975.0,東涌滿東邨滿和樓(迴旋處),葵涌,22.2774923289214,113.932685193885,17:25:00,1045.0,2020-07-17,2022-08-01,,,2030-12-31,True,70.0,1,0
SR6092,乘客1676,NWC,腳架,上學,12345,"['Mon', 'Tue', 'Wed', 'Thu', 'Fri']",葵合街22號耀能協會羅怡基學校,葵涌,22.365822220536,114.129328069516,16:15:00,975.0,東涌逸東邨舟逸樓,葵涌,22.2810035252645,113.936142898955,17:45:00,1065.0,2015-06-02,2022-08-01,,,2026-12-31,True,90.0,0,1
SR6101,乘客1677,NWC,手動輪椅可以過椅,上學,12345,"['Mon', 'Tue', 'Wed', 'Thu', 'Fri']",天水圍天瑞邨瑞財樓(消防閘口),元朗,22.4562908015415,113.997745009688,07:05:00,425.0,公園南路26號保良局羅氏信託學校,元朗,22.4407665228824,114.017589729338,08:05:00,485.0,2018-07-23,2022-08-01,,,2028-12-31,True,60.0,0,1
SR6101,乘客1678,WC,其他 / 特殊情況,上學,12345,"['Mon', 'Tue', 'Wed', 'Thu', 'Fri']",天水圍天晴邨晴雲樓,元朗,22.4632822031734,114.003333965354,07:15:00,435.0,公園南路26號保良局羅氏信託學校,元朗,22.4407665228824,114.017589729338,08:05:00,485.0,2017-07-06,2022-08-01,,,2026-12-31,True,50.0,1,0
SR6101,乘客1679,NWC,手動輪椅不可過椅;手杖,上學,12345,"['Mon', 'Tue', 'Wed', 'Thu', 'Fri']",天水圍天晴邨晴雲樓,元朗,22.4632822031734,114.003333965354,07:15:00,435.0,公園南路26號保良局羅氏信託學校,元朗,22.4407665228824,114.017589729338,08:05:00,485.0,2016-07-26,2022-08-01,,,2026-12-31,True,50.0,0,1
SR6101,乘客1680,WC,手動輪椅不可過椅,上學,12345,"['Mon', 'Tue', 'Wed', 'Thu', 'Fri']",天水圍天逸邨逸湖樓(入閘迴旋處),元朗,22.4661758788378,113.999459664173,07:20:00,440.0,公園南路26號保良局羅氏信託學校,元朗,22.4407665228824,114.017589729338,08:05:00,485.0,2017-07-14,2022-08-01,,,2026-12-31,True,45.0,1,0
SR6101,乘客1681,WC,其他 / 特殊情況,訓練,12345,"['Mon', 'Tue', 'Wed', 'Thu', 'Fri']",安寧路欣康樓盲人輔導會欣悅軒(巴士站),元朗,22.4458726990161,114.022348698922,08:30:00,510.0,天水圍天澤邨澤輝樓保良局天澤工場,元朗,22.4671160209409,113.998066769151,08:45:00,525.0,2016-11-04,2022-08-01,,,2026-12-31,True,15.0,1,0
SR6101,乘客1682,NWC,其他 / 特殊情況,訓練,12345,"['Mon', 'Tue', 'Wed', 'Thu', 'Fri']",安寧路欣康樓盲人輔導會欣悅軒(巴士站),元朗,22.4458726990161,114.022348698922,08:30:00,510.0,蝴蝶邨蝶意樓鄰舍輔導會工場(仁德天主教小學側停車場),元朗,22.3760236089532,113.963491512947,09:55:00,595.0,2017-11-29,2022-08-01,,,2028-12-31,True,85.0,0,1
SR6101,乘客1683,NWC,其他 / 特殊情況,訓練,12345,"['Mon', 'Tue', 'Wed', 'Thu', 'Fri']",安寧路欣康樓盲人輔導會欣悅軒(巴士站),元朗,22.4458726990161,114.022348698922,08:30:00,510.0,蝴蝶邨蝶意樓鄰舍輔導會工場(仁德天主教小學側停車場),元朗,22.3760236089532,113.963491512947,09:55:00,595.0,2017-11-21,2022-08-01,,,2027-12-31,True,85.0,0,1
SR6101,乘客1684,NWC,其他 / 特殊情況,訓練,12345,"['Mon', 'Tue', 'Wed', 'Thu', 'Fri']",安寧路欣康樓盲人輔導會欣悅軒(巴士站),元朗,22.4458726990161,114.022348698922,08:30:00,510.0,天水圍天澤邨澤輝樓保良局天澤工場,元朗,22.4671160209409,113.998066769151,08:45:00,525.0,2024-07-17,2024-08-01,,,,True,15.0,0,1
SR6101,乘客1685,NWC,其他 / 特殊情況,訓練,12345,"['Mon', 'Tue', 'Wed', 'Thu', 'Fri']",安寧路欣康樓盲人輔導會欣悅軒(巴士站),元朗,22.4458726990161,114.022348698922,08:30:00,510.0,洪水橋洪福職業復康中心(洪天路巴士站),元朗,22.4372977680769,113.998748508813,09:00:00,540.0,2020-01-07,2026-04-01,,,2030-12-31,True,30.0,0,1
SR6101,乘客1686,NWC,其他 / 特殊情況,訓練,12345,"['Mon', 'Tue', 'Wed', 'Thu', 'Fri']",安寧路欣康樓盲人輔導會欣悅軒(巴士站),元朗,22.4458726990161,114.022348698922,08:30:00,510.0,天水圍天澤邨澤輝樓保良局天澤工場,元朗,22.4671160209409,113.998066769151,08:45:00,525.0,2017-01-13,2022-08-01,,,2026-12-31,True,15.0,0,1
SR6101,乘客1687,NWC,其他 / 特殊情況,訓練,12345,"['Mon', 'Tue', 'Wed', 'Thu', 'Fri']",安寧路欣康樓盲人輔導會欣悅軒(巴士站),元朗,22.4458726990161,114.022348698922,08:30:00,510.0,天水圍天澤邨澤輝樓保良局天澤工場,元朗,22.4671160209409,113.998066769151,08:45:00,525.0,2016-11-04,2022-08-01,,,2026-12-31,True,15.0,0,1
SR6101,乘客1688,NWC,其他 / 特殊情況,訓練,12345,"['Mon', 'Tue', 'Wed', 'Thu', 'Fri']",安寧路欣康樓盲人輔導會欣悅軒(巴士站),元朗,22.4458726990161,114.022348698922,08:30:00,510.0,天水圍天澤邨澤輝樓保良局天澤工場,元朗,22.4671160209409,113.998066769151,08:45:00,525.0,2017-03-02,2022-08-01,,,2026-12-31,True,15.0,0,1
SR6101,乘客1689,NWC,手杖;白手杖,訓練,12345,"['Mon', 'Tue', 'Wed', 'Thu', 'Fri']",安寧路欣康樓盲人輔導會欣悅軒(巴士站),元朗,22.4458726990161,114.022348698922,08:30:00,510.0,蝴蝶邨蝶意樓鄰舍輔導會工場(仁德天主教小學側停車場),元朗,22.3760236089532,113.963491512947,09:55:00,595.0,2017-11-29,2022-08-01,,,2028-12-31,True,85.0,0,1
SR6101,乘客1690,NWC,手杖;手動輪椅可以過椅,訓練,12345,"['Mon', 'Tue', 'Wed', 'Thu', 'Fri']",黃家圍一台104-107號(新墟徑第一個路口上),屯門,22.4003963968762,113.978809403946,09:15:00,555.0,田景邨田樂樓新生精神康復會田景工場(入閘),屯門,22.4071792769665,113.965362054621,09:40:00,580.0,2024-05-28,2024-07-01,,,,True,25.0,0,1
SR6102,乘客1691,WC,電動輪椅,訓練,12345,"['Mon', 'Tue', 'Wed', 'Thu', 'Fri']",天水圍天耀邨耀民樓耀能協會天耀工場,元朗,22.4503067538564,114.003433879632,15:00:00,900.0,朗屏邨(O.K.便利店),元朗,22.4509127032683,114.023471454979,15:15:00,915.0,2009-06-24,2022-08-01,,,2026-12-31,True,15.0,1,0
SR6102,乘客1692,WC,其他 / 特殊情況,上學,12345,"['Mon', 'Tue', 'Wed', 'Thu', 'Fri']",公園南路26號保良局羅氏信託學校,元朗,22.4407665228824,114.017589729338,15:35:00,935.0,欣田邨(近青麟路巴士站),元朗,22.4146934114742,113.976631395912,16:20:00,980.0,2018-07-11,2022-08-01,,,2028-12-31,True,45.0,1,0
SR6102,乘客1693,NWC,嬰兒手推車型輪椅,上學,12345,"['Mon', 'Tue', 'Wed', 'Thu', 'Fri']",公園南路26號保良局羅氏信託學校,元朗,22.4407665228824,114.017589729338,15:35:00,935.0,水邊圍邨康水樓(O.K.便利店),元朗,22.4460789091863,114.021232012894,15:45:00,945.0,2024-11-08,2024-12-01,,,,True,10.0,0,1
SR6102,乘客1694,WC,其他 / 特殊情況,上學,12345,"['Mon', 'Tue', 'Wed', 'Thu', 'Fri']",恆貴街8號基督教服務處培愛學校,屯門,22.3823515244668,113.973890357127,16:35:00,995.0,紫田村150號西坑尾(康寶路直入西坑尾路牌右轉空地),屯門,22.4192900009835,113.970994705747,17:55:00,1075.0,2025-04-07,2025-05-01,,,,True,80.0,1,0
SR6102,乘客1695,NWC,手動輪椅不可過椅;嬰兒手推車型輪椅,上學,12345,"['Mon', 'Tue', 'Wed', 'Thu', 'Fri']",恆貴街8號基督教服務處培愛學校,屯門,22.3823515244668,113.973890357127,16:35:00,995.0,良德街12號海麗花園1座,屯門,22.4074466306259,113.968692104239,17:25:00,1045.0,2017-05-22,2022-08-01,,,2031-12-31,True,50.0,0,1
SR6102,乘客1696,WC,腳架,上學,12345,"['Mon', 'Tue', 'Wed', 'Thu', 'Fri']",恆貴街8號基督教服務處培愛學校,屯門,22.3823515244668,113.973890357127,16:35:00,995.0,大興邨興平樓,屯門,22.4040130769125,113.971406220989,17:10:00,1030.0,2021-09-18,2022-08-01,,,2031-12-31,True,35.0,1,0
SR6102,乘客1696跟車,NWC,,上學,12345,"['Mon', 'Tue', 'Wed', 'Thu', 'Fri']",恆貴街8號基督教服務處培愛學校,屯門,22.3823515244668,113.973890357127,16:35:00,995.0,大興邨興平樓,屯門,22.4040130769125,113.971406220989,17:10:00,1030.0,2021-09-18,2022-08-01,,,2031-12-31,True,35.0,0,1
SR6102,乘客1697,NWC,不需輔助工具,上學,12345,"['Mon', 'Tue', 'Wed', 'Thu', 'Fri']",恆貴街8號基督教服務處培愛學校,屯門,22.3823515244668,113.973890357127,16:35:00,995.0,大興邨興昌樓社區復康網絡(小停車場),屯門,22.4019250363237,113.969299438484,17:15:00,1035.0,2022-11-11,2022-08-01,,,2032-12-31,True,40.0,0,1
SR6102,乘客1698,NWC,電動輪椅,上學,12345,"['Mon', 'Tue', 'Wed', 'Thu', 'Fri']",恆貴街8號基督教服務處培愛學校,屯門,22.3823515244668,113.973890357127,16:35:00,995.0,屯門菁田邨菁信樓,屯門,22.4120060573307,113.971282381972,17:45:00,1065.0,2024-10-21,2024-12-01,,,,True,70.0,0,1
SR6102,乘客1699,WC,不需輔助工具,上學,12345,"['Mon', 'Tue', 'Wed', 'Thu', 'Fri']",恆貴街8號基督教服務處培愛學校,屯門,22.3823515244668,113.973890357127,16:35:00,995.0,大興邨興平樓,屯門,22.4040130769125,113.971406220989,17:10:00,1030.0,2023-07-26,2024-03-01,,,,True,35.0,1,0
SR6102,乘客1700,NWC,手動輪椅可以過椅,訓練,134,"['Mon', 'Wed', 'Thu']",震寰路82號聖公會康恩園,屯門,22.4088254428934,113.969387940129,17:30:00,1050.0,和田邨和喜樓,屯門,22.4140388411182,113.968860017753,17:40:00,1060.0,2023-08-29,2024-03-01,,,,True,10.0,0,1
SR6102,乘客1700跟車,WC,,訓練,134,"['Mon', 'Wed', 'Thu']",震寰路82號聖公會康恩園,屯門,22.4088254428934,113.969387940129,17:30:00,1050.0,和田邨和喜樓,屯門,22.4140388411182,113.968860017753,17:40:00,1060.0,2023-08-29,2024-03-01,,,,True,10.0,1,0
SR6111,乘客1701,NWC,電動輪椅,工作,12345,"['Mon', 'Tue', 'Wed', 'Thu', 'Fri']",大圍美田邨美秀樓,沙田,22.3758751924441,114.170737939153,07:15:00,435.0,火炭山尾街18-24號沙田商業中心,沙田,22.397114643053,114.193467139874,07:30:00,450.0,2022-04-25,2022-08-01,,,2032-12-31,True,15.0,0,1
SR6111,乘客1702,WC,手杖,訓練,12345,"['Mon', 'Tue', 'Wed', 'Thu', 'Fri']",牛頭角上邨常滿樓,觀塘,22.3187686709335,114.217457206109,08:35:00,515.0,牛頭角功樂道2號香港心理衛生會賽馬會大樓,觀塘,22.3173085960269,114.222380189506,08:50:00,530.0,2013-04-17,2022-08-01,,,2026-12-31,True,15.0,1,0
SR6111,乘客1703,NWC,手動輪椅不可過椅,訓練,12345,"['Mon', 'Tue', 'Wed', 'Thu', 'Fri']",牛頭角道297號花園大廈玉蓮臺3座(入閘),觀塘,22.3170891324473,114.218230744835,08:40:00,520.0,牛頭角功樂道2號香港心理衛生會賽馬會大樓,觀塘,22.3173085960269,114.222380189506,08:50:00,530.0,2025-03-13,2025-05-01,,,,True,10.0,0,1
SR6111,乘客1704,WC,其他 / 特殊情況,訓練,12345,"['Mon', 'Tue', 'Wed', 'Thu', 'Fri']",土瓜灣欣榮花園（炮仗街）,九龍城,22.3214536935306,114.189368392447,09:10:00,550.0,何文田常盛街39號東華三院黃祖棠社會服務大樓,九龍城,22.3200162864691,114.181947674526,09:20:00,560.0,2023-08-21,2023-09-01,,,,True,10.0,1,0
SR6112,乘客1705,NWC,其他 / 特殊情況,訓練,12345,"['Mon', 'Tue', 'Wed', 'Thu', 'Fri']",何文田常盛街39號東華三院黃祖棠社會服務大樓,九龍城,22.3200162864691,114.181947674526,15:15:00,915.0,土瓜灣欣榮花園（炮仗街）,九龍城,22.3214536935306,114.189368392447,15:25:00,925.0,2023-08-21,2023-09-01,,,,True,10.0,0,1
SR6112,乘客1706,NWC,白手杖,訓練,12345,"['Mon', 'Tue', 'Wed', 'Thu', 'Fri']",彩雲邨伴月樓靈實創毅中心,黃大仙,22.3332861996755,114.216138210779,16:05:00,965.0,秀茂坪曉光街26號曉光護老中心,黃大仙,22.3178540300396,114.230836321406,16:15:00,975.0,2020-05-25,2022-08-01,,,2030-12-31,True,10.0,0,1
SR6112,乘客1707,NWC,手杖,訓練,12345,"['Mon', 'Tue', 'Wed', 'Thu', 'Fri']",彩雲邨伴月樓靈實創毅中心,黃大仙,22.3332861996755,114.216138210779,16:05:00,965.0,秀茂坪曉光街26號曉光護老中心,黃大仙,22.3178540300396,114.230836321406,16:15:00,975.0,2023-07-28,2024-03-01,,,,True,10.0,0,1
SR6112,乘客1708,NWC,不需輔助工具,訓練,12345,"['Mon', 'Tue', 'Wed', 'Thu', 'Fri']",水泉澳邨明泉樓匡智中心(停車場),沙田,22.3744457162465,114.198263900373,17:20:00,1040.0,火炭禾上墩街彩禾苑,沙田,22.3974756515321,114.188418902573,17:35:00,1055.0,2023-07-27,2023-08-01,,,,True,15.0,0,1
SR6112,乘客1709,NWC,電動輪椅,工作,12345,"['Mon', 'Tue', 'Wed', 'Thu', 'Fri']",沙田中文大學康本國際學術園,沙田,22.4164802461145,114.211199704123,17:50:00,1070.0,竹園南邨華園樓(入閘後左邊第一個路口),沙田,22.344518487107,114.191658397999,18:45:00,1125.0,2024-03-08,2025-06-01,,,,True,55.0,0,1
SR6112,乘客1710,WC,手杖,工作,12345,"['Mon', 'Tue', 'Wed', 'Thu', 'Fri']",排頭街1-3號康樂及文化事務署總部,沙田,22.3847292685624,114.188607114964,18:20:00,1100.0,牛池灣威豪花園1座(安定道入閘，客通知管理處開閘，如垃圾房上落需提早通知車長),沙田,22.3369691626424,114.208336764375,19:00:00,1140.0,2022-02-10,2022-08-01,,,2032-12-31,True,40.0,1,0
SR6121,乘客1711,NWC,手推架,上學,12345,"['Mon', 'Tue', 'Wed', 'Thu', 'Fri']",東涌滿東邨滿和樓(迴旋處),離島,22.2774923289214,113.932685193885,07:20:00,440.0,葵合街22號耀能協會羅怡基學校,離島,22.365822220536,114.129328069516,09:20:00,560.0,2020-07-17,2022-08-01,,,2030-12-31,True,120.0,0,1
SR6121,乘客1712,NWC,手杖;腳架,訓練,12345,"['Mon', 'Tue', 'Wed', 'Thu', 'Fri']",東涌逸東邨清逸樓,離島,22.280993937704,113.937281024002,07:30:00,450.0,葵盛西邨10座新生精神康復會工場,離島,22.36005167918,114.122914075675,09:10:00,550.0,2025-12-11,2026-02-01,,,,True,100.0,0,1
SR6121,乘客1713,NWC,腳架,上學,12345,"['Mon', 'Tue', 'Wed', 'Thu', 'Fri']",東涌逸東邨舟逸樓,離島,22.2810035252645,113.936142898955,07:35:00,455.0,葵合街22號耀能協會羅怡基學校,離島,22.365822220536,114.129328069516,09:20:00,560.0,2015-06-02,2022-08-01,,,2026-12-31,True,105.0,0,1
SR6121,乘客1714,NWC,不需輔助工具,上學,12345,"['Mon', 'Tue', 'Wed', 'Thu', 'Fri']",東涌逸東邨救世軍林拔中紀念學校,離島,22.2816124430856,113.937493364675,07:40:00,460.0,青芊街2號保良局陳百強伉儷青衣學校,離島,22.3484302958043,114.10309386901,08:55:00,535.0,2024-09-11,2024-11-01,,,,True,75.0,0,1
SR6121,乘客1715,NWC,其他 / 特殊情況,上學,12345,"['Mon', 'Tue', 'Wed', 'Thu', 'Fri']",東涌迎東邨迎福樓,離島,22.2962940916137,113.953479496224,08:00:00,480.0,葵合街22號耀能協會羅怡基學校,離島,22.365822220536,114.129328069516,09:20:00,560.0,2021-07-05,2022-08-01,,,2031-12-31,True,80.0,0,1
SR6121,乘客1716,NWC,手動輪椅不可過椅,上學,12345,"['Mon', 'Tue', 'Wed', 'Thu', 'Fri']",東涌迎東邨迎福樓,離島,22.2962940916137,113.953479496224,08:00:00,480.0,葵合街22號耀能協會羅怡基學校,離島,22.365822220536,114.129328069516,09:20:00,560.0,2020-07-28,2022-08-01,,,2030-12-31,True,80.0,0,1
SR6121,乘客1717,WC,其他 / 特殊情況,上學,12345,"['Mon', 'Tue', 'Wed', 'Thu', 'Fri']",東涌藍天海岸5座,離島,22.2911568367024,113.945111709019,08:10:00,490.0,青芊街2號保良局陳百強伉儷青衣學校,離島,22.3484302958043,114.10309386901,08:55:00,535.0,2014-08-28,2022-08-01,,,2026-12-31,True,45.0,1,0
SR6121,乘客1718,NWC,嬰兒手推車型輪椅;腳架,上學,12345,"['Mon', 'Tue', 'Wed', 'Thu', 'Fri']",東涌藍天海岸5座,離島,22.2911568367024,113.945111709019,08:10:00,490.0,青芊街2號保良局陳百強伉儷青衣學校,離島,22.3484302958043,114.10309386901,08:55:00,535.0,2025-07-03,2025-09-01,,,,True,45.0,0,1
SR6121,乘客1718跟車,WC,,上學,12345,"['Mon', 'Tue', 'Wed', 'Thu', 'Fri']",東涌藍天海岸5座,離島,22.2911568367024,113.945111709019,08:10:00,490.0,青芊街2號保良局陳百強伉儷青衣學校,離島,22.3484302958043,114.10309386901,08:55:00,535.0,2025-07-03,2025-09-01,,,,True,45.0,1,0
SR6121,乘客1719,NWC,其他 / 特殊情況,訓練,12345,"['Mon', 'Tue', 'Wed', 'Thu', 'Fri']",東涌映灣園商場(住客上落位),離島,22.2921648980875,113.949229460398,08:15:00,495.0,荔景山路200號救世軍荔景院,離島,22.3450479206061,114.127917588699,09:45:00,585.0,2017-08-11,2022-08-01,,,2026-12-31,True,90.0,0,1
SR6121,乘客1720,NWC,電動輪椅,上學,12345,"['Mon', 'Tue', 'Wed', 'Thu', 'Fri']",東涌映灣園商場(住客上落位),離島,22.2921648980875,113.949229460398,08:15:00,495.0,葵合街22號耀能協會羅怡基學校,離島,22.365822220536,114.129328069516,09:20:00,560.0,2012-06-04,2022-08-01,,,2026-12-31,True,65.0,0,1
SR6121,乘客1721,WC,氧氣機;嬰兒手推車型輪椅,上學,12345,"['Mon', 'Tue', 'Wed', 'Thu', 'Fri']",青衣青盛苑,青衣,22.3499466799094,114.102181680486,08:45:00,525.0,葵合街22號耀能協會羅怡基學校,青衣,22.365822220536,114.129328069516,09:20:00,560.0,2025-09-05,2025-10-01,,,,True,35.0,1,0
SR6121,乘客1721跟車,WC,,上學,12345,"['Mon', 'Tue', 'Wed', 'Thu', 'Fri']",青衣青盛苑,青衣,22.3499466799094,114.102181680486,08:45:00,525.0,葵合街22號耀能協會羅怡基學校,青衣,22.365822220536,114.129328069516,09:20:00,560.0,2025-09-05,2025-10-01,,,,True,35.0,1,0
SR6121,乘客1722,NWC,手杖,訓練,12345,"['Mon', 'Tue', 'Wed', 'Thu', 'Fri']",葵盛東邨盛家樓,葵涌,22.3633511162177,114.125558613352,09:30:00,570.0,葵盛圍310號保良局夏利萊博士伉儷復康中心,葵涌,22.3606246094388,114.125004068297,10:05:00,605.0,2024-10-16,2024-12-01,,,,True,35.0,0,1
SR6121,乘客1723,NWC,其他 / 特殊情況,訓練,12345,"['Mon', 'Tue', 'Wed', 'Thu', 'Fri']",葵涌葵盛圍188號高盛臺,葵涌,22.3646560630568,114.122862707688,09:35:00,575.0,葵盛圍310號保良局夏利萊博士伉儷復康中心,葵涌,22.3606246094388,114.125004068297,10:05:00,605.0,2023-01-26,2022-08-01,,,2033-12-31,True,30.0,0,1
SR6121,乘客1724,NWC,電動輪椅,訓練,12345,"['Mon', 'Tue', 'Wed', 'Thu', 'Fri']",荔景邨日景樓(入閘),葵涌,22.3500004214684,114.126945411613,09:50:00,590.0,葵盛圍310號保良局夏利萊博士伉儷復康中心,葵涌,22.3606246094388,114.125004068297,10:05:00,605.0,2013-05-29,2022-08-01,,,2026-12-31,True,15.0,0,1
SR6122,乘客1725,WC,其他 / 特殊情況,上學,12345,"['Mon', 'Tue', 'Wed', 'Thu', 'Fri']",藍田復康徑8號紅十字會雅麗珊學校,觀塘,22.3074345515783,114.230656003018,15:45:00,945.0,牛頭角承昌道1號香港兒童醫院,觀塘,22.3158535115507,114.208980497406,16:00:00,960.0,2022-03-23,2022-08-01,,,2032-12-31,True,15.0,1,0
SR6122,乘客1726,NWC,手動輪椅不可過椅;嬰兒手推車型輪椅,上學,12345,"['Mon', 'Tue', 'Wed', 'Thu', 'Fri']",藍田復康徑8號紅十字會雅麗珊學校,觀塘,22.3074345515783,114.230656003018,15:45:00,945.0,土瓜灣美景街124號偉恒昌新邨,觀塘,22.3177456404828,114.192203235102,16:20:00,980.0,2020-08-28,2022-08-01,,,2030-12-31,True,35.0,0,1
SR6122,乘客1726跟車,WC,,上學,12345,"['Mon', 'Tue', 'Wed', 'Thu', 'Fri']",藍田復康徑8號紅十字會雅麗珊學校,觀塘,22.3074345515783,114.230656003018,15:45:00,945.0,土瓜灣美景街124號偉恒昌新邨,觀塘,22.3177456404828,114.192203235102,16:20:00,980.0,2020-08-28,2022-08-01,,,2030-12-31,True,35.0,1,0
SR6122,乘客1727,NWC,不需輔助工具,上學,12345,"['Mon', 'Tue', 'Wed', 'Thu', 'Fri']",藍田復康徑8號紅十字會雅麗珊學校,觀塘,22.3074345515783,114.230656003018,15:45:00,945.0,荃灣荃新天地 (楊屋道復康車位),觀塘,22.3693458766635,114.113271107237,17:30:00,1050.0,2025-07-08,2025-09-01,,,,True,105.0,0,1
SR6122,乘客1728,NWC,其他 / 特殊情況,訓練,12345,"['Mon', 'Tue', 'Wed', 'Thu', 'Fri']",油麻地窩打老道54號 循道衛理楊震社會服務處,油尖旺,22.314185016241,114.172631931042,16:40:00,1000.0,海麗邨海智樓,油尖旺,22.3313742158177,114.146700844197,17:10:00,1030.0,2025-11-12,2026-02-01,,,,True,30.0,0,1
SR6122,乘客1728跟車,NWC,,訓練,12345,"['Mon', 'Tue', 'Wed', 'Thu', 'Fri']",油麻地窩打老道54號 循道衛理楊震社會服務處,油尖旺,22.314185016241,114.172631931042,16:40:00,1000.0,海麗邨海智樓,油尖旺,22.3313742158177,114.146700844197,17:10:00,1030.0,2025-11-12,2026-02-01,,,,True,30.0,0,1
SR6122,乘客1729,NWC,手杖,訓練,12345,"['Mon', 'Tue', 'Wed', 'Thu', 'Fri']",油麻地石壁道4號明愛油麻地服務中心,油尖旺,22.3107804793595,114.17171875273,16:45:00,1005.0,大角咀埃華街67-87號大同新邨大眾樓聖榮之家,油尖旺,22.3213661774198,114.161209289958,16:55:00,1015.0,2023-07-24,2023-08-01,,,,True,10.0,0,1
SR6131,乘客1730,NWC,手動輪椅不可過椅,上學,12345,"['Mon', 'Tue', 'Wed', 'Thu', 'Fri']",錦上路博愛江夏圍村,元朗,22.4335044017306,114.071416531261,07:30:00,450.0,恆貴街8號基督教服務處培愛學校,元朗,22.3823515244668,113.973890357127,08:55:00,535.0,2022-06-09,2022-08-01,,,2032-12-31,True,85.0,0,1
SR6131,乘客1731,WC,腳架,上學,12345,"['Mon', 'Tue', 'Wed', 'Thu', 'Fri']",錦田泰康圍(錦田街市對面巴士站),元朗,22.4399223920827,114.065099460961,07:40:00,460.0,恆貴街8號基督教服務處培愛學校,元朗,22.3823515244668,113.973890357127,08:55:00,535.0,2021-07-07,2022-08-01,,,2031-12-31,True,75.0,1,0
SR6131,乘客1732,NWC,電動輪椅,上學,12345,"['Mon', 'Tue', 'Wed', 'Thu', 'Fri']",屯門菁田邨菁信樓,屯門,22.4120060573307,113.971282381972,08:15:00,495.0,恆貴街8號基督教服務處培愛學校,屯門,22.3823515244668,113.973890357127,08:55:00,535.0,2024-10-21,2024-12-01,,,,True,40.0,0,1
SR6131,乘客1733,WC,不需輔助工具,上學,12345,"['Mon', 'Tue', 'Wed', 'Thu', 'Fri']",屯門良景邨良智樓,屯門,22.4049247741682,113.961776865094,08:30:00,510.0,恆貴街8號基督教服務處培愛學校,屯門,22.3823515244668,113.973890357127,08:55:00,535.0,2024-03-08,2024-05-01,,,,True,25.0,1,0
SR6131,乘客1734,NWC,不需輔助工具,上學,12345,"['Mon', 'Tue', 'Wed', 'Thu', 'Fri']",屯門良景邨良智樓,屯門,22.4049247741682,113.961776865094,08:30:00,510.0,恆貴街8號基督教服務處培愛學校,屯門,22.3823515244668,113.973890357127,08:55:00,535.0,2025-07-03,2025-09-01,,,,True,25.0,0,1
SR6131,乘客1735,NWC,不需輔助工具,上學,12345,"['Mon', 'Tue', 'Wed', 'Thu', 'Fri']",屯門良景邨良智樓,屯門,22.4049247741682,113.961776865094,08:30:00,510.0,恆貴街8號基督教服務處培愛學校,屯門,22.3823515244668,113.973890357127,08:55:00,535.0,2024-12-09,2025-01-01,,,,True,25.0,0,1
SR6131,乘客1736,NWC,其他 / 特殊情況,上學,12345,"['Mon', 'Tue', 'Wed', 'Thu', 'Fri']",湖秀街2號悅湖山莊8座,屯門,22.3743725970147,113.96804483186,08:45:00,525.0,恆貴街8號基督教服務處培愛學校,屯門,22.3823515244668,113.973890357127,08:55:00,535.0,2021-08-11,2022-08-01,,,2033-12-31,True,10.0,0,1
SR6131,乘客1737,NWC,手杖,訓練,12345,"['Mon', 'Tue', 'Wed', 'Thu', 'Fri']",井財街9號錦發大廈,屯門,22.4032930304018,113.978062220311,09:45:00,585.0,青松觀路10號鄰舍輔導會怡逸居,屯門,22.4085072152203,113.971305730374,10:30:00,630.0,2021-08-11,2022-08-01,,,2031-12-31,True,45.0,0,1
SR6131,乘客1738,NWC,手動輪椅可以過椅,訓練,134,"['Mon', 'Wed', 'Thu']",和田邨和喜樓,屯門,22.4140388411182,113.968860017753,10:00:00,600.0,震寰路82號聖公會康恩園,屯門,22.4088254428934,113.969387940129,10:15:00,615.0,2023-08-29,2024-03-01,,,,True,15.0,0,1
SR6131,乘客1738跟車,WC,,訓練,134,"['Mon', 'Wed', 'Thu']",和田邨和喜樓,屯門,22.4140388411182,113.968860017753,10:00:00,600.0,震寰路82號聖公會康恩園,屯門,22.4088254428934,113.969387940129,10:15:00,615.0,2023-08-29,2024-03-01,,,,True,15.0,1,0
SR6132,乘客1739,NWC,手動輪椅可以過椅,訓練,12345,"['Mon', 'Tue', 'Wed', 'Thu', 'Fri']",天水圍天耀邨耀民樓耀能協會天耀工場,元朗,22.4503067538564,114.003433879632,15:00:00,900.0,大興邨鄰舍輔導會大興宿舍(興昌樓路口),元朗,22.4019214314315,113.969209542213,15:40:00,940.0,2019-02-28,2022-08-01,,,2029-12-31,True,40.0,0,1
SR6132,乘客1740,WC,手動輪椅可以過椅,訓練,12345,"['Mon', 'Tue', 'Wed', 'Thu', 'Fri']",天水圍天耀邨耀民樓耀能協會天耀工場,元朗,22.4503067538564,114.003433879632,15:00:00,900.0,天水圍天瑞邨商場(的士站尾),元朗,22.4553309498414,113.998723576114,15:15:00,915.0,2015-07-21,2025-12-01,,,2029-12-31,True,15.0,1,0
SR6132,乘客1741,WC,電動輪椅,訓練,12345,"['Mon', 'Tue', 'Wed', 'Thu', 'Fri']",天水圍天耀邨耀民樓耀能協會天耀工場,元朗,22.4503067538564,114.003433879632,15:00:00,900.0,天水圍天頌苑頌波閣(小巴站),元朗,22.4605656726327,113.99764690045,15:25:00,925.0,2009-08-14,2025-12-01,,,2029-12-31,True,25.0,1,0
SR6132,乘客1742,WC,其他 / 特殊情況,訓練,12345,"['Mon', 'Tue', 'Wed', 'Thu', 'Fri']",蝴蝶邨蝶意樓鄰舍輔導會工場(仁德天主教小學側停車場),屯門,22.3760236089532,113.963491512947,16:00:00,960.0,安寧路欣康樓盲人輔導會欣悅軒(巴士站),屯門,22.4458726990161,114.022348698922,16:35:00,995.0,2017-11-29,2022-08-01,,,2028-12-31,True,35.0,1,0
SR6132,乘客1743,NWC,其他 / 特殊情況,訓練,12345,"['Mon', 'Tue', 'Wed', 'Thu', 'Fri']",蝴蝶邨蝶意樓鄰舍輔導會工場(仁德天主教小學側停車場),屯門,22.3760236089532,113.963491512947,16:00:00,960.0,安寧路欣康樓盲人輔導會欣悅軒(巴士站),屯門,22.4458726990161,114.022348698922,16:35:00,995.0,2017-11-21,2022-08-01,,,2027-12-31,True,35.0,0,1
SR6132,乘客1744,NWC,手杖;白手杖,訓練,12345,"['Mon', 'Tue', 'Wed', 'Thu', 'Fri']",蝴蝶邨蝶意樓鄰舍輔導會工場(仁德天主教小學側停車場),屯門,22.3760236089532,113.963491512947,16:00:00,960.0,安寧路欣康樓盲人輔導會欣悅軒(巴士站),屯門,22.4458726990161,114.022348698922,16:35:00,995.0,2017-11-29,2022-08-01,,,2028-12-31,True,35.0,0,1
SR6132,乘客1745,NWC,白手杖,訓練,12345,"['Mon', 'Tue', 'Wed', 'Thu', 'Fri']",蝴蝶邨蝶意樓鄰舍輔導會工場(仁德天主教小學側停車場),屯門,22.3760236089532,113.963491512947,16:00:00,960.0,安寧路欣康樓盲人輔導會欣悅軒(巴士站),屯門,22.4458726990161,114.022348698922,16:35:00,995.0,2024-07-10,2024-09-01,,,,True,35.0,0,1
SR6132,乘客1746,NWC,白手杖,訓練,12345,"['Mon', 'Tue', 'Wed', 'Thu', 'Fri']",蝴蝶邨蝶意樓鄰舍輔導會工場(仁德天主教小學側停車場),屯門,22.3760236089532,113.963491512947,16:00:00,960.0,安寧路欣康樓盲人輔導會欣悅軒(巴士站),屯門,22.4458726990161,114.022348698922,16:35:00,995.0,2024-09-16,2024-10-01,,,,True,35.0,0,1
SR6132,乘客1747,NWC,手動輪椅不可過椅,訓練,12345,"['Mon', 'Tue', 'Wed', 'Thu', 'Fri']",安定邨定泰樓香港耀能協會安定宿舍,屯門,22.3878459673284,113.977129093216,16:10:00,970.0,錦田錦匯路18號恒莆新苑,屯門,22.4355097564265,114.066273124305,16:55:00,1015.0,2025-05-07,2025-06-01,,,,True,45.0,0,1
SR6141,乘客1748,WC,不需輔助工具,上學,12345,"['Mon', 'Tue', 'Wed', 'Thu', 'Fri']",碩門邨健碩樓 (安明街避車處),沙田,22.3870266205802,114.208847778552,07:00:00,420.0,富忠里1號耀能協會賽馬會田綺玲學校,沙田,22.4568945063632,114.17293747176,08:15:00,495.0,2025-08-14,2025-09-01,,,,True,75.0,1,0
SR6141,乘客1748跟車,NWC,,上學,12345,"['Mon', 'Tue', 'Wed', 'Thu', 'Fri']",碩門邨健碩樓 (安明街避車處),沙田,22.3870266205802,114.208847778552,07:00:00,420.0,富忠里1號耀能協會賽馬會田綺玲學校,沙田,22.4568945063632,114.17293747176,08:15:00,495.0,2025-08-14,2025-09-01,,,,True,75.0,0,1
SR6141,乘客1749,NWC,嬰兒手推車型輪椅;手動輪椅不可過椅,上學,12345,"['Mon', 'Tue', 'Wed', 'Thu', 'Fri']",沙田威爾斯親王醫院 舊翼日間創傷大樓二樓平台,沙田,22.379335397386,114.201824693332,07:10:00,430.0,富忠里1號耀能協會賽馬會田綺玲學校,沙田,22.4568945063632,114.17293747176,08:15:00,495.0,2025-12-02,2026-02-01,,,,True,65.0,0,1
SR6141,乘客1749跟車,WC,,上學,12345,"['Mon', 'Tue', 'Wed', 'Thu', 'Fri']",香港沙田銀城街威爾斯親王醫院 - 兒科,沙田,22.3783078,114.2012944,07:10:00,430.0,富忠里1號耀能協會賽馬會田綺玲學校,大埔,22.4568945063632,114.17293747176,08:15:00,495.0,2025-12-02,2026-02-01,,,,True,65.0,1,0
SR6141,乘客1750,NWC,腳架,上學,12345,"['Mon', 'Tue', 'Wed', 'Thu', 'Fri']",大圍顯泰街18號名家匯1座,沙田,22.3613661126867,114.175539147577,07:25:00,445.0,富忠里1號耀能協會賽馬會田綺玲學校,沙田,22.4568945063632,114.17293747176,08:15:00,495.0,2024-06-06,2025-10-01,,,,True,50.0,0,1
SR6141,乘客1751,NWC,手動輪椅不可過椅,上學,12345,"['Mon', 'Tue', 'Wed', 'Thu', 'Fri']",大圍美田路1號名城(入閘第2個迴旋處),沙田,22.3701902719164,114.175461528562,07:35:00,455.0,富忠里1號耀能協會賽馬會田綺玲學校,沙田,22.4568945063632,114.17293747176,08:15:00,495.0,2021-07-27,2022-08-01,,,2031-12-31,True,40.0,0,1
SR6141,乘客1752,WC,其他 / 特殊情況,上學,12345,"['Mon', 'Tue', 'Wed', 'Thu', 'Fri']",麗坪路33號玖瓏山(入閘近邨巴站),沙田,22.4128169340158,114.200111006589,07:50:00,470.0,富忠里1號耀能協會賽馬會田綺玲學校,沙田,22.4568945063632,114.17293747176,08:15:00,495.0,2019-07-05,2025-09-01,,,2029-12-31,True,25.0,1,0
SR6141,乘客1753,NWC,其他 / 特殊情況,訓練,12345,"['Mon', 'Tue', 'Wed', 'Thu', 'Fri']",富亨邨(巴士總站OK便利店),大埔,22.4580743225304,114.171245660303,08:25:00,505.0,南坑頌雅路松嶺村匡智訓練中心(入閘後轉右),大埔,22.4629730153313,114.173215238748,08:30:00,510.0,2019-04-10,2022-08-01,,,2029-12-31,True,5.0,0,1
SR6141,乘客1754,NWC,手杖,訓練,12345,"['Mon', 'Tue', 'Wed', 'Thu', 'Fri']",富亨邨(巴士總站OK便利店),大埔,22.4580743225304,114.171245660303,08:25:00,505.0,瀝源邨榮瑞樓唐氏綜合症協會卓業中心,大埔,22.3852687392622,114.191284794365,09:45:00,585.0,2021-12-06,2022-08-01,,,2032-12-31,True,80.0,0,1
SR6141,乘客1755,NWC,手動輪椅不可過椅,訓練,12345,"['Mon', 'Tue', 'Wed', 'Thu', 'Fri']",富亨邨亨榮樓(近71K巴士站),大埔,22.4599886668976,114.172658656289,08:40:00,520.0,大圍悠定街7號保良局李兆忠紀念復康中心,大埔,22.3731835358651,114.17144874889,09:20:00,560.0,2007-04-26,2022-08-01,,,2029-12-31,True,40.0,0,1
SR6141,乘客1755跟車,WC,,訓練,12345,"['Mon', 'Tue', 'Wed', 'Thu', 'Fri']",富亨邨亨榮樓(近71K巴士站),大埔,22.4599886668976,114.172658656289,08:40:00,520.0,大圍悠定街7號保良局李兆忠紀念復康中心,大埔,22.3731835358651,114.17144874889,09:20:00,560.0,2007-04-26,2022-08-01,,,2029-12-31,True,40.0,1,0
SR6141,乘客1756,NWC,其他 / 特殊情況,訓練,12345,"['Mon', 'Tue', 'Wed', 'Thu', 'Fri']",馬鞍山富安花園(巴士總站近OK便利店),沙田,22.405379194963,114.223687165563,09:05:00,545.0,新翠邨新芳樓賽馬會匡智工場,沙田,22.3712104827426,114.182084992603,09:35:00,575.0,2015-08-27,2022-08-01,,,2026-12-31,True,30.0,0,1
SR6141,乘客1757,NWC,手動輪椅不可過椅,訓練,12345,"['Mon', 'Tue', 'Wed', 'Thu', 'Fri']",圓洲角路王屋村20號(近牌坊),沙田,22.3801017407704,114.199315711933,10:00:00,600.0,亞公角山路45號鄰舍輔導會怡欣山莊,沙田,22.3944299396435,114.218564031506,10:15:00,615.0,2019-04-01,2022-08-01,,,2029-12-31,True,15.0,0,1
SR6142,乘客1758,WC,其他 / 特殊情況,訓練,12345,"['Mon', 'Tue', 'Wed', 'Thu', 'Fri']",新翠邨新芳樓賽馬會匡智工場,沙田,22.3712104827426,114.182084992603,15:20:00,920.0,馬鞍山富安花園(巴士總站近OK便利店),沙田,22.405379194963,114.223687165563,15:40:00,940.0,2015-08-27,2022-08-01,,,2026-12-31,True,20.0,1,0
SR6142,乘客1759,NWC,手杖,訓練,12345,"['Mon', 'Tue', 'Wed', 'Thu', 'Fri']",新翠邨新芳樓賽馬會匡智工場,沙田,22.3712104827426,114.182084992603,15:20:00,920.0,上水彩園邨(入閘後靠左近路口),沙田,22.5008649550067,114.127036834247,16:10:00,970.0,2025-01-10,2025-03-01,,,,True,50.0,0,1
SR6142,乘客1760,NWC,其他 / 特殊情況,上學,12345,"['Mon', 'Tue', 'Wed', 'Thu', 'Fri']",富忠里1號耀能協會賽馬會田綺玲學校,大埔,22.4568945063632,114.17293747176,16:30:00,990.0,麗坪路33號玖瓏山(入閘近邨巴站),大埔,22.4128169340158,114.200111006589,17:30:00,1050.0,2019-07-05,2025-09-01,,,2029-12-31,True,60.0,0,1
SR6142,乘客1761,NWC,手動輪椅不可過椅,上學,12345,"['Mon', 'Tue', 'Wed', 'Thu', 'Fri']",富忠里1號耀能協會賽馬會田綺玲學校,大埔,22.4568945063632,114.17293747176,16:30:00,990.0,大圍美田路1號名城(入閘第2個迴旋處),大埔,22.3701902719164,114.175461528562,17:55:00,1075.0,2021-07-27,2022-08-01,,,2031-12-31,True,85.0,0,1
SR6142,乘客1762,WC,手動輪椅不可過椅,上學,12345,"['Mon', 'Tue', 'Wed', 'Thu', 'Fri']",富忠里1號耀能協會賽馬會田綺玲學校,大埔,22.4568945063632,114.17293747176,16:30:00,990.0,香港馬鞍山頌安商場,大埔,22.422490394695,114.226786126365,16:55:00,1015.0,2024-06-03,2025-09-01,,,,True,25.0,1,0
SR6142,乘客1763,WC,嬰兒手推車型輪椅,上學,12345,"['Mon', 'Tue', 'Wed', 'Thu', 'Fri']",富忠里1號耀能協會賽馬會田綺玲學校,大埔,22.4568945063632,114.17293747176,16:30:00,990.0,馬鞍山富寶花園11座,大埔,22.4241648975222,114.23686482088,17:05:00,1025.0,2025-07-03,2025-09-01,,,2030-08-31,True,35.0,1,0
SR6142,乘客1763跟車,WC,,上學,12345,"['Mon', 'Tue', 'Wed', 'Thu', 'Fri']",富忠里1號耀能協會賽馬會田綺玲學校,大埔,22.4568945063632,114.17293747176,16:30:00,990.0,馬鞍山富寶花園11座,大埔,22.4241648975222,114.23686482088,17:05:00,1025.0,2025-07-03,2025-09-01,,,2030-08-31,True,35.0,1,0
SR6142,乘客1764,NWC,不需輔助工具,上學,12345,"['Mon', 'Tue', 'Wed', 'Thu', 'Fri']",富忠里1號耀能協會賽馬會田綺玲學校,大埔,22.4568945063632,114.17293747176,16:30:00,990.0,馬鞍山利安邨利豐樓,大埔,22.4249268460408,114.241118217688,17:15:00,1035.0,2025-07-08,2025-09-01,,,2036-08-31,True,45.0,0,1
SR6142,乘客1765,NWC,不需輔助工具,上學,12345,"['Mon', 'Tue', 'Wed', 'Thu', 'Fri']",富忠里1號耀能協會賽馬會田綺玲學校,大埔,22.4568945063632,114.17293747176,16:30:00,990.0,碩門邨健碩樓 (安明街避車處),大埔,22.3870266205802,114.208847778552,18:15:00,1095.0,2025-08-14,2025-09-01,,,,True,105.0,0,1
SR6142,乘客1766,NWC,嬰兒手推車型輪椅;手動輪椅不可過椅,上學,12345,"['Mon', 'Tue', 'Wed', 'Thu', 'Fri']",富忠里1號耀能協會賽馬會田綺玲學校,大埔,22.4568945063632,114.17293747176,16:30:00,990.0,沙田威爾斯親王醫院 舊翼日間創傷大樓二樓平台,大埔,22.379335397386,114.201824693332,18:25:00,1105.0,2025-12-02,2026-02-01,,,,True,115.0,0,1
SR6142,乘客1766跟車,WC,,上學,12345,"['Mon', 'Tue', 'Wed', 'Thu', 'Fri']",富忠里1號耀能協會賽馬會田綺玲學校,大埔,22.4568945063632,114.17293747176,16:30:00,990.0,沙田威爾斯親王醫院 舊翼日間創傷大樓二樓平台,大埔,22.379335397386,114.201824693332,18:25:00,1105.0,2025-12-02,2026-02-01,,,,True,115.0,1,0
SR6151,乘客1767,NWC,手動輪椅可以過椅,上學,12345,"['Mon', 'Tue', 'Wed', 'Thu', 'Fri']",兆麟苑(兆麟街入閘迴旋處),屯門,22.3843808161942,113.976488039541,07:20:00,440.0,歌和老街53號香港心理衛生會臻和學校,屯門,22.3399607347764,114.168054871166,08:45:00,525.0,2016-06-21,2022-08-01,,,2026-12-31,True,85.0,0,1
SR6151,乘客1767跟車,WC,,上學,12345,"['Mon', 'Tue', 'Wed', 'Thu', 'Fri']",兆麟苑(兆麟街入閘迴旋處),屯門,22.3843808161942,113.976488039541,07:20:00,440.0,歌和老街53號香港心理衛生會臻和學校,屯門,22.3399607347764,114.168054871166,08:45:00,525.0,2016-06-21,2022-08-01,,,2026-12-31,True,85.0,1,0
SR6151,乘客1768,NWC,其他 / 特殊情況,上學,12345,"['Mon', 'Tue', 'Wed', 'Thu', 'Fri']",荔崗街11號浩景台6座,葵涌,22.3496782422259,114.130154951965,08:00:00,480.0,歌和老街53號香港心理衛生會臻和學校,葵涌,22.3399607347764,114.168054871166,08:45:00,525.0,2025-09-17,2026-04-01,,,,True,45.0,0,1
SR6151,乘客1768跟車,NWC,,上學,12345,"['Mon', 'Tue', 'Wed', 'Thu', 'Fri']",荔崗街11號浩景台6座,葵涌,22.3496782422259,114.130154951965,08:00:00,480.0,歌和老街53號香港心理衛生會臻和學校,葵涌,22.3399607347764,114.168054871166,08:45:00,525.0,2025-09-17,2026-04-01,,,,True,45.0,0,1
SR6151,乘客1769,NWC,其他 / 特殊情況,上學,12345,"['Mon', 'Tue', 'Wed', 'Thu', 'Fri']",長沙灣深盛路8號碧海藍天(入閘),深水埗,22.3334847884319,114.148352398442,08:25:00,505.0,歌和老街53號香港心理衛生會臻和學校,深水埗,22.3399607347764,114.168054871166,08:45:00,525.0,2021-07-15,2024-09-01,,,2031-12-31,True,20.0,0,1
SR6151,乘客1769跟車,NWC,,上學,12345,"['Mon', 'Tue', 'Wed', 'Thu', 'Fri']",長沙灣深盛路8號碧海藍天(入閘),深水埗,22.3334847884319,114.148352398442,08:25:00,505.0,歌和老街53號香港心理衛生會臻和學校,深水埗,22.3399607347764,114.168054871166,08:45:00,525.0,2021-07-15,2024-09-01,,,2031-12-31,True,20.0,0,1
SR6151,乘客1770,NWC,電動輪椅,訓練,12345,"['Mon', 'Tue', 'Wed', 'Thu', 'Fri']",天水圍天頌苑頌波閣(小巴站),元朗,22.4605656726327,113.99764690045,09:35:00,575.0,天水圍天耀邨耀民樓耀能協會天耀工場,元朗,22.4503067538564,114.003433879632,10:05:00,605.0,2009-08-14,2025-12-01,,,2029-12-31,True,30.0,0,1
SR6151,乘客1771,WC,手動輪椅可以過椅,訓練,12345,"['Mon', 'Tue', 'Wed', 'Thu', 'Fri']",天水圍天瑞邨商場(的士站尾),元朗,22.4553309498414,113.998723576114,09:45:00,585.0,天水圍天耀邨耀民樓耀能協會天耀工場,元朗,22.4503067538564,114.003433879632,10:05:00,605.0,2015-07-21,2025-12-01,,,2029-12-31,True,20.0,1,0
SR6152,乘客1772,WC,電動輪椅,訓練,12345,"['Mon', 'Tue', 'Wed', 'Thu', 'Fri']",何文田常盛街39號東華三院黃祖棠社會服務大樓,九龍城,22.3200162864691,114.181947674526,15:00:00,900.0,黃大仙中心北館（停車場落客區）,九龍城,22.3427567681724,114.190501442282,15:20:00,920.0,2016-05-30,2022-08-01,,,2031-12-31,True,20.0,1,0
SR6152,乘客1773,WC,手動輪椅可以過椅,上學,12345,"['Mon', 'Tue', 'Wed', 'Thu', 'Fri']",歌和老街53號香港心理衛生會臻和學校,深水埗,22.3399607347764,114.168054871166,15:55:00,955.0,兆麟苑(兆麟街入閘迴旋處),深水埗,22.3843808161942,113.976488039541,16:55:00,1015.0,2016-06-21,2022-08-01,,,2026-12-31,True,60.0,1,0
SR6152,乘客1773跟車,WC,,上學,12345,"['Mon', 'Tue', 'Wed', 'Thu', 'Fri']",歌和老街53號香港心理衛生會臻和學校,深水埗,22.3399607347764,114.168054871166,15:55:00,955.0,兆麟苑(兆麟街入閘迴旋處),深水埗,22.3843808161942,113.976488039541,16:55:00,1015.0,2016-06-21,2022-08-01,,,2026-12-31,True,60.0,1,0
SR6161,乘客1774,NWC,嬰兒手推車型輪椅,上學,12345,"['Mon', 'Tue', 'Wed', 'Thu', 'Fri']",大埔汀角路大美督村口 (垃圾站對面),大埔,22.4724305566322,114.232370494933,07:00:00,420.0,橫頭磡邨宏亮樓賽馬會方心淑引導式教育中心(消防閘外),大埔,22.341218572631,114.18808064084,08:50:00,530.0,2024-08-14,2024-09-01,,,,True,110.0,0,1
SR6161,乘客1774跟車,WC,,上學,12345,"['Mon', 'Tue', 'Wed', 'Thu', 'Fri']",大埔汀角路大美督村口 (垃圾站對面),大埔,22.4724305566322,114.232370494933,07:00:00,420.0,橫頭磡邨宏亮樓賽馬會方心淑引導式教育中心(消防閘外),大埔,22.341218572631,114.18808064084,08:50:00,530.0,2024-08-14,2024-09-01,,,,True,110.0,1,0
SR6161,乘客1775,NWC,其他 / 特殊情況,訓練,12345,"['Mon', 'Tue', 'Wed', 'Thu', 'Fri']",沙田火炭駿景園3座,沙田,22.4006865276689,114.202093829673,07:40:00,460.0,橫頭磡邨宏亮樓賽馬會方心淑引導式教育中心(消防閘外),沙田,22.341218572631,114.18808064084,08:50:00,530.0,2025-10-17,2025-12-01,,,,True,70.0,0,1
SR6161,乘客1775跟車,NWC,,訓練,12345,"['Mon', 'Tue', 'Wed', 'Thu', 'Fri']",沙田火炭駿景園3座,沙田,22.4006865276689,114.202093829673,07:40:00,460.0,橫頭磡邨宏亮樓賽馬會方心淑引導式教育中心(消防閘外),沙田,22.341218572631,114.18808064084,08:50:00,530.0,2025-10-17,2025-12-01,,,,True,70.0,0,1
SR6161,乘客1776,NWC,嬰兒手推車型輪椅,訓練,12345,"['Mon', 'Tue', 'Wed', 'Thu', 'Fri']",小瀝源路69號帝堡城(正門),沙田,22.383654938065,114.215145490841,08:00:00,480.0,橫頭磡邨宏亮樓賽馬會方心淑引導式教育中心(消防閘外),沙田,22.341218572631,114.18808064084,08:50:00,530.0,2025-10-10,2025-12-01,,,,True,50.0,0,1
SR6161,乘客1776跟車,WC,,訓練,12345,"['Mon', 'Tue', 'Wed', 'Thu', 'Fri']",小瀝源路69號帝堡城(正門),沙田,22.383654938065,114.215145490841,08:00:00,480.0,橫頭磡邨宏亮樓賽馬會方心淑引導式教育中心(消防閘外),沙田,22.341218572631,114.18808064084,08:50:00,530.0,2025-10-10,2025-12-01,,,,True,50.0,1,0
SR6161,乘客1777,NWC,嬰兒手推車型輪椅,訓練,12345,"['Mon', 'Tue', 'Wed', 'Thu', 'Fri']",香港沙田廣榮里,沙田,22.3826816,114.2160744,08:05:00,485.0,香港橫頭磡富美街17號橫頭磡邨宏亮樓,黃大仙,22.3413822830786,114.187760509693,08:50:00,530.0,2025-10-15,2025-12-01,,,,True,45.0,0,1
SR6161,乘客1777跟車,WC,,訓練,12345,"['Mon', 'Tue', 'Wed', 'Thu', 'Fri']",香港沙田廣榮里,沙田,22.3826816,114.2160744,08:05:00,485.0,香港橫頭磡富美街17號橫頭磡邨宏亮樓,黃大仙,22.3413822830786,114.187760509693,08:50:00,530.0,2025-10-15,2025-12-01,,,,True,45.0,1,0
SR6161,乘客1778,NWC,嬰兒手推車型輪椅,上學,12345,"['Mon', 'Tue', 'Wed', 'Thu', 'Fri']",大圍名城車公廟路近一座(避車處),沙田,22.3697459667902,114.175436766949,08:15:00,495.0,橫頭磡邨宏亮樓賽馬會方心淑引導式教育中心(消防閘外),沙田,22.341218572631,114.18808064084,08:50:00,530.0,2025-01-21,2025-03-01,,,,True,35.0,0,1
SR6161,乘客1778跟車,WC,,上學,12345,"['Mon', 'Tue', 'Wed', 'Thu', 'Fri']",大圍名城車公廟路近一座(避車處),沙田,22.3697459667902,114.175436766949,08:15:00,495.0,橫頭磡邨宏亮樓賽馬會方心淑引導式教育中心(消防閘外),沙田,22.341218572631,114.18808064084,08:50:00,530.0,2025-01-21,2025-03-01,,,,True,35.0,1,0
SR6162,乘客1779,NWC,其他 / 特殊情況,訓練,12345,"['Mon', 'Tue', 'Wed', 'Thu', 'Fri']",蘇屋邨茶花樓基督教家庭翠藝中心(佛教大雄中學對面),深水埗,22.3407200561656,114.158442429887,16:00:00,960.0,何文田巴富街5號宜富閣(登巴道上落),深水埗,22.3211511199826,114.179517049089,16:45:00,1005.0,2020-09-24,2025-05-01,,,2030-12-31,True,45.0,0,1
SR6162,乘客1780,NWC,手杖,訓練,12345,"['Mon', 'Tue', 'Wed', 'Thu', 'Fri']",蘇屋邨茶花樓基督教家庭翠藝中心(佛教大雄中學對面),深水埗,22.3407200561656,114.158442429887,16:00:00,960.0,青山道252-256號金球閣仁安護老院,深水埗,22.3375530113434,114.157730677836,16:10:00,970.0,2020-06-18,2025-05-01,,,2031-12-31,True,10.0,0,1
SR6162,乘客1781,NWC,白手杖,訓練,245,"['Tue', 'Thu', 'Fri']",蘇屋邨茶花樓基督教家庭翠藝中心(佛教大雄中學對面),深水埗,22.3407200561656,114.158442429887,16:00:00,960.0,橫頭磡邨宏偉樓,深水埗,22.3410132681895,114.186339761322,17:45:00,1065.0,2025-03-10,2025-05-01,,,,True,105.0,0,1
SR6162,乘客1782,NWC,手杖,訓練,1234,"['Mon', 'Tue', 'Wed', 'Thu']",蘇屋邨茶花樓基督教家庭翠藝中心(佛教大雄中學對面),深水埗,22.3407200561656,114.158442429887,16:00:00,960.0,牛頭角彩霞邨彩日樓(消防閘口),深水埗,22.326344232365,114.217198693524,17:20:00,1040.0,2020-11-25,2025-05-01,,,2030-12-31,True,80.0,0,1
SR6162,乘客1783,NWC,手動輪椅不可過椅;其他 / 特殊情況,訓練,12345,"['Mon', 'Tue', 'Wed', 'Thu', 'Fri']",元州邨元康樓基督教懷智服務處(入閘),深水埗,22.3375174105136,114.154391939781,16:20:00,980.0,黃大仙下邨龍福樓,深水埗,22.3397685140335,114.191553679159,17:10:00,1030.0,2018-08-08,2022-08-01,,,2033-12-31,True,50.0,0,1
SR6162,乘客1784,WC,手杖,訓練,12345,"['Mon', 'Tue', 'Wed', 'Thu', 'Fri']",九龍塘牛津道1D號展亮技能發展中心,九龍城,22.3287326259366,114.180324023198,16:55:00,1015.0,牛頭角上邨常榮樓(入閘),九龍城,22.3194180664513,114.21667683058,17:30:00,1050.0,2024-08-06,2024-09-01,,,,True,35.0,1,0
SR6162,乘客1785,NWC,手動輪椅不可過椅,工作,124,"['Mon', 'Tue', 'Thu']",黃大仙警署 (親仁街正門外),黃大仙,22.3398149144763,114.196593351406,18:00:00,1080.0,藍田康華苑怡康閣,黃大仙,22.3139294220918,114.240194473893,19:05:00,1145.0,2025-10-21,2025-12-01,,,,True,65.0,0,1
SR6162,乘客1786,WC,電動輪椅,工作,12345,"['Mon', 'Tue', 'Wed', 'Thu', 'Fri']",沙福道19號教育局九龍塘服務中心,九龍城,22.3367735974287,114.177402687864,18:20:00,1100.0,牛頭角彩德邨彩德商場 (停車場),九龍城,22.3296315917679,114.213425555214,18:45:00,1125.0,2017-06-16,2022-08-01,,,2026-12-31,True,25.0,1,0
SR6171,乘客1787,WC,不需輔助工具,訓練,12345,"['Mon', 'Tue', 'Wed', 'Thu', 'Fri']",錦上路元崗村牌坊 (近巴士站),元朗,22.4241634069302,114.077601052578,07:35:00,455.0,山景邨社康大樓匡智中心,元朗,22.3985762442479,113.966972177849,09:20:00,560.0,2025-06-17,2025-09-01,,,,True,105.0,1,0
SR6171,乘客1788,NWC,手動輪椅不可過椅,訓練,12345,"['Mon', 'Tue', 'Wed', 'Thu', 'Fri']",錦田錦匯路18號恒莆新苑,元朗,22.4355097564265,114.066273124305,07:50:00,470.0,安定邨定泰樓香港耀能協會安定宿舍,元朗,22.3878459673284,113.977129093216,09:00:00,540.0,2025-05-07,2025-06-01,,,,True,70.0,0,1
SR6171,乘客1789,WC,手杖,訓練,12345,"['Mon', 'Tue', 'Wed', 'Thu', 'Fri']",新田福興里新圍村村公所,元朗,22.4716469083195,114.056609603046,08:25:00,505.0,洪水橋洪福綜合職業復康中心,元朗,22.4374250151407,113.998513274235,09:55:00,595.0,2023-07-24,2023-08-01,,,,True,90.0,1,0
SR6171,乘客1790,NWC,電動輪椅;手動輪椅不可過椅,訓練,12345,"['Mon', 'Tue', 'Wed', 'Thu', 'Fri']",湖翠路268號邁亞美海灣6座,屯門,22.3721244134165,113.970395648188,08:50:00,530.0,安定邨定泰樓香港耀能協會安定宿舍,屯門,22.3878459673284,113.977129093216,09:00:00,540.0,2020-03-20,2022-08-01,,,2031-12-31,True,10.0,0,1
SR6171,乘客1791,WC,電動輪椅;手杖,訓練,135,"['Mon', 'Wed', 'Fri']",新屋村廈村82號(村口直入辰田動力招牌對面),元朗,22.4453817524469,113.992165425496,09:45:00,585.0,洪水橋洪福邨洪盛樓柏雨長者鄰舍中心,元朗,22.4377725172482,113.99759534998,10:00:00,600.0,2023-07-24,2023-08-01,,,,True,15.0,1,0
SR6171,乘客1791跟車,WC,,訓練,135,"['Mon', 'Wed', 'Fri']",新屋村廈村82號(村口直入辰田動力招牌對面),元朗,22.4453817524469,113.992165425496,09:45:00,585.0,洪水橋洪福邨洪盛樓柏雨長者鄰舍中心,元朗,22.4377725172482,113.99759534998,10:00:00,600.0,2023-07-24,2023-08-01,,,,True,15.0,1,0
SR6172,乘客1792,NWC,其他 / 特殊情況,訓練,12345,"['Mon', 'Tue', 'Wed', 'Thu', 'Fri']",青山公路201號竹園神召會康樂工場,屯門,22.3988168628371,113.977088778088,15:00:00,900.0,屯門業旺邨業德樓,屯門,22.388409780056,113.969771907571,15:20:00,920.0,2025-09-11,2025-11-01,,,,True,20.0,0,1
SR6172,乘客1793,NWC,電動輪椅;手動輪椅不可過椅,訓練,12345,"['Mon', 'Tue', 'Wed', 'Thu', 'Fri']",安定邨定泰樓香港耀能協會安定宿舍,屯門,22.3878459673284,113.977129093216,15:10:00,910.0,湖翠路268號邁亞美海灣6座,屯門,22.3721244134165,113.970395648188,15:30:00,930.0,2020-03-20,2022-08-01,,,2031-12-31,True,20.0,0,1
SR6172,乘客1794,WC,不需輔助工具,訓練,12345,"['Mon', 'Tue', 'Wed', 'Thu', 'Fri']",山景邨社康大樓匡智中心,屯門,22.3985762442479,113.966972177849,15:45:00,945.0,錦上路元崗村牌坊 (近巴士站),屯門,22.4241634069302,114.077601052578,17:45:00,1065.0,2025-06-17,2025-09-01,,,,True,120.0,1,0
SR6172,乘客1795,NWC,手動輪椅不可過椅,上學,12345,"['Mon', 'Tue', 'Wed', 'Thu', 'Fri']",公園南路26號保良局羅氏信託學校,元朗,22.4407665228824,114.017589729338,16:00:00,960.0,良德街3號豐連,元朗,22.4092923369435,113.967936189109,16:50:00,1010.0,2019-07-30,2022-08-01,,,2031-12-31,True,50.0,0,1
SR6172,乘客1796,WC,手杖,訓練,12345,"['Mon', 'Tue', 'Wed', 'Thu', 'Fri']",洪水橋洪福綜合職業復康中心,元朗,22.4374250151407,113.998513274235,16:20:00,980.0,新田福興里新圍村村公所,元朗,22.4716469083195,114.056609603046,17:25:00,1045.0,2023-07-24,2023-08-01,,,,True,65.0,1,0
SR6172,乘客1797,NWC,電動輪椅;手杖,訓練,135,"['Mon', 'Wed', 'Fri']",洪水橋洪福邨洪盛樓柏雨長者鄰舍中心,元朗,22.4377725172482,113.99759534998,16:25:00,985.0,新屋村廈村82號(村口直入辰田動力招牌對面),元朗,22.4453817524469,113.992165425496,16:35:00,995.0,2023-07-24,2023-08-01,,,,True,10.0,0,1
SR6172,乘客1797跟車,WC,,訓練,135,"['Mon', 'Wed', 'Fri']",洪水橋洪福邨洪盛樓柏雨長者鄰舍中心,元朗,22.4377725172482,113.99759534998,16:25:00,985.0,新屋村廈村82號(村口直入辰田動力招牌對面),元朗,22.4453817524469,113.992165425496,16:35:00,995.0,2023-07-24,2023-08-01,,,,True,10.0,1,0
SR6181,乘客1798,NWC,手杖,工作,12345,"['Mon', 'Tue', 'Wed', 'Thu', 'Fri']",華明路華明邨康明樓(近巴士站),北區,22.4835942837901,114.139473822566,07:10:00,430.0,九龍灣大業里11號水務署九龍東區大樓,北區,22.3181876052883,114.213271351427,07:50:00,470.0,2019-11-27,2022-08-01,,,2031-12-31,True,40.0,0,1
SR6181,乘客1799,NWC,手杖,工作,12345,"['Mon', 'Tue', 'Wed', 'Thu', 'Fri']",牛頭角道淘大商場(近巴士站),觀塘,22.3245507966026,114.215324920276,08:00:00,480.0,長沙灣長順街11號長城工廠大廈,觀塘,22.3362725774383,114.147932388228,08:40:00,520.0,2025-09-29,2025-11-01,,,,True,40.0,0,1
SR6181,乘客1800,NWC,手杖,訓練,12345,"['Mon', 'Tue', 'Wed', 'Thu', 'Fri']",竹園南邨貴園樓 (近天虹小學),黃大仙,22.3441268299256,114.190133214211,09:30:00,570.0,禾輋邨民和樓香港耀能協會禾輋工場,黃大仙,22.3896818562553,114.195226190129,10:15:00,615.0,2022-09-13,2022-08-01,,,2032-12-31,True,45.0,0,1
SR6181,乘客1801,NWC,電動輪椅,訓練,12345,"['Mon', 'Tue', 'Wed', 'Thu', 'Fri']",樂富邨宏康樓(小巴站後),黃大仙,22.3390754353478,114.186997761219,09:40:00,580.0,禾輋邨民和樓香港耀能協會禾輋工場,黃大仙,22.3896818562553,114.195226190129,10:15:00,615.0,2013-12-02,2022-08-01,,,2029-12-31,True,35.0,0,1
SR6181,乘客1802,WC,不需輔助工具,訓練,12345,"['Mon', 'Tue', 'Wed', 'Thu', 'Fri']",東頭邨振東樓,黃大仙,22.3356552956895,114.192918624929,09:50:00,590.0,禾輋邨民和樓香港耀能協會禾輋工場,黃大仙,22.3896818562553,114.195226190129,10:15:00,615.0,2023-07-25,2023-08-01,,,,True,25.0,1,0
SR6182,乘客1803,NWC,其他 / 特殊情況,訓練,12345,"['Mon', 'Tue', 'Wed', 'Thu', 'Fri']",紅磡紅菱街3號東華三院何玉清工場,九龍城,22.3051937972372,114.184098155385,16:10:00,970.0,藍田廣田邨廣軒樓,九龍城,22.3031478470623,114.239670758835,16:55:00,1015.0,2022-11-15,2025-08-01,,,2032-12-31,True,45.0,0,1
SR6182,乘客1804,NWC,手動輪椅不可過椅,就診,12345,"['Mon', 'Tue', 'Wed', 'Thu', 'Fri']",福塘道4號啟能康復大樓基督教家庭欣悅坊,觀塘,22.3119060107175,114.228825458281,16:35:00,995.0,藍田德田邨德隆樓,觀塘,22.3072253678641,114.238169478258,16:45:00,1005.0,2021-12-01,2022-08-01,,,2032-12-31,True,10.0,0,1
SR6182,乘客1805,WC,手杖,工作,12345,"['Mon', 'Tue', 'Wed', 'Thu', 'Fri']",九龍灣大業里11號水務署九龍東區大樓,觀塘,22.3181876052883,114.213271351427,17:30:00,1050.0,華明路華明邨康明樓(近巴士站),觀塘,22.4835942837901,114.139473822566,18:15:00,1095.0,2019-11-27,2022-08-01,,,2031-12-31,True,45.0,1,0
SR6191,乘客1806,NWC,其他 / 特殊情況,上學,12345,"['Mon', 'Tue', 'Wed', 'Thu', 'Fri']",古洞路白石凹交匯處(近巴士站),元朗,22.5040066287493,114.085513836021,07:05:00,425.0,薄扶林道131號（心光學校）,元朗,22.2669638153015,114.131786989264,08:30:00,510.0,2024-09-02,2024-11-01,,,,True,85.0,0,1
SR6191,乘客1807,NWC,白手杖,上學,12345,"['Mon', 'Tue', 'Wed', 'Thu', 'Fri']",大埔明雅苑B座明欣閣,大埔,22.4518387619486,114.175273853871,07:25:00,445.0,薄扶林道131號（心光學校）,大埔,22.2669638153015,114.131786989264,08:30:00,510.0,2025-11-04,2026-01-01,,,,True,65.0,0,1
SR6191,乘客1808,NWC,其他 / 特殊情況,上學,12345,"['Mon', 'Tue', 'Wed', 'Thu', 'Fri']",鳳園路9號嵐山2座(入閘),大埔,22.4642118173129,114.180096826168,07:40:00,460.0,薄扶林道131號（心光恩望學校）,大埔,22.2666677548545,114.132209053304,08:30:00,510.0,2016-02-18,2022-08-01,,,2031-12-31,True,50.0,0,1
SR6191,乘客1809,NWC,電動輪椅,工作,12345,"['Mon', 'Tue', 'Wed', 'Thu', 'Fri']",鴨脷洲西邨利澤樓,南區,22.2445088501072,114.150164198709,09:00:00,540.0,偉業街223號宏利金融中心,南區,22.3077015696366,114.224075230918,09:40:00,580.0,2024-09-11,2024-10-01,,,,True,40.0,0,1
SR6192,乘客1810,WC,其他 / 特殊情況,上學,12345,"['Mon', 'Tue', 'Wed', 'Thu', 'Fri']",薄扶林道131號（心光幼兒中心）,南區,22.2670041872954,114.1318223853,15:40:00,940.0,鳳園路9號嵐山2座(入閘),南區,22.4642118173129,114.180096826168,16:25:00,985.0,2016-02-18,2022-08-01,,,2031-12-31,True,45.0,1,0
SR6192,乘客1811,NWC,其他 / 特殊情況,上學,12345,"['Mon', 'Tue', 'Wed', 'Thu', 'Fri']",薄扶林道131號（心光幼兒中心）,南區,22.2670041872954,114.1318223853,15:40:00,940.0,古洞路白石凹交匯處(近巴士站),南區,22.5040066287493,114.085513836021,17:00:00,1020.0,2024-09-02,2024-11-01,,,,True,80.0,0,1
SR6192,乘客1812,NWC,白手杖,上學,12345,"['Mon', 'Tue', 'Wed', 'Thu', 'Fri']",薄扶林道131號（心光學校）,南區,22.2669638153015,114.131786989264,15:40:00,940.0,大埔明雅苑B座明欣閣,南區,22.4518387619486,114.175273853871,16:40:00,1000.0,2025-11-04,2026-01-01,,,,True,60.0,0,1
SR6201,乘客1813,NWC,手動輪椅不可過椅;手杖,工作,12345,"['Mon', 'Tue', 'Wed', 'Thu', 'Fri']",紅磡海逸豪園25座(戴亞街),九龍城,22.3064540597498,114.193279395224,07:30:00,450.0,西九龍法院大樓,九龍城,22.3314008243019,114.153231382633,07:55:00,475.0,2025-12-31,2026-02-01,,,,True,25.0,0,1
SR6201,乘客1814,WC,手動輪椅不可過椅,上學,12345,"['Mon', 'Tue', 'Wed', 'Thu', 'Fri']",香港長沙灣元州街303號元州邨元豐樓,深水埗,22.337651,114.155265,08:25:00,505.0,香港牛池灣平定道東瑪嘉烈戴麟趾紅十字會學校,黃大仙,22.335789,114.21284,08:50:00,530.0,2024-05-23,2025-09-01,,,,True,25.0,1,0
SR6201,乘客1815,WC,電動輪椅,訓練,12345,"['Mon', 'Tue', 'Wed', 'Thu', 'Fri']",黃大仙中心北館（停車場落客區）,黃大仙,22.3427567681724,114.190501442282,09:00:00,540.0,何文田常盛街39號東華三院黃祖棠社會服務大樓,黃大仙,22.3200162864691,114.181947674526,09:50:00,590.0,2016-05-30,2022-08-01,,,2031-12-31,True,50.0,1,0
SR6201,乘客1816,WC,手杖,訓練,12345,"['Mon', 'Tue', 'Wed', 'Thu', 'Fri']",新蒲崗景福街118號景泰苑,黃大仙,22.3350605677416,114.200467254182,09:10:00,550.0,何文田常康街51號耀能協會盛康園(閘口),黃大仙,22.3202049408109,114.182679177075,09:55:00,595.0,2023-12-15,2024-09-01,,,,True,45.0,1,0
SR6202,乘客1817,NWC,其他 / 特殊情況,訓練,12345,"['Mon', 'Tue', 'Wed', 'Thu', 'Fri']",堅尼地道100號聖雅各賽馬會力行工場,灣仔,22.2726781131103,114.173695109941,15:15:00,915.0,興發街68號美城花園大廈,灣仔,22.2849251599399,114.191090781099,15:55:00,955.0,2019-11-21,2024-03-01,,,2031-12-31,True,40.0,0,1
SR6202,乘客1818,NWC,手杖,訓練,12345,"['Mon', 'Tue', 'Wed', 'Thu', 'Fri']",堅尼地道100號聖雅各賽馬會力行工場,灣仔,22.2726781131103,114.173695109941,15:15:00,915.0,北角屈臣道15號維多利中心,灣仔,22.2873500849998,114.190410411037,15:50:00,950.0,2023-07-27,2023-09-01,,,,True,35.0,0,1
SR6202,乘客1819,NWC,其他 / 特殊情況,訓練,12345,"['Mon', 'Tue', 'Wed', 'Thu', 'Fri']",灣仔堅尼地道100號聖雅各福群會大樓 (停車場),灣仔,22.2724844639801,114.17325949607,15:15:00,915.0,香港銅鑼灣堅拿道東35號,灣仔,22.2769997345574,114.181036350106,15:40:00,940.0,2025-08-07,2025-09-01,,,,True,25.0,0,1
SR6202,乘客1820,NWC,其他 / 特殊情況,訓練,12345,"['Mon', 'Tue', 'Wed', 'Thu', 'Fri']",灣仔堅尼地道100號聖雅各福群會大樓 (停車場),灣仔,22.2724844639801,114.17325949607,15:15:00,915.0,灣仔皇后大道東樂滿大廈,灣仔,22.2768354249315,114.168765653975,15:25:00,925.0,2024-08-20,2024-10-01,,,,True,10.0,0,1
SR6211,乘客1821,NWC,手動輪椅不可過椅;嬰兒手推車型輪椅,上學,12345,"['Mon', 'Tue', 'Wed', 'Thu', 'Fri']",海怡半島怡韻閣(近巴士站),南區,22.2436600534991,114.14646407845,08:50:00,530.0,薄扶林道131號（心光恩望學校）（恩望平台）,南區,22.2668421342708,114.132194278594,09:40:00,580.0,2024-12-04,2025-01-01,,,,True,50.0,0,1
SR6211,乘客1821跟車,WC,,上學,12345,"['Mon', 'Tue', 'Wed', 'Thu', 'Fri']",海怡半島怡韻閣(近巴士站),南區,22.2436600534991,114.14646407845,08:50:00,530.0,薄扶林道131號（心光恩望學校）（恩望平台）,南區,22.2668421342708,114.132194278594,09:40:00,580.0,2024-12-04,2025-01-01,,,,True,50.0,1,0
SR6211,乘客1822,NWC,手動輪椅不可過椅,上學,12345,"['Mon', 'Tue', 'Wed', 'Thu', 'Fri']",奉天街(近香港仔大道),南區,22.2487001443561,114.153221240525,09:00:00,540.0,薄扶林道131號（心光恩望學校）（恩望平台）,南區,22.2668421342708,114.132194278594,09:40:00,580.0,2019-01-14,2022-08-01,,,2029-12-31,True,40.0,0,1
SR6211,乘客1822跟車,WC,,上學,12345,"['Mon', 'Tue', 'Wed', 'Thu', 'Fri']",奉天街(近香港仔大道),南區,22.2487001443561,114.153221240525,09:00:00,540.0,薄扶林道131號（心光恩望學校）（恩望平台）,南區,22.2668421342708,114.132194278594,09:40:00,580.0,2019-01-14,2022-08-01,,,2029-12-31,True,40.0,1,0
SR6211,乘客1823,NWC,嬰兒手推車型輪椅;氧氣機,上學,12345,"['Mon', 'Tue', 'Wed', 'Thu', 'Fri']",華貴邨嘉隆苑嘉傑閣,南區,22.2497701606329,114.138019314899,09:10:00,550.0,薄扶林道131號（心光恩望學校）（恩望平台）,南區,22.2668421342708,114.132194278594,09:40:00,580.0,2021-07-21,2022-08-01,,,2031-12-31,True,30.0,0,1
SR6211,乘客1823跟車,WC,,上學,12345,"['Mon', 'Tue', 'Wed', 'Thu', 'Fri']",華貴邨嘉隆苑嘉傑閣,南區,22.2497701606329,114.138019314899,09:10:00,550.0,薄扶林道131號（心光恩望學校）（恩望平台）,南區,22.2668421342708,114.132194278594,09:40:00,580.0,2021-07-21,2022-08-01,,,2031-12-31,True,30.0,1,0
SR6211,乘客1824,NWC,嬰兒手推車型輪椅,上學,12345,"['Mon', 'Tue', 'Wed', 'Thu', 'Fri']",上碧瑤灣(的士站),南區,22.2619744666652,114.134207717928,09:20:00,560.0,薄扶林道131號（心光恩望學校）（恩望平台）,南區,22.2668421342708,114.132194278594,09:40:00,580.0,2023-08-07,2024-03-01,,,,True,20.0,0,1
SR6211,乘客1824跟車,WC,,上學,12345,"['Mon', 'Tue', 'Wed', 'Thu', 'Fri']",上碧瑤灣(的士站),南區,22.2619744666652,114.134207717928,09:20:00,560.0,薄扶林道131號（心光恩望學校）（恩望平台）,南區,22.2668421342708,114.132194278594,09:40:00,580.0,2023-08-07,2024-03-01,,,,True,20.0,1,0
SR6211,乘客1825,NWC,手動輪椅不可過椅,上學,12345,"['Mon', 'Tue', 'Wed', 'Thu', 'Fri']",碧瑤灣28座(下碧瑤灣),南區,22.2623615836796,114.13191271545,09:20:00,560.0,薄扶林道131號（心光恩望學校）（恩望平台）,南區,22.2668421342708,114.132194278594,09:40:00,580.0,2023-08-07,2024-03-01,,,,True,20.0,0,1
SR6211,乘客1825跟車,WC,,上學,12345,"['Mon', 'Tue', 'Wed', 'Thu', 'Fri']",碧瑤灣28座(下碧瑤灣),南區,22.2623615836796,114.13191271545,09:20:00,560.0,薄扶林道131號（心光恩望學校）（恩望平台）,南區,22.2668421342708,114.132194278594,09:40:00,580.0,2023-08-07,2024-03-01,,,,True,20.0,1,0
SR6212,乘客1826,NWC,手動輪椅不可過椅,上學,12345,"['Mon', 'Tue', 'Wed', 'Thu', 'Fri']",薄扶林道131號（心光恩望學校）（恩望平台）,南區,22.2668421342708,114.132194278594,15:15:00,915.0,田灣邨田健樓,南區,22.2520336063816,114.150369697256,15:45:00,945.0,2018-07-25,2022-08-01,,,2028-12-31,True,30.0,0,1
SR6212,乘客1827,WC,嬰兒手推車型輪椅;氧氣機,上學,12345,"['Mon', 'Tue', 'Wed', 'Thu', 'Fri']",薄扶林道131號（心光恩望學校）（恩望平台）,南區,22.2668421342708,114.132194278594,15:15:00,915.0,華貴邨嘉隆苑嘉傑閣,南區,22.2497701606329,114.138019314899,15:35:00,935.0,2021-07-21,2022-08-01,,,2031-12-31,True,20.0,1,0
SR6212,乘客1827跟車,WC,,上學,12345,"['Mon', 'Tue', 'Wed', 'Thu', 'Fri']",薄扶林道131號（心光恩望學校）（恩望平台）,南區,22.2668421342708,114.132194278594,15:15:00,915.0,華貴邨嘉隆苑嘉傑閣,南區,22.2497701606329,114.138019314899,15:35:00,935.0,2021-07-21,2022-08-01,,,2031-12-31,True,20.0,1,0
SR6212,乘客1828,NWC,手動輪椅不可過椅;嬰兒手推車型輪椅,上學,12345,"['Mon', 'Tue', 'Wed', 'Thu', 'Fri']",薄扶林道131號（心光恩望學校）（恩望平台）,南區,22.2668421342708,114.132194278594,15:15:00,915.0,海怡半島怡韻閣(近巴士站),南區,22.2436600534991,114.14646407845,16:10:00,970.0,2024-12-04,2025-01-01,,,,True,55.0,0,1
SR6212,乘客1828跟車,WC,,上學,12345,"['Mon', 'Tue', 'Wed', 'Thu', 'Fri']",薄扶林道131號（心光恩望學校）（恩望平台）,南區,22.2668421342708,114.132194278594,15:15:00,915.0,海怡半島怡韻閣(近巴士站),南區,22.2436600534991,114.14646407845,16:10:00,970.0,2024-12-04,2025-01-01,,,,True,55.0,1,0
SR6212,乘客1829,NWC,手動輪椅不可過椅,上學,12345,"['Mon', 'Tue', 'Wed', 'Thu', 'Fri']",薄扶林道131號（心光恩望學校）（恩望平台）,南區,22.2668421342708,114.132194278594,15:15:00,915.0,香港仔大道225號福群大樓,南區,22.248199780479,114.152877705271,15:55:00,955.0,2019-01-14,2022-08-01,,,2029-12-31,True,40.0,0,1
SR6212,乘客1829跟車,WC,,上學,12345,"['Mon', 'Tue', 'Wed', 'Thu', 'Fri']",薄扶林道131號（心光恩望學校）（恩望平台）,南區,22.2668421342708,114.132194278594,15:15:00,915.0,香港仔大道225號福群大樓,南區,22.248199780479,114.152877705271,15:55:00,955.0,2019-01-14,2022-08-01,,,2029-12-31,True,40.0,1,0
SR6212,乘客1830,NWC,手動輪椅不可過椅;嬰兒手推車型輪椅,上學,12345,"['Mon', 'Tue', 'Wed', 'Thu', 'Fri']",薄扶林道131號（心光恩望學校）（恩望平台）,南區,22.2668421342708,114.132194278594,15:15:00,915.0,香港仔大道26號海光閣,南區,22.2476987869298,114.158372511036,16:00:00,960.0,2023-09-14,2024-03-01,,,,True,45.0,0,1
SR6212,乘客1831,WC,手杖,工作,12345,"['Mon', 'Tue', 'Wed', 'Thu', 'Fri']",金鐘添美道2號政府總部東座,中西區,22.2810579568317,114.165816643634,17:15:00,1035.0,葵興路100號葵涌中心,中西區,22.3638164927726,114.131660840037,18:20:00,1100.0,2020-07-06,2022-08-01,,,2030-12-31,True,65.0,1,0
SR6221,乘客1832,NWC,電動輪椅;手杖,工作,12345,"['Mon', 'Tue', 'Wed', 'Thu', 'Fri']",葵盛圍323號葵聯邨聯悦樓,葵涌,22.362144639871,114.12672395824,07:00:00,420.0,杏花邨郵政局,葵涌,22.2786752717593,114.238627369811,08:00:00,480.0,2023-07-12,2023-08-01,,,,True,60.0,0,1
SR6221,乘客1833,WC,手杖,工作,12345,"['Mon', 'Tue', 'Wed', 'Thu', 'Fri']",葵興路100號葵涌中心,葵涌,22.3638164927726,114.131660840037,07:05:00,425.0,金鐘添美道2號政府總部東座,葵涌,22.2810579568317,114.165816643634,07:40:00,460.0,2020-07-06,2022-08-01,,,2030-12-31,True,35.0,1,0
SR6221,乘客1834,NWC,白手杖,上學,12345,"['Mon', 'Tue', 'Wed', 'Thu', 'Fri']",鰂魚涌康山花園5座,東區,22.2854744942671,114.216351379654,08:20:00,500.0,薄扶林道131號（心光恩望學校）（恩望平台）,東區,22.2668421342708,114.132194278594,09:30:00,570.0,2018-10-10,2022-08-01,,,2028-12-31,True,70.0,0,1
SR6221,乘客1834跟車,NWC,,上學,12345,"['Mon', 'Tue', 'Wed', 'Thu', 'Fri']",鰂魚涌康山花園5座,東區,22.2854744942671,114.216351379654,08:20:00,500.0,薄扶林道131號（心光恩望學校）（恩望平台）,東區,22.2668421342708,114.132194278594,09:30:00,570.0,2018-10-10,2022-08-01,,,2028-12-31,True,70.0,0,1
SR6221,乘客1834跟車,NWC,,上學,12345,"['Mon', 'Tue', 'Wed', 'Thu', 'Fri']",鰂魚涌康山花園5座,東區,22.2854744942671,114.216351379654,08:20:00,500.0,薄扶林道131號（心光恩望學校）（恩望平台）,東區,22.2668421342708,114.132194278594,09:30:00,570.0,2018-10-10,2022-08-01,,,2028-12-31,True,70.0,0,1
SR6221,乘客1835,NWC,其他 / 特殊情況;白手杖,上學,12345,"['Mon', 'Tue', 'Wed', 'Thu', 'Fri']",小西灣道9號富欣花園(入閘),東區,22.2651761381424,114.249052537979,08:40:00,520.0,薄扶林道131號（心光恩望學校）（恩望平台）,東區,22.2668421342708,114.132194278594,09:30:00,570.0,2015-08-11,2022-08-01,,,2026-12-31,True,50.0,0,1
SR6221,乘客1835跟車,NWC,,上學,12345,"['Mon', 'Tue', 'Wed', 'Thu', 'Fri']",小西灣道9號富欣花園(入閘),東區,22.2651761381424,114.249052537979,08:40:00,520.0,薄扶林道131號（心光恩望學校）（恩望平台）,東區,22.2668421342708,114.132194278594,09:30:00,570.0,2015-08-11,2022-08-01,,,2026-12-31,True,50.0,0,1
SR6221,乘客1836,NWC,手動輪椅不可過椅,上學,12345,"['Mon', 'Tue', 'Wed', 'Thu', 'Fri']",柴灣翠灣街18號已婚警察宿舍(入閘),東區,22.2667479543217,114.239851421194,08:50:00,530.0,薄扶林道131號（心光恩望學校）（恩望平台）,東區,22.2668421342708,114.132194278594,09:30:00,570.0,2017-05-05,2022-08-01,,,2026-12-31,True,40.0,0,1
SR6221,乘客1836跟車,WC,,上學,12345,"['Mon', 'Tue', 'Wed', 'Thu', 'Fri']",柴灣翠灣街18號已婚警察宿舍(入閘),東區,22.2667479543217,114.239851421194,08:50:00,530.0,薄扶林道131號（心光恩望學校）（恩望平台）,東區,22.2668421342708,114.132194278594,09:30:00,570.0,2017-05-05,2022-08-01,,,2026-12-31,True,40.0,1,0
SR6221,乘客1837,NWC,手動輪椅不可過椅,上學,12345,"['Mon', 'Tue', 'Wed', 'Thu', 'Fri']",柴灣新翠花園(吉勝街渣打銀行門口),東區,22.2643252873591,114.236903749227,08:55:00,535.0,薄扶林道131號（心光恩望學校）（恩望平台）,東區,22.2668421342708,114.132194278594,09:30:00,570.0,2015-07-31,2022-08-01,,,2026-12-31,True,35.0,0,1
SR6221,乘客1837跟車,WC,,上學,12345,"['Mon', 'Tue', 'Wed', 'Thu', 'Fri']",柴灣新翠花園(吉勝街渣打銀行門口),東區,22.2643252873591,114.236903749227,08:55:00,535.0,薄扶林道131號（心光恩望學校）（恩望平台）,東區,22.2668421342708,114.132194278594,09:30:00,570.0,2015-07-31,2022-08-01,,,2026-12-31,True,35.0,1,0
SR6221,乘客1838,NWC,嬰兒手推車型輪椅;氧氣機,訓練,12345,"['Mon', 'Tue', 'Wed', 'Thu', 'Fri']",香港仔石排灣邨 (入閘迴旋處),南區,22.2490191098492,114.157996455386,09:45:00,585.0,大口環道19號協康會大樓慶華特殊幼兒中心,南區,22.2704982527423,114.124268747061,10:05:00,605.0,2025-08-08,2025-10-01,,,,True,20.0,0,1
SR6221,乘客1838跟車,WC,,訓練,12345,"['Mon', 'Tue', 'Wed', 'Thu', 'Fri']",香港仔石排灣邨 (入閘迴旋處),南區,22.2490191098492,114.157996455386,09:45:00,585.0,大口環道19號協康會大樓慶華特殊幼兒中心,南區,22.2704982527423,114.124268747061,10:05:00,605.0,2025-08-08,2025-10-01,,,,True,20.0,1,0
SR6222,乘客1839,NWC,手動輪椅不可過椅,上學,12345,"['Mon', 'Tue', 'Wed', 'Thu', 'Fri']",藍田復康徑8號紅十字會雅麗珊學校,觀塘,22.3074345515783,114.230656003018,15:35:00,935.0,紅磡愛景街海濱南岸(閘口),觀塘,22.3024913427465,114.187311709815,17:10:00,1030.0,2023-11-01,2023-12-01,,,,True,95.0,0,1
SR6222,乘客1840,WC,手動輪椅不可過椅,上學,12345,"['Mon', 'Tue', 'Wed', 'Thu', 'Fri']",藍田復康徑8號紅十字會雅麗珊學校,觀塘,22.3074345515783,114.230656003018,15:35:00,935.0,何文田亞皆老街204號君柏,觀塘,22.3245966903454,114.185832817052,16:55:00,1015.0,2022-10-20,2022-08-01,,,2032-12-31,True,80.0,1,0
SR6222,乘客1840跟車,WC,,上學,12345,"['Mon', 'Tue', 'Wed', 'Thu', 'Fri']",藍田復康徑8號紅十字會雅麗珊學校,觀塘,22.3074345515783,114.230656003018,15:35:00,935.0,何文田亞皆老街204號君柏,觀塘,22.3245966903454,114.185832817052,16:55:00,1015.0,2022-10-20,2022-08-01,,,2032-12-31,True,80.0,1,0
SR6222,乘客1841,NWC,其他 / 特殊情況,上學,12345,"['Mon', 'Tue', 'Wed', 'Thu', 'Fri']",藍田復康徑8號紅十字會雅麗珊學校,觀塘,22.3074345515783,114.230656003018,15:35:00,935.0,牛頭角道裕民中心商場(近小巴站),觀塘,22.3145011158695,114.222773738195,16:15:00,975.0,2022-11-03,2022-08-01,,,2032-12-31,True,40.0,0,1
SR6222,乘客1842,NWC,不需輔助工具,上學,12345,"['Mon', 'Tue', 'Wed', 'Thu', 'Fri']",藍田復康徑8號紅十字會雅麗珊學校,觀塘,22.3074345515783,114.230656003018,15:35:00,935.0,牛頭角道裕民中心商場(近小巴站),觀塘,22.3145011158695,114.222773738195,16:15:00,975.0,2025-05-15,2025-07-01,,,,True,40.0,0,1
SR6222,乘客1843,NWC,手動輪椅不可過椅,上學,12345,"['Mon', 'Tue', 'Wed', 'Thu', 'Fri']",藍田復康徑8號紅十字會雅麗珊學校,觀塘,22.3074345515783,114.230656003018,15:35:00,935.0,紅磡紅樂道過渡性房屋「善匯」(避車處),觀塘,22.3022567949381,114.185608859586,17:20:00,1040.0,2025-10-09,2025-11-01,,,,True,105.0,0,1
SR6222,乘客1844,WC,腳架,上學,12345,"['Mon', 'Tue', 'Wed', 'Thu', 'Fri']",藍田復康徑8號紅十字會雅麗珊學校,觀塘,22.3074345515783,114.230656003018,15:35:00,935.0,九龍灣麗晶花園2座,觀塘,22.3296298511403,114.206611227188,16:45:00,1005.0,2025-09-03,2025-10-01,,,,True,70.0,1,0
SR6222,乘客1844跟車,NWC,,上學,12345,"['Mon', 'Tue', 'Wed', 'Thu', 'Fri']",藍田復康徑8號紅十字會雅麗珊學校,觀塘,22.3074345515783,114.230656003018,15:35:00,935.0,九龍灣麗晶花園2座,觀塘,22.3296298511403,114.206611227188,16:45:00,1005.0,2025-09-03,2025-10-01,,,,True,70.0,0,1
SR6222,乘客1845,NWC,其他 / 特殊情況,上學,12345,"['Mon', 'Tue', 'Wed', 'Thu', 'Fri']",藍田復康徑8號紅十字會雅麗珊學校,觀塘,22.3074345515783,114.230656003018,15:35:00,935.0,觀塘月華街萬福大廈,觀塘,22.3130266064524,114.228063690952,15:55:00,955.0,2025-10-31,2025-12-01,,,,True,20.0,0,1
SR6222,乘客1846,NWC,不需輔助工具,訓練,12345,"['Mon', 'Tue', 'Wed', 'Thu', 'Fri']",牛頭角功樂道2號香港心理衛生會賽馬會大樓,觀塘,22.3173085960269,114.222380189506,16:05:00,965.0,牛頭角道183號牛頭角街市(天橋底),觀塘,22.3214148500723,114.216284710766,16:35:00,995.0,2018-01-10,2022-08-01,,,2028-12-31,True,30.0,0,1
SR6222,乘客1847,NWC,手杖,訓練,12345,"['Mon', 'Tue', 'Wed', 'Thu', 'Fri']",牛頭角功樂道2號香港心理衛生會賽馬會大樓,觀塘,22.3173085960269,114.222380189506,16:05:00,965.0,牛頭角上邨常滿樓,觀塘,22.3187686709335,114.217457206109,16:25:00,985.0,2013-04-17,2022-08-01,,,2026-12-31,True,20.0,0,1
SR6222,乘客1848,NWC,手動輪椅不可過椅,訓練,12345,"['Mon', 'Tue', 'Wed', 'Thu', 'Fri']",牛頭角功樂道2號香港心理衛生會賽馬會大樓,觀塘,22.3173085960269,114.222380189506,16:05:00,965.0,牛頭角道297號花園大廈玉蓮臺3座(入閘),觀塘,22.3170891324473,114.218230744835,16:05:00,965.0,2025-03-13,2025-05-01,,,,True,0.0,0,1
SR6222,乘客1849,WC,其他 / 特殊情況,工作,12345,"['Mon', 'Tue', 'Wed', 'Thu', 'Fri']",北角渣華道303號廉政公署大樓,東區,22.2928023958008,114.205975201332,17:55:00,1075.0,富豪花園(的士站),東區,22.3854773848003,114.199244723078,18:40:00,1120.0,2013-09-04,2022-08-01,,,2026-12-31,True,45.0,1,0
SR6231,乘客1850,NWC,電動輪椅,工作,12345,"['Mon', 'Tue', 'Wed', 'Thu', 'Fri']",青山公路123號紅棉大廈,荃灣,22.3709412910016,114.11966554897,06:45:00,405.0,中環下亞厘畢道18號律政中心(西座入閘),荃灣,22.279169437949,114.158786175619,08:15:00,495.0,2018-12-14,2022-08-01,,,2032-12-31,True,90.0,0,1
SR6231,乘客1850跟車,WC,,工作,12345,"['Mon', 'Tue', 'Wed', 'Thu', 'Fri']",青山公路123號紅棉大廈,荃灣,22.3709412910016,114.11966554897,06:45:00,405.0,中環下亞厘畢道18號律政中心(西座入閘),荃灣,22.279169437949,114.158786175619,08:15:00,495.0,2018-12-14,2022-08-01,,,2032-12-31,True,90.0,1,0
SR6231,乘客1851,NWC,電動輪椅,工作,12345,"['Mon', 'Tue', 'Wed', 'Thu', 'Fri']",梨木樹邨5座,荃灣,22.3790526829252,114.134743807776,07:00:00,420.0,北角渣華道333號政府合署,荃灣,22.2921624228687,114.208256882562,07:45:00,465.0,2009-11-04,2022-08-01,,,2026-12-31,True,45.0,0,1
SR6231,乘客1852,WC,電動輪椅,工作,12345,"['Mon', 'Tue', 'Wed', 'Thu', 'Fri']",油塘高俊苑(入閘OK便利店),觀塘,22.2983512634571,114.242309358905,07:30:00,450.0,中環下亞厘畢道18號律政中心(入閘),觀塘,22.2792192891203,114.158606041801,08:15:00,495.0,2024-07-04,2024-08-01,,,,True,45.0,1,0
SR6231,乘客1853,WC,其他 / 特殊情況,訓練,12345,"['Mon', 'Tue', 'Wed', 'Thu', 'Fri']",薄扶林道147號(傷健協會共融軒),南區,22.2602284783082,114.135933970017,08:50:00,530.0,石排灣邨碧輝樓新生精神康復會培訓中心(巴士總站側),南區,22.2502654183729,114.157331371813,09:20:00,560.0,2018-09-05,2022-08-01,,,2028-12-31,True,30.0,1,0
SR6231,乘客1854,NWC,手杖,訓練,12345,"['Mon', 'Tue', 'Wed', 'Thu', 'Fri']",薄扶林道147號(傷健協會共融軒),南區,22.2602284783082,114.135933970017,08:50:00,530.0,漁光道85號扶康會康復中心,南區,22.2495951375818,114.158990263625,09:15:00,555.0,2013-01-04,2022-08-01,,,2026-12-31,True,25.0,0,1
SR6231,乘客1855,NWC,腳架,訓練,12345,"['Mon', 'Tue', 'Wed', 'Thu', 'Fri']",薄扶林道147號(傷健協會共融軒),南區,22.2602284783082,114.135933970017,08:50:00,530.0,石排灣邨碧輝樓新生精神康復會培訓中心(巴士總站側),南區,22.2502654183729,114.157331371813,09:20:00,560.0,2018-07-12,2022-08-01,,,2028-12-31,True,30.0,0,1
SR6231,乘客1856,NWC,手杖,訓練,12345,"['Mon', 'Tue', 'Wed', 'Thu', 'Fri']",薄扶林道147號(傷健協會共融軒),南區,22.2602284783082,114.135933970017,08:50:00,530.0,石排灣邨碧輝樓新生精神康復會培訓中心(巴士總站側),南區,22.2502654183729,114.157331371813,09:20:00,560.0,2023-12-21,2024-04-01,,,,True,30.0,0,1
SR6231,乘客1857,NWC,電動輪椅,訓練,12345,"['Mon', 'Tue', 'Wed', 'Thu', 'Fri']",華富(二)邨華泰樓,南區,22.2520406678761,114.136605798539,09:00:00,540.0,漁光道85號扶康會康復中心,南區,22.2495951375818,114.158990263625,09:15:00,555.0,2022-05-06,2022-08-01,,,2032-12-31,True,15.0,0,1
SR6231,乘客1858,WC,其他 / 特殊情況,訓練,12345,"['Mon', 'Tue', 'Wed', 'Thu', 'Fri']",華富(一)邨華信樓(停車場),南區,22.2506974034814,114.135261431609,09:35:00,575.0,堅尼地道100號聖雅各賽馬會力行工場,南區,22.2726781131103,114.173695109941,10:05:00,605.0,2016-01-11,2022-08-01,,,2026-12-31,True,30.0,1,0
SR6231,乘客1859,NWC,其他 / 特殊情況,訓練,12345,"['Mon', 'Tue', 'Wed', 'Thu', 'Fri']",華富(一)邨華信樓(停車場),南區,22.2506974034814,114.135261431609,09:35:00,575.0,堅尼地道100號聖雅各賽馬會力行工場,南區,22.2726781131103,114.173695109941,10:05:00,605.0,2016-06-15,2022-08-01,,,2026-12-31,True,30.0,0,1
SR6231,乘客1860,NWC,其他 / 特殊情況,訓練,12345,"['Mon', 'Tue', 'Wed', 'Thu', 'Fri']",華富(一)邨華信樓(停車場),南區,22.2506974034814,114.135261431609,09:35:00,575.0,堅尼地道100號聖雅各賽馬會力行工場,南區,22.2726781131103,114.173695109941,10:05:00,605.0,2016-06-14,2022-08-01,,,2026-12-31,True,30.0,0,1
SR6231,乘客1861,NWC,其他 / 特殊情況,訓練,12345,"['Mon', 'Tue', 'Wed', 'Thu', 'Fri']",華富(一)邨華信樓(停車場),南區,22.2506974034814,114.135261431609,09:35:00,575.0,堅尼地道100號聖雅各賽馬會力行工場,南區,22.2726781131103,114.173695109941,10:05:00,605.0,2016-08-12,2022-08-01,,,2026-12-31,True,30.0,0,1
SR6231,乘客1862,NWC,其他 / 特殊情況,訓練,12345,"['Mon', 'Tue', 'Wed', 'Thu', 'Fri']",華富(一)邨華信樓(停車場),南區,22.2506974034814,114.135261431609,09:35:00,575.0,堅尼地道100號聖雅各賽馬會力行工場,南區,22.2726781131103,114.173695109941,10:05:00,605.0,2017-06-05,2022-08-01,,,2026-12-31,True,30.0,0,1
SR6231,乘客1863,NWC,其他 / 特殊情況,訓練,12345,"['Mon', 'Tue', 'Wed', 'Thu', 'Fri']",華富(一)邨華信樓(停車場),南區,22.2506974034814,114.135261431609,09:35:00,575.0,堅尼地道100號聖雅各賽馬會力行工場,南區,22.2726781131103,114.173695109941,10:05:00,605.0,2017-07-27,2022-08-01,,,2026-12-31,True,30.0,0,1
SR6231,乘客1864,NWC,其他 / 特殊情況,訓練,12345,"['Mon', 'Tue', 'Wed', 'Thu', 'Fri']",華富(一)邨華信樓(停車場),南區,22.2506974034814,114.135261431609,09:35:00,575.0,堅尼地道100號聖雅各賽馬會力行工場,南區,22.2726781131103,114.173695109941,10:05:00,605.0,2015-08-13,2022-08-01,,,2026-12-31,True,30.0,0,1
SR6231,乘客1865,NWC,手杖,訓練,12345,"['Mon', 'Tue', 'Wed', 'Thu', 'Fri']",華富(一)邨華信樓(停車場),南區,22.2506974034814,114.135261431609,09:35:00,575.0,堅尼地道100號聖雅各賽馬會力行工場,南區,22.2726781131103,114.173695109941,10:05:00,605.0,2017-10-04,2022-08-01,,,2026-12-31,True,30.0,0,1
SR6231,乘客1866,NWC,不需輔助工具,訓練,12345,"['Mon', 'Tue', 'Wed', 'Thu', 'Fri']",華富(一)邨華信樓(停車場),南區,22.2506974034814,114.135261431609,09:35:00,575.0,堅尼地道100號聖雅各賽馬會力行工場,南區,22.2726781131103,114.173695109941,10:05:00,605.0,2017-06-23,2022-08-01,,,2031-12-31,True,30.0,0,1
SR6232,乘客1867,NWC,其他 / 特殊情況,上學,12345,"['Mon', 'Tue', 'Wed', 'Thu', 'Fri']",歌和老街53號香港心理衛生會臻和學校,深水埗,22.3399607347764,114.168054871166,15:25:00,925.0,長沙灣深盛路8號碧海藍天(入閘),深水埗,22.3334847884319,114.148352398442,15:50:00,950.0,2021-07-15,2024-09-01,,,2031-12-31,True,25.0,0,1
SR6232,乘客1867跟車,NWC,,上學,12345,"['Mon', 'Tue', 'Wed', 'Thu', 'Fri']",歌和老街53號香港心理衛生會臻和學校,深水埗,22.3399607347764,114.168054871166,15:25:00,925.0,長沙灣深盛路8號碧海藍天(入閘),深水埗,22.3334847884319,114.148352398442,15:50:00,950.0,2021-07-15,2024-09-01,,,2031-12-31,True,25.0,0,1
SR6232,乘客1868,NWC,其他 / 特殊情況,上學,12345,"['Mon', 'Tue', 'Wed', 'Thu', 'Fri']",歌和老街53號香港心理衛生會臻和學校,深水埗,22.3399607347764,114.168054871166,15:25:00,925.0,荔崗街11號浩景台6座,深水埗,22.3496782422259,114.130154951965,16:10:00,970.0,2025-09-17,2026-04-01,,,,True,45.0,0,1
SR6232,乘客1868跟車,NWC,,上學,12345,"['Mon', 'Tue', 'Wed', 'Thu', 'Fri']",歌和老街53號香港心理衛生會臻和學校,深水埗,22.3399607347764,114.168054871166,15:25:00,925.0,荔崗街11號浩景台6座,深水埗,22.3496782422259,114.130154951965,16:10:00,970.0,2025-09-17,2026-04-01,,,,True,45.0,0,1
SR6232,乘客1869,NWC,電動輪椅,工作,12345,"['Mon', 'Tue', 'Wed', 'Thu', 'Fri']",啟德協調道2號 Airside (停車場B2層 E區 70 號車位),九龍城,22.331394498011,114.19978394046,16:40:00,1000.0,黃大仙下邨龍福樓,九龍城,22.3397685140335,114.191553679159,17:00:00,1020.0,2025-09-26,2025-11-01,,,,True,20.0,0,1
SR6241,乘客1870,WC,其他 / 特殊情況,上學,12345,"['Mon', 'Tue', 'Wed', 'Thu', 'Fri']",石籬(二)邨石富樓,葵涌,22.3674633171302,114.140340361823,07:00:00,420.0,薄扶林道131號（心光學校）,葵涌,22.2669638153015,114.131786989264,08:30:00,510.0,2024-09-13,2024-10-01,,,,True,90.0,1,0
SR6241,乘客1871,NWC,嬰兒手推車型輪椅,上學,12345,"['Mon', 'Tue', 'Wed', 'Thu', 'Fri']",葵盛東邨盛樂樓（閘外）,葵涌,22.3628927110175,114.128349620053,07:10:00,430.0,薄扶林道131號（心光幼兒中心）,葵涌,22.2670041872954,114.1318223853,08:30:00,510.0,2024-04-12,2024-06-01,,,,True,80.0,0,1
SR6241,乘客1871跟車,WC,,上學,12345,"['Mon', 'Tue', 'Wed', 'Thu', 'Fri']",葵盛東邨盛樂樓（閘外）,葵涌,22.3628927110175,114.128349620053,07:10:00,430.0,薄扶林道131號（心光幼兒中心）,葵涌,22.2670041872954,114.1318223853,08:30:00,510.0,2024-04-12,2024-06-01,,,,True,80.0,1,0
SR6241,乘客1872,NWC,白手杖,上學,12345,"['Mon', 'Tue', 'Wed', 'Thu', 'Fri']",葵涌邨芷葵樓(天橋底),葵涌,22.3675972592499,114.126779319863,07:20:00,440.0,薄扶林道131號（心光學校）,葵涌,22.2669638153015,114.131786989264,08:30:00,510.0,2017-05-05,2022-08-01,,,2031-12-31,True,70.0,0,1
SR6241,乘客1873,NWC,不需輔助工具,上學,12345,"['Mon', 'Tue', 'Wed', 'Thu', 'Fri']",葵涌大廈街 (近仁雅大廈),葵涌,22.3686664942491,114.123202323457,07:30:00,450.0,薄扶林道131號（心光幼兒中心）,葵涌,22.2670041872954,114.1318223853,08:30:00,510.0,2025-07-11,2025-09-01,,,,True,60.0,0,1
SR6241,乘客1874,NWC,其他 / 特殊情況,上學,12345,"['Mon', 'Tue', 'Wed', 'Thu', 'Fri']",石圍角邨石芳樓仁濟醫院盧李佩貞工場,荃灣,22.3745413868958,114.124062087162,07:40:00,460.0,薄扶林道131號（心光學校）,荃灣,22.2669638153015,114.131786989264,08:30:00,510.0,2024-07-09,2024-09-01,,,,True,50.0,0,1
SR6241,乘客1875,NWC,白手杖,上學,12345,"['Mon', 'Tue', 'Wed', 'Thu', 'Fri']",馬閃排路海壩村東北臺9號(對出停車場),荃灣,22.3773426079887,114.122548300319,07:45:00,465.0,薄扶林道131號（心光學校）,荃灣,22.2669638153015,114.131786989264,08:30:00,510.0,2015-03-17,2022-08-01,,,2029-12-31,True,45.0,0,1
SR6241,乘客1876,NWC,手動輪椅不可過椅,訓練,12345,"['Mon', 'Tue', 'Wed', 'Thu', 'Fri']",華富(一)邨華建樓,南區,22.2522514078696,114.135394217414,08:45:00,525.0,華貴邨東華三院莫羅瑞華復康中心,南區,22.2500808928871,114.137973599442,09:25:00,565.0,2021-11-12,2022-08-01,,,2032-12-31,True,40.0,0,1
SR6241,乘客1877,WC,不需輔助工具,訓練,12345,"['Mon', 'Tue', 'Wed', 'Thu', 'Fri']",華富(一)邨華建樓,南區,22.2522514078696,114.135394217414,08:45:00,525.0,華貴邨東華三院莫羅瑞華復康中心,南區,22.2500808928871,114.137973599442,09:25:00,565.0,2024-07-18,2024-09-01,,,,True,40.0,1,0
SR6241,乘客1878,NWC,電動輪椅,上學,12345,"['Mon', 'Tue', 'Wed', 'Thu', 'Fri']",華貴邨華廉樓,南區,22.2507796246697,114.139648665266,09:30:00,570.0,達之路香港城市大學,南區,22.3372458830647,114.172865119396,10:10:00,610.0,2023-08-28,2024-03-01,,,,True,40.0,0,1
SR6241,乘客1878跟車,WC,,上學,12345,"['Mon', 'Tue', 'Wed', 'Thu', 'Fri']",華貴邨華廉樓,南區,22.2507796246697,114.139648665266,09:30:00,570.0,達之路香港城市大學,南區,22.3372458830647,114.172865119396,10:10:00,610.0,2023-08-28,2024-03-01,,,,True,40.0,1,0
SR6242,乘客1879,NWC,白手杖,訓練,12345,"['Mon', 'Tue', 'Wed', 'Thu', 'Fri']",南昌街248號賽馬會盲人中心(大坑西街停車場口),深水埗,22.3342569030873,114.168467364916,15:00:00,900.0,漆咸道南11-15號余仁生中心(余仁生門外),深水埗,22.2968272561401,114.175153637253,15:35:00,935.0,2008-09-25,2022-08-01,,,2026-12-31,True,35.0,0,1
SR6242,乘客1880,NWC,白手杖,訓練,345,"['Wed', 'Thu', 'Fri']",南昌街248號賽馬會盲人中心(大坑西街停車場口),深水埗,22.3342569030873,114.168467364916,15:00:00,900.0,元洲邨元豐樓,深水埗,22.3376197465186,114.155187465765,15:10:00,910.0,2012-05-03,2022-08-01,,,2032-12-31,True,10.0,0,1
SR6242,乘客1881,NWC,白手杖,訓練,12345,"['Mon', 'Tue', 'Wed', 'Thu', 'Fri']",香港南昌街248號香港盲人輔導會,深水埗,22.3342211,114.1684753,15:00:00,900.0,香港深水埗荔枝角道420號麗安邨1座麗德樓,深水埗,22.3310704,114.1581017,15:20:00,920.0,2024-06-25,2024-08-01,,,,True,20.0,0,1
SR6242,乘客1882,NWC,手動輪椅可以過椅,訓練,234,"['Tue', 'Wed', 'Thu']",紅磡紅菱街3號東華三院何玉清工場,九龍城,22.3051937972372,114.184098155385,16:00:00,960.0,黃大仙下邨龍裕樓(閘口),九龍城,22.3398369198445,114.195540570644,16:35:00,995.0,2024-01-05,2025-08-01,,,,True,35.0,0,1
SR6242,乘客1883,WC,手動輪椅可以過椅,工作,12345,"['Mon', 'Tue', 'Wed', 'Thu', 'Fri']",藍田復康徑7號藍田綜合中心,觀塘,22.3080382817291,114.23042037906,17:05:00,1025.0,筲箕灣東欣苑歡欣閣,觀塘,22.2806185521272,114.221410046412,17:35:00,1055.0,2003-01-02,2022-08-01,,,2026-12-31,True,30.0,1,0
SR6242,乘客1884,WC,電動輪椅,工作,12345,"['Mon', 'Tue', 'Wed', 'Thu', 'Fri']",北角渣華道333號政府合署,東區,22.2921624228687,114.208256882562,17:45:00,1065.0,梨木樹邨5座,東區,22.3790526829252,114.134743807776,19:00:00,1140.0,2009-11-04,2022-08-01,,,2026-12-31,True,75.0,1,0
SR6242,乘客1885,WC,電動輪椅,工作,12345,"['Mon', 'Tue', 'Wed', 'Thu', 'Fri']",中環下亞厘畢道18號律政中心(入閘),中西區,22.2792192891203,114.158606041801,18:05:00,1085.0,青山公路123號紅棉大廈,中西區,22.3709412910016,114.11966554897,19:10:00,1150.0,2018-12-14,2022-08-01,,,2032-12-31,True,65.0,1,0
SR6242,乘客1885跟車,WC,,工作,12345,"['Mon', 'Tue', 'Wed', 'Thu', 'Fri']",中環下亞厘畢道18號律政中心(入閘),中西區,22.2792192891203,114.158606041801,18:05:00,1085.0,青山公路123號紅棉大廈,中西區,22.3709412910016,114.11966554897,19:10:00,1150.0,2018-12-14,2022-08-01,,,2032-12-31,True,65.0,1,0
SR6242,乘客1886,NWC,電動輪椅;手動輪椅可以過椅;手推架,工作,12345,"['Mon', 'Tue', 'Wed', 'Thu', 'Fri']",皇后大道東213號胡忠大廈(近巴士站),灣仔,22.2745570577857,114.172685946737,18:20:00,1100.0,青衣盈翠半島6座,灣仔,22.3584184705161,114.107339231196,19:30:00,1170.0,2026-01-20,2026-03-01,,,,True,70.0,0,1
SR6242,乘客1887,WC,電動輪椅;手動輪椅可以過椅;手推架,工作,12345,"['Mon', 'Tue', 'Wed', 'Thu', 'Fri']",皇后大道東213號胡忠大廈(近巴士站),灣仔,22.2745570577857,114.172685946737,18:20:00,1100.0,青衣盈翠半島6座,灣仔,22.3584184705161,114.107339231196,19:30:00,1170.0,2026-01-20,2026-03-01,,,,True,70.0,1,0
SR6242,乘客1887跟車,WC,,工作,12345,"['Mon', 'Tue', 'Wed', 'Thu', 'Fri']",皇后大道東213號胡忠大廈(近巴士站),灣仔,22.2745570577857,114.172685946737,18:20:00,1100.0,青衣盈翠半島6座,灣仔,22.3584184705161,114.107339231196,19:30:00,1170.0,2026-01-20,2026-03-01,,,,True,70.0,1,0
SR6251,乘客1888,NWC,不需輔助工具,上學,12345,"['Mon', 'Tue', 'Wed', 'Thu', 'Fri']",馬鞍山耀安邨耀平樓,沙田,22.4188412565325,114.230139159019,07:00:00,420.0,薄扶林道131號（心光學校）,沙田,22.2669638153015,114.131786989264,08:45:00,525.0,2023-07-12,2023-08-01,,,,True,105.0,0,1
SR6251,乘客1888跟車,NWC,,上學,12345,"['Mon', 'Tue', 'Wed', 'Thu', 'Fri']",馬鞍山耀安邨耀平樓,沙田,22.4188412565325,114.230139159019,07:00:00,420.0,薄扶林道131號（心光學校）,沙田,22.2669638153015,114.131786989264,08:45:00,525.0,2023-07-12,2023-08-01,,,,True,105.0,0,1
SR6251,乘客1889,NWC,嬰兒手推車型輪椅,上學,345,"['Wed', 'Thu', 'Fri']",碩門邨新碩樓,沙田,22.3861820141408,114.209321313571,07:20:00,440.0,薄扶林道131號（心光恩望學校）,沙田,22.2666677548545,114.132209053304,08:45:00,525.0,2024-11-15,2025-01-01,,,,True,85.0,0,1
SR6251,乘客1889跟車,WC,,上學,345,"['Wed', 'Thu', 'Fri']",碩門邨新碩樓,沙田,22.3861820141408,114.209321313571,07:20:00,440.0,薄扶林道131號（心光恩望學校）,沙田,22.2666677548545,114.132209053304,08:45:00,525.0,2024-11-15,2025-01-01,,,,True,85.0,1,0
SR6251,乘客1890,NWC,白手杖,上學,12345,"['Mon', 'Tue', 'Wed', 'Thu', 'Fri']",小瀝源路69號帝堡城(正門),沙田,22.383654938065,114.215145490841,07:40:00,460.0,薄扶林道131號（心光學校）,沙田,22.2669638153015,114.131786989264,08:45:00,525.0,2020-08-06,2022-08-01,,,2030-12-31,True,65.0,0,1
SR6251,乘客1891,NWC,其他 / 特殊情況,上學,12345,"['Mon', 'Tue', 'Wed', 'Thu', 'Fri']",新田圍邨裕圍樓(入閘近冬菇亭),沙田,22.3693591480889,114.186927816148,07:55:00,475.0,薄扶林道131號（心光學校）,沙田,22.2669638153015,114.131786989264,08:45:00,525.0,2012-12-04,2022-08-01,,,2026-12-31,True,50.0,0,1
SR6251,乘客1892,NWC,其他 / 特殊情況,上學,12345,"['Mon', 'Tue', 'Wed', 'Thu', 'Fri']",大圍名城車公廟路近一座(避車處),沙田,22.3697459667902,114.175436766949,08:00:00,480.0,薄扶林道131號（心光學校）,沙田,22.2669638153015,114.131786989264,08:45:00,525.0,2024-05-31,2024-07-01,,,,True,45.0,0,1
SR6251,乘客1892跟車,NWC,,上學,12345,"['Mon', 'Tue', 'Wed', 'Thu', 'Fri']",大圍名城車公廟路近一座(避車處),沙田,22.3697459667902,114.175436766949,08:00:00,480.0,薄扶林道131號（心光學校）,沙田,22.2669638153015,114.131786989264,08:45:00,525.0,2024-05-31,2024-07-01,,,,True,45.0,0,1
SR6251,乘客1893,NWC,其他 / 特殊情況,上學,12345,"['Mon', 'Tue', 'Wed', 'Thu', 'Fri']",大圍海福花園(積泰里迴旋處),沙田,22.3727236120409,114.176246589532,08:05:00,485.0,大口環道15-17號紅十字會甘迺迪中心,沙田,22.2709138981953,114.124416113912,09:00:00,540.0,2024-06-19,2024-07-01,,,,True,55.0,0,1
SR6251,乘客1894,NWC,手動輪椅不可過椅,上學,12345,"['Mon', 'Tue', 'Wed', 'Thu', 'Fri']",田灣邨田健樓,南區,22.2520336063816,114.150369697256,09:15:00,555.0,薄扶林道131號（心光幼兒中心）,南區,22.2670041872954,114.1318223853,09:50:00,590.0,2018-07-25,2022-08-01,,,2028-12-31,True,35.0,0,1
SR6251,乘客1895,WC,手動輪椅不可過椅;嬰兒手推車型輪椅,上學,12345,"['Mon', 'Tue', 'Wed', 'Thu', 'Fri']",香港仔大道26號海光閣,南區,22.2476987869298,114.158372511036,09:25:00,565.0,薄扶林道131號（心光恩望學校）,南區,22.2666677548545,114.132209053304,09:50:00,590.0,2023-09-14,2024-03-01,,,,True,25.0,1,0
SR6251,乘客1896,WC,手動輪椅不可過椅,上學,12345,"['Mon', 'Tue', 'Wed', 'Thu', 'Fri']",貝沙灣4期2座,南區,22.2530911185566,114.132804755629,09:35:00,575.0,薄扶林道131號（心光恩望學校）,南區,22.2666677548545,114.132209053304,09:50:00,590.0,2025-07-08,2025-09-01,,,,True,15.0,1,0
SR6251,乘客1896跟車,WC,,上學,12345,"['Mon', 'Tue', 'Wed', 'Thu', 'Fri']",貝沙灣4期2座,南區,22.2530911185566,114.132804755629,09:35:00,575.0,薄扶林道131號（心光恩望學校）,南區,22.2666677548545,114.132209053304,09:50:00,590.0,2025-07-08,2025-09-01,,,,True,15.0,1,0
SR6252,乘客1897,NWC,手動輪椅不可過椅;其他 / 特殊情況,訓練,12345,"['Mon', 'Tue', 'Wed', 'Thu', 'Fri']",油塘鯉魚門邨鯉隆樓循道衛理楊震晉朗中心,觀塘,22.293988923552,114.239381747937,15:20:00,920.0,坑口名成街(連成街商場玻璃門),觀塘,22.3161362602177,114.26509696089,15:50:00,950.0,2014-01-21,2022-08-01,,,2026-12-31,True,30.0,0,1
SR6252,乘客1898,WC,不需輔助工具,訓練,12345,"['Mon', 'Tue', 'Wed', 'Thu', 'Fri']",油塘鯉魚門邨鯉隆樓循道衛理楊震晉朗中心,觀塘,22.293988923552,114.239381747937,15:20:00,920.0,秀茂坪曉麗苑曉晴閣,觀塘,22.3202774213346,114.228862696398,16:45:00,1005.0,2012-01-26,2024-12-01,,,2026-12-31,True,85.0,1,0
SR6252,乘客1899,NWC,其他 / 特殊情況,訓練,12345,"['Mon', 'Tue', 'Wed', 'Thu', 'Fri']",油塘鯉魚門邨鯉隆樓循道衛理楊震晉朗中心,觀塘,22.293988923552,114.239381747937,15:20:00,920.0,順利邨順景街(停車場口),觀塘,22.3301567930361,114.226760995298,16:35:00,995.0,2012-03-12,2024-12-01,,,2026-12-31,True,75.0,0,1
SR6252,乘客1900,NWC,電動輪椅,訓練,12345,"['Mon', 'Tue', 'Wed', 'Thu', 'Fri']",油塘鯉魚門邨鯉隆樓循道衛理楊震晉朗中心,觀塘,22.293988923552,114.239381747937,15:20:00,920.0,尚德邨(停車場出口),觀塘,22.3116806864793,114.260168528824,15:40:00,940.0,2015-01-13,2022-08-01,,,2026-12-31,True,20.0,0,1
SR6252,乘客1901,WC,手動輪椅不可過椅,工作,12345,"['Mon', 'Tue', 'Wed', 'Thu', 'Fri']",創紀之城一期 (入車場),觀塘,22.314168719655,114.21992663703,17:00:00,1020.0,富昌邨富韻樓,觀塘,22.3286268726475,114.155412822929,17:30:00,1050.0,2024-08-02,2024-09-01,,,,True,30.0,1,0
SR6252,乘客1902,WC,電動輪椅,工作,12345,"['Mon', 'Tue', 'Wed', 'Thu', 'Fri']",中環下亞厘畢道18號律政中心(入閘),中西區,22.2792192891203,114.158606041801,18:15:00,1095.0,油塘高俊苑(入閘OK便利店),中西區,22.2983512634571,114.242309358905,18:50:00,1130.0,2024-07-04,2024-08-01,,,,True,35.0,1,0
SR6261,乘客1903,WC,嬰兒手推車型輪椅,上學,12345,"['Mon', 'Tue', 'Wed', 'Thu', 'Fri']",海麗邨(深旺道巴士站),深水埗,22.3324013856421,114.147645047322,07:20:00,440.0,薄扶林道131號（心光恩望學校）,深水埗,22.2666677548545,114.132209053304,08:25:00,505.0,2024-09-17,2025-06-01,,,,True,65.0,1,0
SR6261,乘客1903跟車,WC,,上學,12345,"['Mon', 'Tue', 'Wed', 'Thu', 'Fri']",海麗邨(深旺道巴士站),深水埗,22.3324013856421,114.147645047322,07:20:00,440.0,薄扶林道131號（心光恩望學校）,深水埗,22.2666677548545,114.132209053304,08:25:00,505.0,2024-09-17,2025-06-01,,,,True,65.0,1,0
SR6261,乘客1904,NWC,嬰兒手推車型輪椅,上學,12345,"['Mon', 'Tue', 'Wed', 'Thu', 'Fri']",香港長沙灣荔枝角道泓景臺,深水埗,22.3347447,114.1480692,07:30:00,450.0,香港沙灣大口環道15-17號香港紅十字會甘迺迪中心,南區,22.271274,114.12438,08:15:00,495.0,2024-05-23,2024-06-01,,,,True,45.0,0,1
SR6261,乘客1905,WC,手動輪椅不可過椅,上學,12345,"['Mon', 'Tue', 'Wed', 'Thu', 'Fri']",柯士甸道西1號漾日居1座(卸貨區),油尖旺,22.3045184213848,114.162850057523,07:40:00,460.0,大口環道15-17號紅十字會甘迺迪中心,油尖旺,22.2709138981953,114.124416113912,08:15:00,495.0,2024-01-15,2024-03-01,,,2032-12-31,True,35.0,1,0
SR6261,乘客1905跟車,WC,,上學,12345,"['Mon', 'Tue', 'Wed', 'Thu', 'Fri']",柯士甸道西1號漾日居1座(卸貨區),油尖旺,22.3045184213848,114.162850057523,07:40:00,460.0,大口環道15-17號紅十字會甘迺迪中心,油尖旺,22.2709138981953,114.124416113912,08:15:00,495.0,2024-01-15,2024-04-01,,,2032-12-31,True,35.0,1,0
SR6261,乘客1906,NWC,不需輔助工具,上學,12345,"['Mon', 'Tue', 'Wed', 'Thu', 'Fri']",柯士甸道西1號漾日居1座(卸貨區),油尖旺,22.3045184213848,114.162850057523,07:40:00,460.0,薄扶林道131號（心光幼兒中心）,油尖旺,22.2670041872954,114.1318223853,08:25:00,505.0,2024-12-06,2025-01-01,,,,True,45.0,0,1
SR6261,乘客1906跟車,NWC,,上學,12345,"['Mon', 'Tue', 'Wed', 'Thu', 'Fri']",柯士甸道西1號漾日居1座(卸貨區),油尖旺,22.3045184213848,114.162850057523,07:40:00,460.0,薄扶林道131號（心光幼兒中心）,油尖旺,22.2670041872954,114.1318223853,08:25:00,505.0,2024-12-06,2025-01-01,,,,True,45.0,0,1
SR6261,乘客1907,NWC,手杖,訓練,12345,"['Mon', 'Tue', 'Wed', 'Thu', 'Fri']",上環高陞街28號仁濟醫院復康中心,中西區,22.2870921404086,114.146638739235,08:45:00,525.0,高街2號西營盤社區大樓,中西區,22.284941714479,114.144061584,09:15:00,555.0,2015-08-05,2024-03-01,,,2028-12-31,True,30.0,0,1
SR6261,乘客1908,NWC,手杖,訓練,12345,"['Mon', 'Tue', 'Wed', 'Thu', 'Fri']",華富(二)邨華生樓,南區,22.2524909360745,114.136706672196,09:35:00,575.0,石排灣邨碧輝樓新生精神康復會培訓中心(巴士總站側),南區,22.2502654183729,114.157331371813,10:10:00,610.0,2017-03-29,2022-08-01,,,2026-12-31,True,35.0,0,1
SR6261,乘客1909,NWC,手杖,訓練,12345,"['Mon', 'Tue', 'Wed', 'Thu', 'Fri']",田灣邨田澤樓(近小巴站),南區,22.252356763292,114.150858493451,09:45:00,585.0,華貴邨東華三院莫羅瑞華復康中心,南區,22.2500808928871,114.137973599442,10:15:00,615.0,2024-11-08,2025-01-01,,,,True,30.0,0,1
SR6262,乘客1910,NWC,白手杖,訓練,12345,"['Mon', 'Tue', 'Wed', 'Thu', 'Fri']",堅尼地道100號聖雅各賽馬會力行工場,灣仔,22.2726781131103,114.173695109941,15:15:00,915.0,海達邨海盛樓,灣仔,22.3300038381758,114.150669901693,16:50:00,1010.0,2025-09-16,2025-11-01,,,,True,95.0,0,1
SR6262,乘客1910跟車,NWC,,訓練,12345,"['Mon', 'Tue', 'Wed', 'Thu', 'Fri']",堅尼地道100號聖雅各賽馬會力行工場,灣仔,22.2726781131103,114.173695109941,15:15:00,915.0,海達邨海盛樓,灣仔,22.3300038381758,114.150669901693,16:50:00,1010.0,2025-09-16,2025-11-01,,,,True,95.0,0,1
SR6262,乘客1911,NWC,白手杖,上學,12345,"['Mon', 'Tue', 'Wed', 'Thu', 'Fri']",薄扶林道131號（心光學校）,南區,22.2669638153015,114.131786989264,15:40:00,940.0,富昌邨富悅樓,南區,22.3276573591696,114.155516546934,16:40:00,1000.0,2009-06-08,2022-08-01,,,2026-12-31,True,60.0,0,1
SR6262,乘客1912,NWC,嬰兒手推車型輪椅,上學,12345,"['Mon', 'Tue', 'Wed', 'Thu', 'Fri']",薄扶林道131號（心光恩望學校）,南區,22.2666677548545,114.132209053304,15:40:00,940.0,海麗邨(深旺道巴士站),南區,22.3324013856421,114.147645047322,16:55:00,1015.0,2024-09-17,2025-06-01,,,,True,75.0,0,1
SR6262,乘客1912跟車,WC,,上學,12345,"['Mon', 'Tue', 'Wed', 'Thu', 'Fri']",薄扶林道131號（心光恩望學校）,南區,22.2666677548545,114.132209053304,15:40:00,940.0,海麗邨(深旺道巴士站),南區,22.3324013856421,114.147645047322,16:55:00,1015.0,2024-09-17,2025-06-01,,,,True,75.0,1,0
SR6262,乘客1913,NWC,其他 / 特殊情況,上學,12345,"['Mon', 'Tue', 'Wed', 'Thu', 'Fri']",薄扶林道131號（心光學校）,南區,22.2669638153015,114.131786989264,15:40:00,940.0,長沙灣荔盈街海盈邨盈昌樓,南區,22.3282556578082,114.148431965783,17:05:00,1025.0,2024-07-03,2024-09-01,,,,True,85.0,0,1
SR6262,乘客1914,NWC,嬰兒手推車型輪椅,上學,12345,"['Mon', 'Tue', 'Wed', 'Thu', 'Fri']",大口環道15-17號紅十字會甘迺迪中心,南區,22.2709138981953,114.124416113912,15:55:00,955.0,荔枝角道泓景臺,南區,22.3348884818763,114.147718048832,17:15:00,1035.0,2024-05-23,2024-06-01,,,,True,80.0,0,1
SR6262,乘客1915,WC,電動輪椅;手動輪椅不可過椅,上學,12345,"['Mon', 'Tue', 'Wed', 'Thu', 'Fri']",九龍灣偉業街德福花園C1座(乘客上落區),觀塘,22.3217581689574,114.212922433423,18:05:00,1085.0,小西灣邨瑞福樓,觀塘,22.2616704256588,114.249378927155,18:40:00,1120.0,2025-10-22,2026-02-01,,,,True,35.0,1,0
SR6262,乘客1916,WC,電動輪椅,工作,12345,"['Mon', 'Tue', 'Wed', 'Thu', 'Fri']",偉業街223號宏利金融中心,觀塘,22.3077015696366,114.224075230918,18:20:00,1100.0,鴨脷洲西邨利澤樓,觀塘,22.2445088501072,114.150164198709,19:20:00,1160.0,2024-09-11,2024-10-01,,,,True,60.0,1,0
SR6271,乘客1917,WC,電動輪椅;手動輪椅不可過椅,上學,12345,"['Mon', 'Tue', 'Wed', 'Thu', 'Fri']",小西灣邨瑞福樓,東區,22.2616704256588,114.249378927155,07:00:00,420.0,九龍灣偉業街德福花園C1座(乘客上落區),東區,22.3217581689574,114.212922433423,07:45:00,465.0,2025-10-22,2026-02-01,,,,True,45.0,1,0
SR6271,乘客1918,WC,手杖;腳架,訓練,12345,"['Mon', 'Tue', 'Wed', 'Thu', 'Fri']",筲箕灣愛賢街愛東商場 (避車處),東區,22.2809424110773,114.228074829474,07:20:00,440.0,九龍塘牛津道1D號展亮技能發展中心,東區,22.3287326259366,114.180324023198,08:30:00,510.0,2025-08-29,2025-11-01,,,,True,70.0,1,0
SR6271,乘客1919,NWC,其他 / 特殊情況,訓練,12345,"['Mon', 'Tue', 'Wed', 'Thu', 'Fri']",牛頭角道常興樓(68號小巴站),觀塘,22.3186713741525,114.215786310527,09:15:00,555.0,油塘鯉魚門邨鯉隆樓循道衛理楊震晉朗中心,觀塘,22.293988923552,114.239381747937,10:05:00,605.0,2009-06-26,2024-12-01,,,2026-12-31,True,50.0,0,1
SR6271,乘客1920,NWC,其他 / 特殊情況,訓練,12345,"['Mon', 'Tue', 'Wed', 'Thu', 'Fri']",順利邨利業樓(近巴士站),觀塘,22.3319337287208,114.225484978839,09:25:00,565.0,油塘鯉魚門邨鯉隆樓循道衛理楊震晉朗中心,觀塘,22.293988923552,114.239381747937,10:05:00,605.0,2012-03-12,2024-12-01,,,2026-12-31,True,40.0,0,1
SR6271,乘客1921,NWC,不需輔助工具,訓練,12345,"['Mon', 'Tue', 'Wed', 'Thu', 'Fri']",秀茂坪曉麗苑曉晴閣,觀塘,22.3202774213346,114.228862696398,09:35:00,575.0,油塘鯉魚門邨鯉隆樓循道衛理楊震晉朗中心,觀塘,22.293988923552,114.239381747937,10:05:00,605.0,2012-01-26,2024-12-01,,,2026-12-31,True,30.0,0,1
SR6271,乘客1922,NWC,其他 / 特殊情況,訓練,12345,"['Mon', 'Tue', 'Wed', 'Thu', 'Fri']",翠屏北邨翠柳樓(巴士站),觀塘,22.3139853999149,114.229801802158,09:45:00,585.0,油塘鯉魚門邨鯉隆樓循道衛理楊震晉朗中心,觀塘,22.293988923552,114.239381747937,10:05:00,605.0,2009-11-19,2024-12-01,,,2026-12-31,True,20.0,0,1
SR6271,乘客1923,NWC,手杖,工作,12345,"['Mon', 'Tue', 'Wed', 'Thu', 'Fri']",翠屏北邨翠柳樓(巴士站),觀塘,22.3139853999149,114.229801802158,09:45:00,585.0,油塘鯉魚門邨鯉隆樓循道衛理楊震晉朗中心,觀塘,22.293988923552,114.239381747937,10:05:00,605.0,2024-09-03,2024-12-01,,,,True,20.0,0,1
SR6271,乘客1924,NWC,腳架,訓練,12345,"['Mon', 'Tue', 'Wed', 'Thu', 'Fri']",油塘油麗邨秀麗樓(入閘迴旋處),觀塘,22.3013639871864,114.236566981397,09:55:00,595.0,油塘鯉魚門邨鯉隆樓循道衛理楊震晉朗中心,觀塘,22.293988923552,114.239381747937,10:05:00,605.0,2009-10-13,2024-12-01,,,2026-12-31,True,10.0,0,1
SR6272,乘客1925,NWC,白手杖,上學,12345,"['Mon', 'Tue', 'Wed', 'Thu', 'Fri']",薄扶林道131號（心光學校）,南區,22.2669638153015,114.131786989264,15:30:00,930.0,小瀝源路69號帝堡城(正門),南區,22.383654938065,114.215145490841,17:05:00,1025.0,2020-08-06,2022-08-01,,,2030-12-31,True,95.0,0,1
SR6272,乘客1926,NWC,其他 / 特殊情況,上學,12345,"['Mon', 'Tue', 'Wed', 'Thu', 'Fri']",薄扶林道131號（心光學校）,南區,22.2669638153015,114.131786989264,15:30:00,930.0,新田圍邨裕圍樓(入閘近冬菇亭),南區,22.3693591480889,114.186927816148,16:35:00,995.0,2012-12-04,2022-08-01,,,2026-12-31,True,65.0,0,1
SR6272,乘客1927,NWC,嬰兒手推車型輪椅,上學,345,"['Wed', 'Thu', 'Fri']",薄扶林道131號（心光恩望學校）,南區,22.2666677548545,114.132209053304,15:30:00,930.0,碩門邨新碩樓,南區,22.3861820141408,114.209321313571,16:55:00,1015.0,2024-11-15,2025-01-01,,,,True,85.0,0,1
SR6272,乘客1927跟車,WC,,上學,345,"['Wed', 'Thu', 'Fri']",薄扶林道131號（心光恩望學校）,南區,22.2666677548545,114.132209053304,15:30:00,930.0,碩門邨新碩樓,南區,22.3861820141408,114.209321313571,16:55:00,1015.0,2024-11-15,2025-01-01,,,,True,85.0,1,0
SR6272,乘客1928,NWC,不需輔助工具,上學,12345,"['Mon', 'Tue', 'Wed', 'Thu', 'Fri']",薄扶林道131號（心光幼兒中心）,南區,22.2670041872954,114.1318223853,15:30:00,930.0,馬鞍山耀安邨耀平樓,南區,22.4188412565325,114.230139159019,17:20:00,1040.0,2023-07-12,2023-08-01,,,,True,110.0,0,1
SR6272,乘客1928跟車,NWC,,上學,12345,"['Mon', 'Tue', 'Wed', 'Thu', 'Fri']",薄扶林道131號（心光幼兒中心）,南區,22.2670041872954,114.1318223853,15:30:00,930.0,馬鞍山耀安邨耀平樓,南區,22.4188412565325,114.230139159019,17:20:00,1040.0,2023-07-12,2023-08-01,,,,True,110.0,0,1
SR6272,乘客1929,NWC,其他 / 特殊情況,上學,12345,"['Mon', 'Tue', 'Wed', 'Thu', 'Fri']",薄扶林道131號（心光幼兒中心）,南區,22.2670041872954,114.1318223853,15:30:00,930.0,大圍名城車公廟路近一座(避車處),南區,22.3697459667902,114.175436766949,16:25:00,985.0,2024-05-31,2024-07-01,,,,True,55.0,0,1
SR6272,乘客1929跟車,NWC,,上學,12345,"['Mon', 'Tue', 'Wed', 'Thu', 'Fri']",薄扶林道131號（心光幼兒中心）,南區,22.2670041872954,114.1318223853,15:30:00,930.0,大圍名城車公廟路近一座(避車處),南區,22.3697459667902,114.175436766949,16:25:00,985.0,2024-05-31,2024-07-01,,,,True,55.0,0,1
SR6272,乘客1930,NWC,其他 / 特殊情況,上學,12345,"['Mon', 'Tue', 'Wed', 'Thu', 'Fri']",大口環道15-17號紅十字會甘迺迪中心,南區,22.2709138981953,114.124416113912,15:45:00,945.0,秦石邨石瑩樓 (沙田頭路避車處),南區,22.3730612905227,114.185713189982,16:30:00,990.0,2024-06-19,2024-07-01,,,,True,45.0,0,1
SR6281,乘客1931,NWC,手杖,工作,12345,"['Mon', 'Tue', 'Wed', 'Thu', 'Fri']",屯門欣寶路 8 號 Novo Land,屯門,22.4118001023785,113.970849139696,06:30:00,390.0,軒尼詩道130號修頓中心 (過港鐵B1出口),屯門,22.2772603247811,114.172464445042,07:30:00,450.0,2025-01-03,2025-12-01,,,,True,60.0,0,1
SR6281,乘客1932,NWC,電動輪椅,工作,12345,"['Mon', 'Tue', 'Wed', 'Thu', 'Fri']",兆安苑(入閘),屯門,22.3890523820071,113.976540497841,06:40:00,400.0,遮打道皇后像廣場(近巴士站尾),屯門,22.281553795956,114.160292049498,07:25:00,445.0,2016-01-21,2022-08-01,,,2026-12-31,True,45.0,0,1
SR6281,乘客1933,WC,手動輪椅不可過椅,上學,12345,"['Mon', 'Tue', 'Wed', 'Thu', 'Fri']",西半山列堤頓道48號俊傑花園,中西區,22.2836168526461,114.141688194702,07:45:00,465.0,安達臣道301號靈實恩光學校,中西區,22.3214554498288,114.244014640255,08:55:00,535.0,2021-03-02,2022-08-01,,,2031-12-31,True,70.0,1,0
SR6281,乘客1933跟車,WC,,上學,12345,"['Mon', 'Tue', 'Wed', 'Thu', 'Fri']",西半山列堤頓道48號俊傑花園,中西區,22.2836168526461,114.141688194702,07:45:00,465.0,安達臣道301號靈實恩光學校,中西區,22.3214554498288,114.244014640255,08:55:00,535.0,2021-03-02,2022-08-01,,,2031-12-31,True,70.0,1,0
SR6281,乘客1934,NWC,嬰兒手推車型輪椅,上學,12345,"['Mon', 'Tue', 'Wed', 'Thu', 'Fri']",北角寶馬山道賽西湖大廈5座,東區,22.2860196043488,114.202130177607,08:20:00,500.0,安達臣道301號靈實恩光學校,東區,22.3214554498288,114.244014640255,08:55:00,535.0,2021-07-19,2022-08-01,,,2031-12-31,True,35.0,0,1
SR6281,乘客1934跟車,WC,,上學,12345,"['Mon', 'Tue', 'Wed', 'Thu', 'Fri']",北角寶馬山道賽西湖大廈5座,東區,22.2860196043488,114.202130177607,08:20:00,500.0,安達臣道301號靈實恩光學校,東區,22.3214554498288,114.244014640255,08:55:00,535.0,2021-07-19,2022-08-01,,,2031-12-31,True,35.0,1,0
SR6281,乘客1934跟車,NWC,,上學,12345,"['Mon', 'Tue', 'Wed', 'Thu', 'Fri']",北角寶馬山道賽西湖大廈5座,東區,22.2860196043488,114.202130177607,08:20:00,500.0,安達臣道301號靈實恩光學校,東區,22.3214554498288,114.244014640255,08:55:00,535.0,2021-07-19,2022-08-01,,,2031-12-31,True,35.0,0,1
SR6281,乘客1935,NWC,手杖,訓練,12345,"['Mon', 'Tue', 'Wed', 'Thu', 'Fri']",藍田康華苑頌康閣,觀塘,22.3135657041756,114.23998725195,08:40:00,520.0,翠林邨安林樓基督教家庭翠林工場,觀塘,22.3237467156139,114.248915045451,09:05:00,545.0,2012-03-15,2024-03-01,,,2026-12-31,True,25.0,0,1
SR6281,乘客1936,NWC,手杖,工作,14,"['Mon', 'Thu']",翠林邨輝林樓,將軍澳,22.3242753164019,114.24842284177,09:10:00,550.0,觀塘游泳池（鯉魚門道入閘）,將軍澳,22.3105937031293,114.229499906532,09:30:00,570.0,2025-07-07,2025-10-01,,,,True,20.0,0,1
SR6281,乘客1937,NWC,手杖,工作,235,"['Tue', 'Wed', 'Fri']",翠林邨輝林樓,將軍澳,22.3242753164019,114.24842284177,09:10:00,550.0,觀塘區鴻圖道23號利登中心,將軍澳,22.3131730968122,114.219744078043,09:30:00,570.0,2025-07-07,2025-10-01,,,,True,20.0,0,1
SR6282,乘客1938,NWC,其他 / 特殊情況,訓練,12345,"['Mon', 'Tue', 'Wed', 'Thu', 'Fri']",堅尼地道100號聖雅各賽馬會力行工場,灣仔,22.2726781131103,114.173695109941,15:05:00,905.0,柴灣峰華邨曉峰樓,灣仔,22.2608338066105,114.231940524311,16:05:00,965.0,2019-06-24,2022-08-01,,,2029-12-31,True,60.0,0,1
SR6282,乘客1939,NWC,其他 / 特殊情況,訓練,12345,"['Mon', 'Tue', 'Wed', 'Thu', 'Fri']",堅尼地道100號聖雅各賽馬會力行工場,灣仔,22.2726781131103,114.173695109941,15:05:00,905.0,小西灣富怡花園 (富怡道近巴士站),灣仔,22.2646137456291,114.249157298421,15:45:00,945.0,2023-11-29,2024-03-01,,,,True,40.0,0,1
SR6282,乘客1940,NWC,其他 / 特殊情況,訓練,12345,"['Mon', 'Tue', 'Wed', 'Thu', 'Fri']",堅尼地道100號聖雅各賽馬會力行工場,灣仔,22.2726781131103,114.173695109941,15:05:00,905.0,筲箕灣耀東邨耀輝樓(入閘),灣仔,22.2770257047425,114.225710414301,16:15:00,975.0,2017-01-04,2022-08-01,,,2026-12-31,True,70.0,0,1
SR6282,乘客1941,NWC,手動輪椅可以過椅,訓練,12345,"['Mon', 'Tue', 'Wed', 'Thu', 'Fri']",堅尼地道100號聖雅各賽馬會力行工場,灣仔,22.2726781131103,114.173695109941,15:05:00,905.0,小西灣道28號藍灣半島(近的士站),灣仔,22.2662294623323,114.251278993846,15:40:00,940.0,2017-08-12,2022-08-01,,,2026-12-31,True,35.0,0,1
SR6282,乘客1942,WC,其他 / 特殊情況,訓練,12345,"['Mon', 'Tue', 'Wed', 'Thu', 'Fri']",小西灣邨瑞盛樓,東區,22.2639334935897,114.247590763811,15:55:00,955.0,灣仔堅拿道西21號 (過巴士站),東區,22.2772146825857,114.180862594635,16:40:00,1000.0,2025-07-31,2025-09-01,,,,True,45.0,1,0
SR6282,乘客1943,NWC,電動輪椅,工作,12345,"['Mon', 'Tue', 'Wed', 'Thu', 'Fri']",遮打道皇后像廣場(近巴士站尾),中西區,22.281553795956,114.160292049498,17:20:00,1040.0,兆安苑(入閘),中西區,22.3890523820071,113.976540497841,18:45:00,1125.0,2016-01-21,2022-08-01,,,2026-12-31,True,85.0,0,1
SR6282,乘客1944,WC,手杖,工作,12345,"['Mon', 'Tue', 'Wed', 'Thu', 'Fri']",軒尼詩道130號修頓中心 (過港鐵B1出口),灣仔,22.2772603247811,114.172464445042,17:40:00,1060.0,屯門欣寶路 8 號 Novo Land,灣仔,22.4118001023785,113.970849139696,19:15:00,1155.0,2025-01-03,2025-12-01,,,,True,95.0,1,0
SR6291,乘客1945,NWC,電動輪椅,工作,12345,"['Mon', 'Tue', 'Wed', 'Thu', 'Fri']",馬鞍山海柏花園(的士站),沙田,22.425840317323,114.230922450144,07:10:00,430.0,藍田復康徑7號藍田綜合中心,沙田,22.3080382817291,114.23042037906,07:50:00,470.0,2009-05-22,2024-03-01,,,2029-12-31,True,40.0,0,1
SR6291,乘客1946,WC,電動輪椅;手動輪椅可以過椅,工作,12345,"['Mon', 'Tue', 'Wed', 'Thu', 'Fri']","香港麗港城 S Laguna St, 麗港城34座",觀塘,22.3050312,114.2284851,07:55:00,475.0,鰂魚涌太古灣道14號太古城中心3期,東區,22.2874390591811,114.217018045208,08:30:00,510.0,2023-09-12,2024-04-01,,,,True,35.0,1,0
SR6291,乘客1946跟車,WC,,工作,12345,"['Mon', 'Tue', 'Wed', 'Thu', 'Fri']","香港麗港城 S Laguna St, 麗港城34座",觀塘,22.3050312,114.2284851,07:55:00,475.0,鰂魚涌太古灣道14號太古城中心3期,東區,22.2874390591811,114.217018045208,08:30:00,510.0,2023-09-12,2024-04-01,,,,True,35.0,1,0
SR6291,乘客1947,NWC,其他 / 特殊情況,訓練,12345,"['Mon', 'Tue', 'Wed', 'Thu', 'Fri']",柴灣杏花邨13座,東區,22.2778960999177,114.238138980904,08:50:00,530.0,薄扶林道147號(展亮技能發展中心),東區,22.2602417730119,114.135957550651,10:10:00,610.0,2025-09-19,2025-11-01,,,,True,80.0,0,1
SR6291,乘客1948,NWC,其他 / 特殊情況,訓練,12345,"['Mon', 'Tue', 'Wed', 'Thu', 'Fri']",西灣河太安街港島民生書院,東區,22.2831805349076,114.223970920668,09:00:00,540.0,薄扶林道147號(展亮技能發展中心),東區,22.2602417730119,114.135957550651,10:10:00,610.0,2019-02-04,2022-08-01,,,2030-12-31,True,70.0,0,1
SR6291,乘客1948跟車,NWC,,訓練,12345,"['Mon', 'Tue', 'Wed', 'Thu', 'Fri']",西灣河太安街港島民生書院,東區,22.2831805349076,114.223970920668,09:00:00,540.0,薄扶林道147號(展亮技能發展中心),東區,22.2602417730119,114.135957550651,10:10:00,610.0,2019-02-04,2022-08-01,,,2030-12-31,True,70.0,0,1
SR6291,乘客1949,NWC,其他 / 特殊情況,訓練,12345,"['Mon', 'Tue', 'Wed', 'Thu', 'Fri']",香港鰂魚涌太古灣道紫樺閣,東區,22.287612,114.215497,09:10:00,550.0,薄扶林道147號(展亮技能發展中心),南區,22.2602417730119,114.135957550651,10:10:00,610.0,2024-01-26,2024-04-01,,,,True,60.0,0,1
SR6291,乘客1950,NWC,手動輪椅不可過椅,訓練,12345,"['Mon', 'Tue', 'Wed', 'Thu', 'Fri']",太古城青松閣,東區,22.2873207105696,114.214430846406,09:10:00,550.0,北角渣華道123號北角服務設施大樓(北角匯對出近巴士站),東區,22.2923201613246,114.20010120295,09:40:00,580.0,2024-10-14,2025-12-01,,,,True,30.0,0,1
SR6291,乘客1951,WC,其他 / 特殊情況,訓練,12345,"['Mon', 'Tue', 'Wed', 'Thu', 'Fri']",北角丹拿道18號丹拿花園1座,東區,22.2903998530952,114.201890416572,09:25:00,565.0,薄扶林道147號(展亮技能發展中心),東區,22.2602417730119,114.135957550651,10:10:00,610.0,2021-05-22,2022-08-01,,,2031-12-31,True,45.0,1,0
SR6292,乘客1952,NWC,其他 / 特殊情況,訓練,12345,"['Mon', 'Tue', 'Wed', 'Thu', 'Fri']",荔景山路200號救世軍荔景院,葵涌,22.3450479206061,114.127917588699,15:00:00,900.0,葵涌邨合葵樓(巴士站),葵涌,22.3684784521454,114.130976119741,15:25:00,925.0,2021-03-12,2022-08-01,,,2031-12-31,True,25.0,0,1
SR6292,乘客1953,NWC,手推架;手動輪椅可以過椅,訓練,12345,"['Mon', 'Tue', 'Wed', 'Thu', 'Fri']",荔景山路200號救世軍荔景院,葵涌,22.3450479206061,114.127917588699,15:00:00,900.0,安蔭邨澤蔭樓 (近小巴站),葵涌,22.3706199518449,114.1419790851,15:15:00,915.0,2024-06-13,2024-08-01,,,,True,15.0,0,1
SR6301,乘客1954,WC,其他 / 特殊情況,上學,12345,"['Mon', 'Tue', 'Wed', 'Thu', 'Fri']",東涌美東街2號東堤灣畔6座,離島,22.289046499744,113.939428935545,07:00:00,420.0,薄扶林道131號（心光學校）,離島,22.2669638153015,114.131786989264,08:45:00,525.0,2025-09-05,2026-04-01,,,,True,105.0,1,0
SR6301,乘客1955,NWC,手動輪椅不可過椅;嬰兒手推車型輪椅,上學,12345,"['Mon', 'Tue', 'Wed', 'Thu', 'Fri']",大角咀海輝道10號瓏璽2座,油尖旺,22.3184685239839,114.156069711993,07:40:00,460.0,薄扶林道131號（心光幼兒中心）,油尖旺,22.2670041872954,114.1318223853,08:45:00,525.0,2022-01-26,2022-08-01,,,2033-12-31,True,65.0,0,1
SR6301,乘客1955跟車,WC,,上學,12345,"['Mon', 'Tue', 'Wed', 'Thu', 'Fri']",大角咀海輝道10號瓏璽2座,油尖旺,22.3184685239839,114.156069711993,07:40:00,460.0,薄扶林道131號（心光幼兒中心）,油尖旺,22.2670041872954,114.1318223853,08:45:00,525.0,2022-01-26,2022-08-01,,,2033-12-31,True,65.0,1,0
SR6301,乘客1956,NWC,白手杖,上學,12345,"['Mon', 'Tue', 'Wed', 'Thu', 'Fri']",大角咀晏架街65號 海康大廈一座,油尖旺,22.3200722655419,114.16361459039,07:50:00,470.0,薄扶林道131號（心光恩望學校）,油尖旺,22.2666677548545,114.132209053304,08:45:00,525.0,2025-07-30,2026-04-01,,,,True,55.0,0,1
SR6301,乘客1956跟車,NWC,,上學,12345,"['Mon', 'Tue', 'Wed', 'Thu', 'Fri']",大角咀晏架街65號 海康大廈一座,油尖旺,22.3200722655419,114.16361459039,07:50:00,470.0,薄扶林道131號（心光恩望學校）,油尖旺,22.2666677548545,114.132209053304,08:45:00,525.0,2025-07-30,2026-04-01,,,,True,55.0,0,1
SR6301,乘客1957,NWC,嬰兒手推車型輪椅,上學,12345,"['Mon', 'Tue', 'Wed', 'Thu', 'Fri']",石排灣邨碧園樓,南區,22.2493359941071,114.158071884819,09:00:00,540.0,西灣河鯉景道51號明愛樂義學校,南區,22.2864683794458,114.222389153166,09:50:00,590.0,2023-09-22,2024-03-01,,,,True,50.0,0,1
SR6301,乘客1957跟車,WC,,上學,12345,"['Mon', 'Tue', 'Wed', 'Thu', 'Fri']",石排灣邨碧園樓,南區,22.2493359941071,114.158071884819,09:00:00,540.0,西灣河鯉景道51號明愛樂義學校,南區,22.2864683794458,114.222389153166,09:50:00,590.0,2023-09-22,2024-03-01,,,,True,50.0,1,0
SR6301,乘客1958,NWC,手動輪椅不可過椅,上學,12345,"['Mon', 'Tue', 'Wed', 'Thu', 'Fri']",石排灣邨碧園樓,南區,22.2493359941071,114.158071884819,09:00:00,540.0,西灣河鯉景道51號明愛樂義學校,南區,22.2864683794458,114.222389153166,09:50:00,590.0,2025-06-05,2025-07-01,,,2035-08-30,True,50.0,0,1
SR6301,乘客1958跟車,WC,,上學,12345,"['Mon', 'Tue', 'Wed', 'Thu', 'Fri']",石排灣邨碧園樓,南區,22.2493359941071,114.158071884819,09:00:00,540.0,西灣河鯉景道51號明愛樂義學校,南區,22.2864683794458,114.222389153166,09:50:00,590.0,2025-06-05,2025-07-01,,,2035-08-30,True,50.0,1,0
SR6301,乘客1959,NWC,手動輪椅不可過椅;嬰兒手推車型輪椅,上學,12345,"['Mon', 'Tue', 'Wed', 'Thu', 'Fri']",堅尼地城士美菲路85號寶德大廈,中西區,22.2794563466104,114.129446924763,09:25:00,565.0,西灣河鯉景道51號明愛樂義學校,中西區,22.2864683794458,114.222389153166,09:50:00,590.0,2026-01-21,2026-03-01,,,,True,25.0,0,1
SR6301,乘客1959跟車,WC,,上學,12345,"['Mon', 'Tue', 'Wed', 'Thu', 'Fri']",堅尼地城士美菲路85號寶德大廈,中西區,22.2794563466104,114.129446924763,09:25:00,565.0,西灣河鯉景道51號明愛樂義學校,中西區,22.2864683794458,114.222389153166,09:50:00,590.0,2026-01-21,2026-03-01,,,,True,25.0,1,0
SR6302,乘客1960,NWC,其他 / 特殊情況,上學,12345,"['Mon', 'Tue', 'Wed', 'Thu', 'Fri']",薄扶林道131號（心光學校）,南區,22.2669638153015,114.131786989264,15:40:00,940.0,東涌美東街2號東堤灣畔6座,南區,22.289046499744,113.939428935545,17:00:00,1020.0,2025-09-05,2026-04-01,,,,True,80.0,0,1
SR6302,乘客1961,NWC,白手杖,上學,12345,"['Mon', 'Tue', 'Wed', 'Thu', 'Fri']",薄扶林道131號（心光恩望學校）,南區,22.2666677548545,114.132209053304,15:40:00,940.0,大角咀晏架街65號 海康大廈一座,南區,22.3200722655419,114.16361459039,16:10:00,970.0,2025-07-30,2026-04-01,,,,True,30.0,0,1
SR6302,乘客1961跟車,NWC,,上學,12345,"['Mon', 'Tue', 'Wed', 'Thu', 'Fri']",薄扶林道131號（心光恩望學校）,南區,22.2666677548545,114.132209053304,15:40:00,940.0,大角咀晏架街65號 海康大廈一座,南區,22.3200722655419,114.16361459039,16:10:00,970.0,2025-07-30,2026-04-01,,,,True,30.0,0,1
SR6302,乘客1962,NWC,手動輪椅不可過椅;嬰兒手推車型輪椅,上學,12345,"['Mon', 'Tue', 'Wed', 'Thu', 'Fri']",薄扶林道131號（心光幼兒中心）,南區,22.2670041872954,114.1318223853,15:40:00,940.0,大角咀海輝道10號瓏璽2座,南區,22.3184685239839,114.156069711993,16:25:00,985.0,2022-01-26,2022-08-01,,,2033-12-31,True,45.0,0,1
SR6302,乘客1962跟車,WC,,上學,12345,"['Mon', 'Tue', 'Wed', 'Thu', 'Fri']",薄扶林道131號（心光幼兒中心）,南區,22.2670041872954,114.1318223853,15:40:00,940.0,大角咀海輝道10號瓏璽2座,南區,22.3184685239839,114.156069711993,16:25:00,985.0,2022-01-26,2022-08-01,,,2033-12-31,True,45.0,1,0
SR6311,乘客1963,NWC,不需輔助工具,上學,12345,"['Mon', 'Tue', 'Wed', 'Thu', 'Fri']",荃灣荃新天地 (楊屋道復康車位),荃灣,22.3693458766635,114.113271107237,07:00:00,420.0,藍田復康徑7號藍田綜合中心,荃灣,22.3080382817291,114.23042037906,08:30:00,510.0,2025-07-08,2025-09-01,,,,True,90.0,0,1
SR6311,乘客1964,NWC,手杖,工作,12345,"['Mon', 'Tue', 'Wed', 'Thu', 'Fri']",青衣青逸軒1座(長安邨入閘),青衣,22.360651979606,114.104303165973,07:15:00,435.0,藍田復康徑7號藍田綜合中心,青衣,22.3080382817291,114.23042037906,08:30:00,510.0,2021-07-07,2022-08-01,,,2033-12-31,True,75.0,0,1
SR6311,乘客1965,NWC,其他 / 特殊情況,工作,12345,"['Mon', 'Tue', 'Wed', 'Thu', 'Fri']",香港深水埗昌新里南昌邨2座昌賢樓,深水埗,22.3264194,114.1582874,07:45:00,465.0,藍田復康徑7號藍田綜合中心,觀塘,22.3080382817291,114.23042037906,08:30:00,510.0,2023-10-25,2025-07-01,,,,True,45.0,0,1
SR6311,乘客1966,NWC,白手杖,訓練,12345,"['Mon', 'Tue', 'Wed', 'Thu', 'Fri']",香港觀塘翠屏道18號,觀塘,22.3121832,114.2323983,08:40:00,520.0,南昌街248號賽馬會盲人中心(大坑西街停車場口),深水埗,22.3342569030873,114.168467364916,09:10:00,550.0,2024-03-08,2024-05-01,,,,True,30.0,0,1
SR6311,乘客1967,NWC,其他 / 特殊情況,訓練,12345,"['Mon', 'Tue', 'Wed', 'Thu', 'Fri']",九龍灣偉業街德福花園C1座(乘客上落區),觀塘,22.3217581689574,114.212922433423,08:50:00,530.0,南昌街248號賽馬會盲人中心(大坑西街停車場口),觀塘,22.3342569030873,114.168467364916,09:10:00,550.0,2024-08-14,2024-09-01,,,,True,20.0,0,1
SR6311,乘客1967跟車,NWC,,訓練,12345,"['Mon', 'Tue', 'Wed', 'Thu', 'Fri']",九龍灣偉業街德福花園C1座(乘客上落區),觀塘,22.3217581689574,114.212922433423,08:50:00,530.0,南昌街248號賽馬會盲人中心(大坑西街停車場口),觀塘,22.3342569030873,114.168467364916,09:10:00,550.0,2024-08-14,2024-09-01,,,,True,20.0,0,1
SR6312,乘客1968,NWC,其他 / 特殊情況,訓練,12345,"['Mon', 'Tue', 'Wed', 'Thu', 'Fri']",南昌街248號賽馬會盲人中心(大坑西街停車場口),深水埗,22.3342569030873,114.168467364916,15:25:00,925.0,九龍灣偉業街德福花園C1座(乘客上落區),深水埗,22.3217581689574,114.212922433423,16:05:00,965.0,2024-08-14,2024-09-01,,,,True,40.0,0,1
SR6312,乘客1969,NWC,白手杖,訓練,12345,"['Mon', 'Tue', 'Wed', 'Thu', 'Fri']",南昌街248號賽馬會盲人中心(大坑西街停車場口),深水埗,22.3342569030873,114.168467364916,15:25:00,925.0,翠屏南邨翠杏樓(消防閘口),深水埗,22.3123460642954,114.232129571049,15:55:00,955.0,2024-03-08,2024-05-01,,,,True,30.0,0,1
SR6312,乘客1970,NWC,電動輪椅;手杖,工作,12345,"['Mon', 'Tue', 'Wed', 'Thu', 'Fri']",香港長沙灣英華街,深水埗,22.3302952,114.1531322,17:50:00,1070.0,錦暉花園(閘口),屯門,22.3835287734673,113.981432719376,19:00:00,1140.0,2025-10-02,2025-12-01,,,,True,70.0,0,1
SR6312,乘客1971,WC,手杖,工作,12345,"['Mon', 'Tue', 'Wed', 'Thu', 'Fri']",旺角彌敦道700號,油尖旺,22.3205568040486,114.16952849792,18:05:00,1085.0,屯門三聖邨滿漁樓,油尖旺,22.3811384882752,113.978774554149,18:55:00,1135.0,2025-03-25,2025-06-01,,,,True,50.0,1,0
SR6312,乘客1972,NWC,手杖,工作,12345,"['Mon', 'Tue', 'Wed', 'Thu', 'Fri']",馬灣路迴旋處 (近巴士站),荃灣,22.3495228155712,114.060765417623,18:30:00,1110.0,屯門富泰邨秀泰樓,荃灣,22.4130463914332,113.983181698581,19:15:00,1155.0,2025-07-04,2026-02-01,,,,True,45.0,0,1
SR6321,乘客1973,NWC,電動輪椅,訓練,135,"['Mon', 'Wed', 'Fri']",上水清濤苑入閘（卸貨區）,北區,22.4953718489693,114.128789811765,07:15:00,435.0,水泉澳邨明泉樓匡智中心(停車場),北區,22.3744457162465,114.198263900373,08:45:00,525.0,2025-11-27,2026-02-01,,,,True,90.0,0,1
SR6321,乘客1974,WC,其他 / 特殊情況,上學,12345,"['Mon', 'Tue', 'Wed', 'Thu', 'Fri']",大埔汀角路19號富善花園2座,大埔,22.4525320525012,114.164825714159,07:30:00,450.0,歌和老街53號香港心理衛生會臻和學校,大埔,22.3399607347764,114.168054871166,09:10:00,550.0,2024-01-25,2024-04-01,,,,True,100.0,1,0
SR6321,乘客1974跟車,NWC,,上學,12345,"['Mon', 'Tue', 'Wed', 'Thu', 'Fri']",大埔汀角路19號富善花園2座,大埔,22.4525320525012,114.164825714159,07:30:00,450.0,歌和老街53號香港心理衛生會臻和學校,大埔,22.3399607347764,114.168054871166,09:10:00,550.0,2024-01-25,2024-04-01,,,,True,100.0,0,1
SR6321,乘客1975,NWC,手動輪椅不可過椅,上學,12345,"['Mon', 'Tue', 'Wed', 'Thu', 'Fri']",馬鞍山西沙路銀湖天峰(地下烏溪沙站交通交匯處),沙田,22.4283580393093,114.243762321948,08:00:00,480.0,歌和老街53號香港心理衛生會臻和學校,沙田,22.3399607347764,114.168054871166,09:10:00,550.0,2020-11-23,2022-08-01,,,2032-12-31,True,70.0,0,1
SR6321,乘客1976,WC,其他 / 特殊情況;不需輔助工具,上學,12345,"['Mon', 'Tue', 'Wed', 'Thu', 'Fri']",馬鞍山西沙路銀湖天峰(地下烏溪沙站交通交匯處),沙田,22.4283580393093,114.243762321948,08:00:00,480.0,禾輋邨豐禾里2號耀能協會高福耀學校,沙田,22.3880619400787,114.193646480171,08:20:00,500.0,2022-07-05,2022-08-01,,,2032-12-31,True,20.0,1,0
SR6321,乘客1977,NWC,嬰兒手推車型輪椅,上學,12345,"['Mon', 'Tue', 'Wed', 'Thu', 'Fri']",水泉澳邨峻泉樓,沙田,22.3715143566594,114.199602172473,08:35:00,515.0,歌和老街53號香港心理衛生會臻和學校,沙田,22.3399607347764,114.168054871166,09:10:00,550.0,2025-08-13,2025-10-01,,,,True,35.0,0,1
SR6321,乘客1977跟車,WC,,上學,12345,"['Mon', 'Tue', 'Wed', 'Thu', 'Fri']",水泉澳邨峻泉樓,沙田,22.3715143566594,114.199602172473,08:35:00,515.0,歌和老街53號香港心理衛生會臻和學校,沙田,22.3399607347764,114.168054871166,09:10:00,550.0,2025-08-13,2025-10-01,,,,True,35.0,1,0
SR6322,乘客1978,NWC,其他 / 特殊情況,訓練,12345,"['Mon', 'Tue', 'Wed', 'Thu', 'Fri']",禾輋邨民和樓香港耀能協會禾輋工場,沙田,22.3896818562553,114.195226190129,16:20:00,980.0,大埔頭嘉敬里(近停車場),沙田,22.4553080918636,114.158784551392,18:00:00,1080.0,2019-03-04,2025-05-01,,,2029-12-31,True,100.0,0,1
SR6322,乘客1979,NWC,其他 / 特殊情況,訓練,12345,"['Mon', 'Tue', 'Wed', 'Thu', 'Fri']",禾輋邨民和樓香港耀能協會禾輋工場,沙田,22.3896818562553,114.195226190129,16:20:00,980.0,廣福邨廣智樓,沙田,22.448940815271,114.173101189123,17:20:00,1040.0,2016-12-14,2025-05-01,,,2032-12-31,True,60.0,0,1
SR6322,乘客1980,NWC,其他 / 特殊情況,訓練,12345,"['Mon', 'Tue', 'Wed', 'Thu', 'Fri']",禾輋邨民和樓香港耀能協會禾輋工場,沙田,22.3896818562553,114.195226190129,16:20:00,980.0,太和邨居和樓,沙田,22.4502495096727,114.16261618036,17:45:00,1065.0,2009-03-23,2025-05-01,,,2026-12-31,True,85.0,0,1
SR6322,乘客1981,NWC,不需輔助工具,訓練,12345,"['Mon', 'Tue', 'Wed', 'Thu', 'Fri']",禾輋邨民和樓香港耀能協會禾輋工場,沙田,22.3896818562553,114.195226190129,16:20:00,980.0,富善邨善翠樓,沙田,22.4542338464127,114.176022765427,17:05:00,1025.0,2006-10-24,2025-05-01,,,2026-12-31,True,45.0,0,1
SR6322,乘客1982,NWC,其他 / 特殊情況,訓練,12345,"['Mon', 'Tue', 'Wed', 'Thu', 'Fri']",禾輋邨民和樓香港耀能協會禾輋工場,沙田,22.3896818562553,114.195226190129,16:20:00,980.0,大埔頭華樂豪庭52座,沙田,22.4554796965236,114.155286282968,18:05:00,1085.0,2005-08-09,2025-05-01,,,2026-12-31,True,105.0,0,1
SR6322,乘客1983,NWC,手杖,訓練,12345,"['Mon', 'Tue', 'Wed', 'Thu', 'Fri']",禾輋邨民和樓香港耀能協會禾輋工場,沙田,22.3896818562553,114.195226190129,16:20:00,980.0,運頭塘邨(南運路巴士站),沙田,22.4433162112594,114.168692210658,17:25:00,1045.0,2006-02-22,2025-05-01,,,2026-12-31,True,65.0,0,1
SR6322,乘客1984,NWC,手動輪椅不可過椅,訓練,12345,"['Mon', 'Tue', 'Wed', 'Thu', 'Fri']",禾輋邨民和樓香港耀能協會禾輋工場,沙田,22.3896818562553,114.195226190129,16:20:00,980.0,廣福邨廣智樓,沙田,22.448940815271,114.173101189123,17:20:00,1040.0,2009-06-05,2025-05-01,,,2026-12-31,True,60.0,0,1
SR6322,乘客1985,WC,手杖,訓練,12345,"['Mon', 'Tue', 'Wed', 'Thu', 'Fri']",禾輋邨民和樓香港耀能協會禾輋工場,沙田,22.3896818562553,114.195226190129,16:20:00,980.0,鳳園路9號嵐山9座(入閘),沙田,22.4663109117911,114.179692933209,17:00:00,1020.0,2023-12-13,2025-05-01,,,2099-12-31,True,40.0,1,0
SR6331,乘客1986,NWC,手杖,工作,12345,"['Mon', 'Tue', 'Wed', 'Thu', 'Fri']",屯子圍256-256A忠義堂(避車位),屯門,22.4210768392056,113.979630075819,06:50:00,410.0,露屏路10號香港教育大學,屯門,22.4677560522465,114.193614228339,07:30:00,450.0,2022-09-20,2022-08-01,,,2033-12-31,True,40.0,0,1
SR6331,乘客1987,NWC,其他 / 特殊情況,上學,12345,"['Mon', 'Tue', 'Wed', 'Thu', 'Fri']",鳳園路9號嵐山6座(入閘),大埔,22.4648326716397,114.179824284069,07:40:00,460.0,安達臣道301號靈實恩光學校,大埔,22.3214554498288,114.244014640255,09:30:00,570.0,2024-02-16,2024-03-01,,,,True,110.0,0,1
SR6331,乘客1987跟車,NWC,,上學,12345,"['Mon', 'Tue', 'Wed', 'Thu', 'Fri']",鳳園路9號嵐山6座(入閘),大埔,22.4648326716397,114.179824284069,07:40:00,460.0,安達臣道301號靈實恩光學校,大埔,22.3214554498288,114.244014640255,09:30:00,570.0,2024-02-16,2024-03-01,,,,True,110.0,0,1
SR6331,乘客1987跟車,NWC,,上學,12345,"['Mon', 'Tue', 'Wed', 'Thu', 'Fri']",鳳園路9號嵐山6座(入閘),大埔,22.4648326716397,114.179824284069,07:40:00,460.0,安達臣道301號靈實恩光學校,大埔,22.3214554498288,114.244014640255,09:30:00,570.0,2024-02-16,2024-03-01,,,,True,110.0,0,1
SR6331,乘客1988,NWC,不需輔助工具,上學,12345,"['Mon', 'Tue', 'Wed', 'Thu', 'Fri']","香港大埔滘 Hung Lam Rd, 滌濤山5座",大埔,22.4356454,114.1845519,08:00:00,480.0,牛池灣平定道東10號紅十字會瑪嘉烈戴麟趾學校,黃大仙,22.3358516256126,114.212872452501,09:00:00,540.0,2023-08-08,2024-05-01,,,,True,60.0,0,1
SR6331,乘客1989,NWC,嬰兒手推車型輪椅,上學,12345,"['Mon', 'Tue', 'Wed', 'Thu', 'Fri']",沙田安睦街聖雅各福群會曉明居,沙田,22.3854574837608,114.210066982549,08:20:00,500.0,安達臣道301號靈實恩光學校,沙田,22.3214554498288,114.244014640255,09:30:00,570.0,2025-07-08,2025-10-01,,,,True,70.0,0,1
SR6331,乘客1989跟車,WC,,上學,12345,"['Mon', 'Tue', 'Wed', 'Thu', 'Fri']",沙田安睦街聖雅各福群會曉明居,沙田,22.3854574837608,114.210066982549,08:20:00,500.0,安達臣道301號靈實恩光學校,沙田,22.3214554498288,114.244014640255,09:30:00,570.0,2025-07-08,2025-10-01,,,,True,70.0,1,0
SR6331,乘客1990,NWC,電動輪椅;手動輪椅不可過椅,上學,12345,"['Mon', 'Tue', 'Wed', 'Thu', 'Fri']",沙田安睦街聖雅各福群會曉明居,沙田,22.3854574837608,114.210066982549,08:20:00,500.0,牛池灣平定道東10號紅十字會瑪嘉烈戴麟趾學校,沙田,22.3358516256126,114.212872452501,09:00:00,540.0,2023-07-31,2024-03-01,,,,True,40.0,0,1
SR6331,乘客1991,WC,手動輪椅不可過椅,訓練,12345,"['Mon', 'Tue', 'Wed', 'Thu', 'Fri']",大圍站(B出口上落客區),沙田,22.3725302244568,114.179478443192,08:35:00,515.0,新蒲崗大有街萬迪廣場,沙田,22.3383179327812,114.19903624205,08:50:00,530.0,2024-03-15,2024-05-01,,,,True,15.0,1,0
SR6331,乘客1991跟車,WC,,訓練,12345,"['Mon', 'Tue', 'Wed', 'Thu', 'Fri']",大圍站(B出口上落客區),沙田,22.3725302244568,114.179478443192,08:35:00,515.0,新蒲崗大有街萬迪廣場,沙田,22.3383179327812,114.19903624205,08:50:00,530.0,2024-03-15,2024-05-01,,,,True,15.0,1,0
SR6331,乘客1991跟車,NWC,,訓練,12345,"['Mon', 'Tue', 'Wed', 'Thu', 'Fri']",大圍站(B出口上落客區),沙田,22.3725302244568,114.179478443192,08:35:00,515.0,新蒲崗大有街萬迪廣場,沙田,22.3383179327812,114.19903624205,08:50:00,530.0,2024-03-15,2024-05-01,,,,True,15.0,0,1
SR6331,乘客1992,NWC,手動輪椅不可過椅,上學,12345,"['Mon', 'Tue', 'Wed', 'Thu', 'Fri']",大圍站(B出口上落客區),沙田,22.3725302244568,114.179478443192,08:35:00,515.0,牛池灣平定道東10號紅十字會瑪嘉烈戴麟趾學校,沙田,22.3358516256126,114.212872452501,09:00:00,540.0,2023-07-31,2024-03-01,,,,True,25.0,0,1
SR6332,乘客1993,WC,手動輪椅不可過椅,訓練,12345,"['Mon', 'Tue', 'Wed', 'Thu', 'Fri']",新蒲崗大有街萬迪廣場,黃大仙,22.3383179327812,114.19903624205,15:15:00,915.0,大圍站(B出口上落客區),黃大仙,22.3725302244568,114.179478443192,16:15:00,975.0,2024-03-15,2024-05-01,,,,True,60.0,1,0
SR6332,乘客1993跟車,WC,,訓練,12345,"['Mon', 'Tue', 'Wed', 'Thu', 'Fri']",新蒲崗大有街萬迪廣場,黃大仙,22.3383179327812,114.19903624205,15:15:00,915.0,大圍站(B出口上落客區),黃大仙,22.3725302244568,114.179478443192,16:15:00,975.0,2024-03-15,2024-05-01,,,,True,60.0,1,0
SR6332,乘客1993跟車,NWC,,訓練,12345,"['Mon', 'Tue', 'Wed', 'Thu', 'Fri']",新蒲崗大有街萬迪廣場,黃大仙,22.3383179327812,114.19903624205,15:15:00,915.0,大圍站(B出口上落客區),黃大仙,22.3725302244568,114.179478443192,16:15:00,975.0,2024-03-15,2024-05-01,,,,True,60.0,0,1
SR6332,乘客1994,NWC,嬰兒手推車型輪椅,上學,12345,"['Mon', 'Tue', 'Wed', 'Thu', 'Fri']",安達臣道301號靈實恩光學校,將軍澳,22.3214554498288,114.244014640255,15:35:00,935.0,沙田安睦街聖雅各福群會曉明居,將軍澳,22.3854574837608,114.210066982549,16:30:00,990.0,2025-07-08,2025-10-01,,,,True,55.0,0,1
SR6332,乘客1994跟車,WC,,上學,12345,"['Mon', 'Tue', 'Wed', 'Thu', 'Fri']",安達臣道301號靈實恩光學校,將軍澳,22.3214554498288,114.244014640255,15:35:00,935.0,沙田安睦街聖雅各福群會曉明居,將軍澳,22.3854574837608,114.210066982549,16:30:00,990.0,2025-07-08,2025-10-01,,,,True,55.0,1,0
SR6332,乘客1995,NWC,其他 / 特殊情況,上學,12345,"['Mon', 'Tue', 'Wed', 'Thu', 'Fri']",安達臣道301號靈實恩光學校,將軍澳,22.3214554498288,114.244014640255,15:35:00,935.0,鳳園路9號嵐山6座(入閘),將軍澳,22.4648326716397,114.179824284069,17:05:00,1025.0,2024-02-16,2024-03-01,,,,True,90.0,0,1
SR6332,乘客1995跟車,NWC,,上學,12345,"['Mon', 'Tue', 'Wed', 'Thu', 'Fri']",安達臣道301號靈實恩光學校,將軍澳,22.3214554498288,114.244014640255,15:35:00,935.0,鳳園路9號嵐山6座(入閘),將軍澳,22.4648326716397,114.179824284069,17:05:00,1025.0,2024-02-16,2024-03-01,,,,True,90.0,0,1
SR6332,乘客1995跟車,NWC,,上學,12345,"['Mon', 'Tue', 'Wed', 'Thu', 'Fri']",安達臣道301號靈實恩光學校,將軍澳,22.3214554498288,114.244014640255,15:35:00,935.0,鳳園路9號嵐山6座(入閘),將軍澳,22.4648326716397,114.179824284069,17:05:00,1025.0,2024-02-16,2024-03-01,,,,True,90.0,0,1
SR6332,乘客1996,NWC,手動輪椅不可過椅,上學,12345,"['Mon', 'Tue', 'Wed', 'Thu', 'Fri']",牛池灣平定道東10號紅十字會瑪嘉烈戴麟趾學校,黃大仙,22.3358516256126,114.212872452501,15:50:00,950.0,大圍站(B出口上落客區),黃大仙,22.3725302244568,114.179478443192,16:15:00,975.0,2023-07-31,2024-03-01,,,,True,25.0,0,1
SR6332,乘客1997,WC,電動輪椅;手動輪椅不可過椅,上學,12345,"['Mon', 'Tue', 'Wed', 'Thu', 'Fri']",牛池灣平定道東10號紅十字會瑪嘉烈戴麟趾學校,黃大仙,22.3358516256126,114.212872452501,15:50:00,950.0,沙田安睦街聖雅各福群會曉明居,黃大仙,22.3854574837608,114.210066982549,16:30:00,990.0,2023-07-31,2024-03-01,,,,True,40.0,1,0
SR6332,乘客1998,WC,不需輔助工具,上學,12345,"['Mon', 'Tue', 'Wed', 'Thu', 'Fri']",牛池灣平定道東10號紅十字會瑪嘉烈戴麟趾學校,黃大仙,22.3358516256126,114.212872452501,15:50:00,950.0,"香港大埔滘 Hung Lam Rd, 滌濤山5座",黃大仙,22.4356454,114.1845519,17:45:00,1065.0,2023-08-08,2024-05-01,,,,True,115.0,1,0
SR6332,乘客1999,NWC,其他 / 特殊情況,上學,12345,"['Mon', 'Tue', 'Wed', 'Thu', 'Fri']",富忠里1號耀能協會賽馬會田綺玲學校,大埔,22.4568945063632,114.17293747176,16:50:00,1010.0,汀角路黃魚灘村(巴士站),大埔,22.4623353198857,114.205861058262,17:20:00,1040.0,2022-10-11,2022-08-01,,,2033-12-31,True,30.0,0,1
SR6332,乘客2000,NWC,不需輔助工具,上學,12345,"['Mon', 'Tue', 'Wed', 'Thu', 'Fri']",富忠里1號耀能協會賽馬會田綺玲學校,大埔,22.4568945063632,114.17293747176,16:50:00,1010.0,粉嶺皇后山邨皇盛樓(入閘),大埔,22.5042355421713,114.157654965489,18:05:00,1085.0,2025-04-22,2025-06-01,,,2035-07-09,True,75.0,0,1
SR6332,乘客2001,NWC,手杖,工作,12345,"['Mon', 'Tue', 'Wed', 'Thu', 'Fri']",露屏路10號香港教育大學,大埔,22.4677560522465,114.193614228339,17:30:00,1050.0,屯子圍256-256A忠義堂(避車位),大埔,22.4210768392056,113.979630075819,18:40:00,1120.0,2022-09-20,2022-08-01,,,2033-12-31,True,70.0,0,1
SR6341,乘客2002,NWC,不需輔助工具,訓練,12345,"['Mon', 'Tue', 'Wed', 'Thu', 'Fri']",上水智順里順欣花園,北區,22.5013795221417,114.132354439582,07:40:00,460.0,禾輋邨民和樓香港耀能協會禾輋工場,北區,22.3896818562553,114.195226190129,09:20:00,560.0,2024-04-16,2025-09-01,,,,True,100.0,0,1
SR6341,乘客2003,NWC,手動輪椅不可過椅,訓練,12345,"['Mon', 'Tue', 'Wed', 'Thu', 'Fri']",新運路粉嶺中心(近巴士站),北區,22.4908884516097,114.142455229064,07:55:00,475.0,禾輋邨民和樓香港耀能協會禾輋工場,北區,22.3896818562553,114.195226190129,09:20:00,560.0,2011-05-11,2025-09-01,,,2026-12-31,True,85.0,0,1
SR6341,乘客2004,WC,手杖,訓練,12345,"['Mon', 'Tue', 'Wed', 'Thu', 'Fri']",粉嶺名都怡景閣 (新運路近巴士站),北區,22.4927392409725,114.139673792798,08:30:00,510.0,瀝源邨榮瑞樓唐氏綜合症協會卓業中心,北區,22.3852687392622,114.191284794365,09:25:00,565.0,2024-10-04,2024-11-01,,,,True,55.0,1,0
SR6341,乘客2005,NWC,手推架,上學,12345,"['Mon', 'Tue', 'Wed', 'Thu', 'Fri']",沙田安睦街聖雅各福群會曉明居,沙田,22.3854574837608,114.210066982549,09:00:00,540.0,水泉澳邨明泉樓匡智中心(停車場),沙田,22.3744457162465,114.198263900373,10:10:00,610.0,2025-02-05,2025-09-01,,,,True,70.0,0,1
SR6341,乘客2006,NWC,電動輪椅;手推架,訓練,12345,"['Mon', 'Tue', 'Wed', 'Thu', 'Fri']",沙田碩門邨社會服務大樓,沙田,22.3862763556906,114.209652448229,09:00:00,540.0,禾輋邨民和樓香港耀能協會禾輋工場,沙田,22.3896818562553,114.195226190129,09:20:00,560.0,2025-09-29,2025-12-01,,,,True,20.0,0,1
SR6341,乘客2007,WC,不需輔助工具,訓練,12345,"['Mon', 'Tue', 'Wed', 'Thu', 'Fri']",碧田街18號恆峰花園(保安站),沙田,22.3775612238943,114.171656454862,09:40:00,580.0,火炭山尾街18-24號沙田商業中心,沙田,22.397114643053,114.193467139874,10:25:00,625.0,2024-05-24,2024-07-01,,,,True,45.0,1,0
SR6341,乘客2007跟車,NWC,,訓練,12345,"['Mon', 'Tue', 'Wed', 'Thu', 'Fri']",碧田街18號恆峰花園(保安站),沙田,22.3775612238943,114.171656454862,09:40:00,580.0,火炭山尾街18-24號沙田商業中心,沙田,22.397114643053,114.193467139874,10:25:00,625.0,2024-05-24,2024-07-01,,,,True,45.0,0,1
SR6341,乘客2008,NWC,手動輪椅不可過椅,訓練,12345,"['Mon', 'Tue', 'Wed', 'Thu', 'Fri']",新田圍邨盛圍樓,沙田,22.3704171116362,114.187372658598,09:55:00,595.0,水泉澳邨明泉樓匡智中心(停車場),沙田,22.3744457162465,114.198263900373,10:10:00,610.0,2023-08-18,2024-03-01,,,,True,15.0,0,1
SR6342,乘客2009,WC,其他 / 特殊情況,上學,12345,"['Mon', 'Tue', 'Wed', 'Thu', 'Fri']",歌和老街53號香港心理衛生會臻和學校,深水埗,22.3399607347764,114.168054871166,15:45:00,945.0,大埔汀角路19號富善花園2座,深水埗,22.4525320525012,114.164825714159,16:20:00,980.0,2024-01-25,2024-04-01,,,,True,35.0,1,0
SR6342,乘客2009跟車,NWC,,上學,12345,"['Mon', 'Tue', 'Wed', 'Thu', 'Fri']",歌和老街53號香港心理衛生會臻和學校,深水埗,22.3399607347764,114.168054871166,15:45:00,945.0,大埔汀角路19號富善花園2座,深水埗,22.4525320525012,114.164825714159,16:20:00,980.0,2024-01-25,2024-04-01,,,,True,35.0,0,1
SR6342,乘客2010,NWC,不需輔助工具,訓練,12345,"['Mon', 'Tue', 'Wed', 'Thu', 'Fri']",火炭山尾街18-24號沙田商業中心,沙田,22.397114643053,114.193467139874,16:45:00,1005.0,碧田街18號恆峰花園(保安站),沙田,22.3775612238943,114.171656454862,17:50:00,1070.0,2024-05-24,2024-07-01,,,,True,65.0,0,1
SR6342,乘客2011,NWC,手動輪椅不可過椅,訓練,12345,"['Mon', 'Tue', 'Wed', 'Thu', 'Fri']",水泉澳邨明泉樓東華三院樂活熙庭院舍(停車場),沙田,22.3742482462905,114.198423395601,17:00:00,1020.0,新田圍邨盛圍樓,沙田,22.3704171116362,114.187372658598,17:30:00,1050.0,2023-08-18,2024-03-01,,,,True,30.0,0,1
SR6342,乘客2012,WC,手推架,上學,12345,"['Mon', 'Tue', 'Wed', 'Thu', 'Fri']",水泉澳邨明泉樓匡智中心(停車場),沙田,22.3744457162465,114.198263900373,17:00:00,1020.0,沙田安睦街聖雅各福群會曉明居,沙田,22.3854574837608,114.210066982549,17:15:00,1035.0,2025-02-05,2025-09-01,,,,True,15.0,1,0
SR6351,乘客2013,NWC,手動輪椅不可過椅;手杖,訓練,12345,"['Mon', 'Tue', 'Wed', 'Thu', 'Fri']",上水祥龍圍邨服務設施大樓仁濟醫院何德心宿舍(入停車場),北區,22.4947289794845,114.123583847154,07:00:00,420.0,青松觀路10號鄰舍輔導會怡逸居,北區,22.4085072152203,113.971305730374,08:40:00,520.0,2024-09-13,2024-10-01,,,,True,100.0,0,1
SR6351,乘客2014,WC,不需輔助工具,訓練,12345,"['Mon', 'Tue', 'Wed', 'Thu', 'Fri']",香港元朗青山公路昌裕大廈,元朗,22.444664,114.027545,07:45:00,465.0,香港屯門田景路田景邨田敦樓,屯門,22.4067362,113.9658671,08:45:00,525.0,2024-04-24,2024-06-01,,,,True,60.0,1,0
SR6351,乘客2015,NWC,手動輪椅可以過椅,訓練,245,"['Tue', 'Thu', 'Fri']",天水圍 上璋圍 (聚星樓),元朗,22.4482185242021,114.006588653524,08:05:00,485.0,湖景邨湖光樓鄰舍輔導會康復中心,元朗,22.3748653923515,113.964845276919,09:10:00,550.0,2024-01-10,2024-03-01,,,,True,65.0,0,1
SR6351,乘客2016,WC,電動輪椅,訓練,12345,"['Mon', 'Tue', 'Wed', 'Thu', 'Fri']",紫田村300號欣樂軒康復院舍,屯門,22.4175567814162,113.97283221858,08:25:00,505.0,田景邨田樂樓新生精神康復會田景工場(入閘),屯門,22.4071792769665,113.965362054621,08:50:00,530.0,2021-03-04,2024-05-01,,,2031-12-31,True,25.0,1,0
SR6351,乘客2017,WC,其他 / 特殊情況,訓練,12345,"['Mon', 'Tue', 'Wed', 'Thu', 'Fri']",屯門業旺邨停車場,屯門,22.3881967436643,113.969473550989,09:20:00,560.0,青山公路201號竹園神召會康樂工場,屯門,22.3988168628371,113.977088778088,09:30:00,570.0,2025-09-11,2025-11-01,,,,True,10.0,1,0
SR6351,乘客2018,NWC,手動輪椅不可過椅,訓練,12345,"['Mon', 'Tue', 'Wed', 'Thu', 'Fri']",屯門業旺邨停車場,屯門,22.3881967436643,113.969473550989,09:20:00,560.0,粉嶺靈山路23號匡智粉嶺綜合復康中心,屯門,22.5000677973979,114.136999148018,10:10:00,610.0,2025-02-14,2025-04-01,,,,True,50.0,0,1
SR6352,乘客2019,WC,手動輪椅可以過椅,訓練,245,"['Tue', 'Thu', 'Fri']",湖景邨湖光樓鄰舍輔導會康復中心,屯門,22.3748653923515,113.964845276919,15:00:00,900.0,天水圍 上璋圍 (聚星樓),屯門,22.4482185242021,114.006588653524,16:15:00,975.0,2024-01-10,2024-03-01,,,,True,75.0,1,0
SR6352,乘客2020,WC,手動輪椅不可過椅;手推架,訓練,135,"['Mon', 'Wed', 'Fri']",湖景邨湖光樓鄰舍輔導會康復中心,屯門,22.3748653923515,113.964845276919,15:00:00,900.0,井財街9號錦發大廈,屯門,22.4032930304018,113.978062220311,15:30:00,930.0,2024-04-25,2025-11-01,,,,True,30.0,1,0
SR6352,乘客2021,WC,手推架,訓練,235,"['Tue', 'Wed', 'Fri']",湖景邨湖光樓鄰舍輔導會康復中心,屯門,22.3748653923515,113.964845276919,15:00:00,900.0,友愛邨愛暉樓,屯門,22.3882006599582,113.973547506307,15:20:00,920.0,2025-10-03,2025-11-01,,,,True,20.0,1,0
SR6352,乘客2022,NWC,手動輪椅不可過椅;手杖,訓練,12345,"['Mon', 'Tue', 'Wed', 'Thu', 'Fri']",青松觀路10號鄰舍輔導會怡逸居,屯門,22.4085072152203,113.971305730374,15:55:00,955.0,上水祥龍圍邨服務設施大樓仁濟醫院何德心宿舍(入停車場),屯門,22.4947289794845,114.123583847154,17:25:00,1045.0,2024-09-13,2024-10-01,,,,True,90.0,0,1
SR6361,乘客2023,WC,電動輪椅,工作,12345,"['Mon', 'Tue', 'Wed', 'Thu', 'Fri']",北角電氣道華凱大廈 B 座,東區,22.2893596152224,114.193695048698,07:10:00,430.0,香港理工大學文康大樓S座,東區,22.304450926769,114.17959876698,08:15:00,495.0,2024-08-24,2024-10-01,,,2034-12-31,True,65.0,1,0
SR6361,乘客2023跟車,WC,,工作,12345,"['Mon', 'Tue', 'Wed', 'Thu', 'Fri']",北角電氣道華凱大廈 B 座,東區,22.2893596152224,114.193695048698,07:10:00,430.0,香港理工大學文康大樓S座,東區,22.304450926769,114.17959876698,08:15:00,495.0,2024-08-24,2024-10-01,,,2034-12-31,True,65.0,1,0
SR6361,乘客2024,NWC,其他 / 特殊情況,上學,12345,"['Mon', 'Tue', 'Wed', 'Thu', 'Fri']",啟德沐翠街3號煥然壹居,九龍城,22.3312736820756,114.202442671954,07:35:00,455.0,薄扶林道131號（心光學校）（恩望平台）,九龍城,22.2670062113718,114.132168228478,08:45:00,525.0,2024-07-29,2024-10-01,,,,True,70.0,0,1
SR6361,乘客2024跟車,NWC,,上學,12345,"['Mon', 'Tue', 'Wed', 'Thu', 'Fri']",啟德沐翠街3號煥然壹居,九龍城,22.3312736820756,114.202442671954,07:35:00,455.0,薄扶林道131號（心光學校）（恩望平台）,九龍城,22.2670062113718,114.132168228478,08:45:00,525.0,2024-07-29,2024-10-01,,,,True,70.0,0,1
SR6361,乘客2025,NWC,手推架;白手杖,上學,12345,"['Mon', 'Tue', 'Wed', 'Thu', 'Fri']",啟晴邨樂晴樓,九龍城,22.3320584431915,114.203416626392,07:40:00,460.0,薄扶林道131號（心光恩望學校）（恩望平台）,九龍城,22.2668421342708,114.132194278594,08:45:00,525.0,2017-07-14,2024-10-01,,,2033-12-31,True,65.0,0,1
SR6361,乘客2026,NWC,手動輪椅不可過椅,上學,12345,"['Mon', 'Tue', 'Wed', 'Thu', 'Fri']",紅磡黃埔花園2期錦桃苑第14座(近郵局),九龍城,22.3048502338148,114.18994006827,08:00:00,480.0,薄扶林道131號（心光恩望學校）（恩望平台）,九龍城,22.2668421342708,114.132194278594,08:45:00,525.0,2013-12-03,2024-10-01,,,2033-12-31,True,45.0,0,1
SR6361,乘客2026跟車,WC,,上學,12345,"['Mon', 'Tue', 'Wed', 'Thu', 'Fri']",紅磡黃埔花園2期錦桃苑第14座(近郵局),九龍城,22.3048502338148,114.18994006827,08:00:00,480.0,薄扶林道131號（心光恩望學校）（恩望平台）,九龍城,22.2668421342708,114.132194278594,08:45:00,525.0,2013-12-03,2024-10-01,,,2033-12-31,True,45.0,1,0
SR6361,乘客2027,NWC,手動輪椅可以過椅,訓練,12345,"['Mon', 'Tue', 'Wed', 'Thu', 'Fri']",北角百福道丹拿山循道學校外 (巴士站對面),東區,22.2908945008893,114.205148503139,09:25:00,565.0,高街2號西營盤社區大樓,東區,22.284941714479,114.144061584,10:05:00,605.0,2024-09-17,2024-10-01,,,,True,40.0,0,1
SR6361,乘客2028,WC,其他 / 特殊情況,訓練,12345,"['Mon', 'Tue', 'Wed', 'Thu', 'Fri']",灣仔皇后大道東樂滿大廈,灣仔,22.2768354249315,114.168765653975,09:40:00,580.0,灣仔堅尼地道100號聖雅各福群會大樓 (停車場),灣仔,22.2724844639801,114.17325949607,09:50:00,590.0,2024-08-20,2024-10-01,,,,True,10.0,1,0
SR6362,乘客2029,NWC,電動輪椅;手推架;手杖,訓練,12345,"['Mon', 'Tue', 'Wed', 'Thu', 'Fri']",葵涌醫院A座 - 日間復元中心,葵涌,22.3416382759383,114.134580154842,15:00:00,900.0,富昌邨富誠樓,葵涌,22.3293839650005,114.154624684407,15:20:00,920.0,2025-05-30,2025-07-01,,,2027-01-01,True,20.0,0,1
SR6362,乘客2030,WC,手杖,治療,135,"['Mon', 'Wed', 'Fri']",瑪嘉烈醫院 (急症室),葵涌,22.3409765809563,114.134563905584,15:05:00,905.0,香港觀塘月華街和樂邨居安樓,葵涌,22.3162669,114.228042,15:55:00,955.0,2024-08-07,2024-09-01,,,,True,50.0,1,0
SR6371,乘客2031,NWC,電動輪椅;白手杖,工作,12345,"['Mon', 'Tue', 'Wed', 'Thu', 'Fri']",天水圍天耀邨耀民樓,元朗,22.4501458187112,114.003663384941,06:50:00,410.0,東涌松滿路滿東邨 (入閘迴旋處),元朗,22.2773498881419,113.931773378602,07:30:00,450.0,2025-10-05,2026-02-01,,,,True,40.0,0,1
SR6371,乘客2032,WC,手杖,工作,12345,"['Mon', 'Tue', 'Wed', 'Thu', 'Fri']",屯門富泰邨秀泰樓,屯門,22.4130463914332,113.983181698581,08:00:00,480.0,馬灣路迴旋處 (近巴士站),屯門,22.3495228155712,114.060765417623,09:05:00,545.0,2025-07-04,2026-02-01,,,,True,65.0,1,0
SR6371,乘客2033,NWC,嬰兒手推車型輪椅,訓練,12345,"['Mon', 'Tue', 'Wed', 'Thu', 'Fri']",屯門龍門路富健花園12座,屯門,22.3834107994819,113.965176321489,08:15:00,495.0,東涌道滿樂坊 (近巴士站),屯門,22.2772389172026,113.933496380313,08:45:00,525.0,2025-01-15,2026-02-01,,,,True,30.0,0,1
SR6371,乘客2033跟車,WC,,訓練,12345,"['Mon', 'Tue', 'Wed', 'Thu', 'Fri']",屯門龍門路富健花園12座,屯門,22.3834107994819,113.965176321489,08:15:00,495.0,東涌道滿樂坊 (近巴士站),屯門,22.2772389172026,113.933496380313,08:45:00,525.0,2025-01-15,2026-02-01,,,,True,30.0,1,0
SR6371,乘客2034,NWC,手動輪椅不可過椅;手動輪椅可以過椅,治療,12345,"['Mon', 'Tue', 'Wed', 'Thu', 'Fri']",馬灣路迴旋處 (近巴士站),荃灣,22.3495228155712,114.060765417623,09:05:00,545.0,華懋荃灣廣場 耀能協會新界西綜合社區康復中心,荃灣,22.3752486035265,114.111300065191,09:25:00,565.0,2024-07-25,2026-02-01,,,,True,20.0,0,1
SR6371,乘客2035,WC,手杖,訓練,12345,"['Mon', 'Tue', 'Wed', 'Thu', 'Fri']",大角咀大全街大同新邨大榮樓,油尖旺,22.3220924866316,114.160627755632,09:40:00,580.0,石硤尾邨美山樓保良局服務中心,油尖旺,22.3320977574593,114.165573715176,09:55:00,595.0,2025-08-20,2026-02-01,,,,True,15.0,1,0
SR6372,乘客2036,NWC,手杖,訓練,12345,"['Mon', 'Tue', 'Wed', 'Thu', 'Fri']",石硤尾邨美山樓保良局服務中心,深水埗,22.3320977574593,114.165573715176,15:30:00,930.0,大角咀大全街大同新邨大榮樓,深水埗,22.3220924866316,114.160627755632,15:45:00,945.0,2025-08-20,2026-02-01,,,,True,15.0,0,1
SR6372,乘客2037,NWC,手動輪椅不可過椅;手動輪椅可以過椅,治療,12345,"['Mon', 'Tue', 'Wed', 'Thu', 'Fri']",華懋荃灣廣場 耀能協會新界西綜合社區康復中心,荃灣,22.3752486035265,114.111300065191,16:00:00,960.0,馬灣路迴旋處 (近巴士站),荃灣,22.3495228155712,114.060765417623,16:15:00,975.0,2024-07-25,2026-02-01,,,,True,15.0,0,1
SR6372,乘客2038,WC,嬰兒手推車型輪椅,訓練,12345,"['Mon', 'Tue', 'Wed', 'Thu', 'Fri']",東涌道滿樂坊 (近巴士站),機場及東涌,22.2772389172026,113.933496380313,16:40:00,1000.0,屯門龍門路富健花園12座,機場及東涌,22.3834107994819,113.965176321489,17:15:00,1035.0,2025-01-15,2026-02-01,,,,True,35.0,1,0
SR6372,乘客2038跟車,WC,,訓練,12345,"['Mon', 'Tue', 'Wed', 'Thu', 'Fri']",東涌道滿樂坊 (近巴士站),機場及東涌,22.2772389172026,113.933496380313,16:40:00,1000.0,屯門龍門路富健花園12座,機場及東涌,22.3834107994819,113.965176321489,17:15:00,1035.0,2025-01-15,2026-02-01,,,,True,35.0,1,0
SR6372,乘客2039,NWC,電動輪椅;白手杖,工作,12345,"['Mon', 'Tue', 'Wed', 'Thu', 'Fri']",東涌松滿路滿東邨 (入閘迴旋處),機場及東涌,22.2773498881419,113.931773378602,16:50:00,1010.0,天水圍天耀邨耀民樓,機場及東涌,22.4501458187112,114.003663384941,17:45:00,1065.0,2025-10-05,2026-02-01,,,,True,55.0,0,1
SR6381,乘客2040,WC,電動輪椅;手杖;手動輪椅可以過椅,工作,12345,"['Mon', 'Tue', 'Wed', 'Thu', 'Fri']",安蔭邨康蔭樓,葵涌,22.3722778760155,114.141934780131,07:15:00,435.0,元朗廈村路 駿成重櫃場閘內,葵涌,22.4466515577871,113.986738541396,08:05:00,485.0,2024-08-12,2026-02-01,,,,True,50.0,1,0
SR6381,乘客2041,WC,手動輪椅可以過椅,訓練,34,"['Wed', 'Thu']",屯門景新徑景新臺 上落客區,屯門,22.402569603221,113.981056748334,07:45:00,465.0,香港沙田圓洲角路13號A,屯門,22.3809449,114.1993671,09:45:00,585.0,2025-10-09,2026-02-01,,,,True,120.0,1,0
SR6381,乘客2041跟車,WC,,訓練,34,"['Wed', 'Thu']",屯門景新徑景新臺 上落客區,屯門,22.402569603221,113.981056748334,07:45:00,465.0,香港沙田圓洲角路13號A,屯門,22.3809449,114.1993671,09:45:00,585.0,2025-10-09,2026-02-01,,,,True,120.0,1,0
SR6381,乘客2042,NWC,其他 / 特殊情況,上學,12345,"['Mon', 'Tue', 'Wed', 'Thu', 'Fri']",八鄉下輋村村公所,元朗,22.448221274398,114.094395445187,08:35:00,515.0,禾輋邨豐禾里2號耀能協會高福耀學校,元朗,22.3880619400787,114.193646480171,09:30:00,570.0,2026-03-03,2026-04-01,,,,True,55.0,0,1
SR6381,乘客2042跟車,NWC,,上學,12345,"['Mon', 'Tue', 'Wed', 'Thu', 'Fri']",八鄉下輋村村公所,元朗,22.448221274398,114.094395445187,08:35:00,515.0,禾輋邨豐禾里2號耀能協會高福耀學校,元朗,22.3880619400787,114.193646480171,09:30:00,570.0,2026-03-03,2026-04-01,,,,True,55.0,0,1
SR6381,乘客2043,NWC,電動輪椅,訓練,12345,"['Mon', 'Tue', 'Wed', 'Thu', 'Fri']",沙田碩門邨社會服務大樓,沙田,22.3862763556906,114.209652448229,09:15:00,555.0,禾輋邨民和樓香港耀能協會禾輋工場,沙田,22.3896818562553,114.195226190129,09:35:00,575.0,2025-12-18,2026-02-01,,,,True,20.0,0,1
SR6382,乘客2044,WC,其他 / 特殊情況,上學,12345,"['Mon', 'Tue', 'Wed', 'Thu', 'Fri']",禾輋邨豐禾里2號耀能協會高福耀學校,沙田,22.3880619400787,114.193646480171,15:30:00,930.0,八鄉下輋村村公所,沙田,22.448221274398,114.094395445187,16:45:00,1005.0,2026-03-03,2026-04-01,,,,True,75.0,1,0
SR6382,乘客2044跟車,NWC,,上學,12345,"['Mon', 'Tue', 'Wed', 'Thu', 'Fri']",禾輋邨豐禾里2號耀能協會高福耀學校,沙田,22.3880619400787,114.193646480171,15:30:00,930.0,八鄉下輋村村公所,沙田,22.448221274398,114.094395445187,16:45:00,1005.0,2026-03-03,2026-04-01,,,,True,75.0,0,1
SR6382,乘客2045,NWC,電動輪椅,訓練,12345,"['Mon', 'Tue', 'Wed', 'Thu', 'Fri']",禾輋邨民和樓香港耀能協會禾輋工場,沙田,22.3896818562553,114.195226190129,15:40:00,940.0,沙田碩門邨社會服務大樓,沙田,22.3862763556906,114.209652448229,16:10:00,970.0,2025-12-18,2026-02-01,,,,True,30.0,0,1
SR6382,乘客2046,WC,手動輪椅可以過椅,訓練,34,"['Wed', 'Thu']",香港沙田圓洲角路13號A,沙田,22.3809449,114.1993671,15:50:00,950.0,屯門景新徑景新臺 上落客區,屯門,22.402569603221,113.981056748334,17:50:00,1070.0,2025-10-09,2026-02-01,,,,True,120.0,1,0
SR6382,乘客2046跟車,WC,,訓練,34,"['Wed', 'Thu']",香港沙田圓洲角路13號A,沙田,22.3809449,114.1993671,15:50:00,950.0,屯門景新徑景新臺 上落客區,屯門,22.402569603221,113.981056748334,17:50:00,1070.0,2025-10-09,2026-02-01,,,,True,120.0,1,0
SR6382,乘客2047,NWC,手動輪椅不可過椅,訓練,12345,"['Mon', 'Tue', 'Wed', 'Thu', 'Fri']",元朗擴業街朗屏8號 (入閘),元朗,22.448719265947,114.026673629521,17:05:00,1025.0,天水圍天悅邨悅泰樓(近郵局),元朗,22.4626571203697,113.998872983978,17:20:00,1040.0,2026-01-07,2026-04-01,,,,True,15.0,0,1
SR6382,乘客2047跟車,WC,,訓練,12345,"['Mon', 'Tue', 'Wed', 'Thu', 'Fri']",元朗擴業街朗屏8號 (入閘),元朗,22.448719265947,114.026673629521,17:05:00,1025.0,天水圍天悅邨悅泰樓(近郵局),元朗,22.4626571203697,113.998872983978,17:20:00,1040.0,2026-01-07,2026-04-01,,,,True,15.0,1,0
SR6382,乘客2048,NWC,電動輪椅;手杖;手動輪椅可以過椅,工作,12345,"['Mon', 'Tue', 'Wed', 'Thu', 'Fri']",元朗廈村路 駿成重櫃場閘內,元朗,22.4466515577871,113.986738541396,17:30:00,1050.0,安蔭邨康蔭樓,元朗,22.3722778760155,114.141934780131,18:20:00,1100.0,2024-08-12,2026-02-01,,,,True,50.0,0,1
SR6391,乘客2049,WC,手動輪椅不可過椅,訓練,12345,"['Mon', 'Tue', 'Wed', 'Thu', 'Fri']",粉嶺軍地沙頭角公路109號 (近巴士站尾),北區,22.5102232367843,114.160291480988,08:05:00,485.0,粉嶺祥華邨祥智樓,北區,22.493352019078,114.14198762979,08:50:00,530.0,2025-10-16,2026-04-01,,,,True,45.0,1,0
SR6391,乘客2049跟車,WC,,訓練,12345,"['Mon', 'Tue', 'Wed', 'Thu', 'Fri']",粉嶺軍地沙頭角公路109號 (近巴士站尾),北區,22.5102232367843,114.160291480988,08:05:00,485.0,粉嶺祥華邨祥智樓,北區,22.493352019078,114.14198762979,08:50:00,530.0,2025-10-16,2026-04-01,,,,True,45.0,1,0
SR6391,乘客2050,NWC,手動輪椅可以過椅,訓練,12345,"['Mon', 'Tue', 'Wed', 'Thu', 'Fri']",上水東慶路公廁,北區,22.5087133212187,114.122988792071,08:25:00,505.0,粉嶺靈山路23號匡智粉嶺綜合復康中心,北區,22.5000677973979,114.136999148018,09:00:00,540.0,2025-11-25,2026-04-01,,,,True,35.0,0,1
SR6391,乘客2051,WC,手動輪椅不可過椅,訓練,135,"['Mon', 'Wed', 'Fri']",九肚山麗坪路33號 玖瓏山天瓏閣第2座 (入閘近邨巴站),沙田,22.4133707754744,114.199506116495,09:35:00,575.0,沙田亞公角街賽馬會耆智園,沙田,22.3991991573896,114.213304447243,09:50:00,590.0,2026-01-16,2026-04-01,,,,True,15.0,1,0
SR6391,乘客2051跟車,WC,,訓練,135,"['Mon', 'Wed', 'Fri']",九肚山麗坪路33號 玖瓏山天瓏閣第2座 (入閘近邨巴站),沙田,22.4133707754744,114.199506116495,09:35:00,575.0,沙田亞公角街賽馬會耆智園,沙田,22.3991991573896,114.213304447243,09:50:00,590.0,2026-01-16,2026-04-01,,,,True,15.0,1,0
SR6392,乘客2052,NWC,手動輪椅不可過椅,訓練,135,"['Mon', 'Wed', 'Fri']",沙田亞公角街賽馬會耆智園,沙田,22.3991991573896,114.213304447243,15:30:00,930.0,九肚山麗坪路33號 玖瓏山天瓏閣第2座 (入閘近邨巴站),沙田,22.4133707754744,114.199506116495,15:45:00,945.0,2026-01-16,2026-04-01,,,,True,15.0,0,1
SR6392,乘客2052跟車,WC,,訓練,135,"['Mon', 'Wed', 'Fri']",沙田亞公角街賽馬會耆智園,沙田,22.3991991573896,114.213304447243,15:30:00,930.0,九肚山麗坪路33號 玖瓏山天瓏閣第2座 (入閘近邨巴站),沙田,22.4133707754744,114.199506116495,15:45:00,945.0,2026-01-16,2026-04-01,,,,True,15.0,1,0
SR6392,乘客2053,NWC,手動輪椅不可過椅,訓練,12345,"['Mon', 'Tue', 'Wed', 'Thu', 'Fri']",粉嶺祥華邨祥智樓,北區,22.493352019078,114.14198762979,16:15:00,975.0,粉嶺軍地沙頭角公路109號 (近巴士站尾),北區,22.5102232367843,114.160291480988,16:30:00,990.0,2025-10-16,2026-04-01,,,,True,15.0,0,1
SR6392,乘客2053跟車,WC,,訓練,12345,"['Mon', 'Tue', 'Wed', 'Thu', 'Fri']",粉嶺祥華邨祥智樓,北區,22.493352019078,114.14198762979,16:15:00,975.0,粉嶺軍地沙頭角公路109號 (近巴士站尾),北區,22.5102232367843,114.160291480988,16:30:00,990.0,2025-10-16,2026-04-01,,,,True,15.0,1,0
SR6392,乘客2054,NWC,手動輪椅可以過椅,訓練,12345,"['Mon', 'Tue', 'Wed', 'Thu', 'Fri']",粉嶺靈山路23號匡智粉嶺綜合復康中心,北區,22.5000677973979,114.136999148018,16:45:00,1005.0,上水東慶路公廁,北區,22.5087133212187,114.122988792071,17:00:00,1020.0,2025-11-25,2026-04-01,,,,True,15.0,0,1
SR6401,乘客2055,WC,不需輔助工具,訓練,12345,"['Mon', 'Tue', 'Wed', 'Thu', 'Fri']",元朗水邊圍邨媽廟路 (近巴士站),元朗,22.4462183528701,114.021588771262,08:15:00,495.0,屯門東華三院小欖峻庭智障人士日間活動中心,元朗,22.3663906753019,114.015881251517,09:25:00,565.0,2025-08-22,2026-04-01,,,,True,70.0,1,0
SR6401,乘客2056,NWC,手動輪椅可以過椅,訓練,12345,"['Mon', 'Tue', 'Wed', 'Thu', 'Fri']",屯門富盛街培澤軒宿舍,屯門,22.4142447736823,113.981677551217,08:30:00,510.0,安定邨定泰樓耀能協會安定工場,屯門,22.3877638661941,113.976986624363,09:00:00,540.0,2026-02-10,2026-04-01,,,,True,30.0,0,1
SR6401,乘客2057,WC,手杖,訓練,234,"['Tue', 'Wed', 'Thu']",屯門景峰徑偉景花園B座,屯門,22.4051013702032,113.981488205318,08:40:00,520.0,屯門紫田村牌坊路邊旁綠色郵箱,屯門,22.4143576016438,113.97465694592,08:50:00,530.0,2026-01-15,2026-04-01,,,,True,10.0,1,0
SR6401,乘客2058,NWC,白手杖,訓練,12345,"['Mon', 'Tue', 'Wed', 'Thu', 'Fri']",屯門青榕街4號雅翠苑 (青榕街閘口),屯門,22.3787437802322,113.984551619723,09:15:00,555.0,南昌街248號賽馬會盲人中心(大坑西街停車場口),屯門,22.3342569030873,114.168467364916,09:55:00,595.0,2025-11-21,2026-04-01,,,,True,40.0,0,1
SR6402,乘客2059,NWC,白手杖,訓練,12345,"['Mon', 'Tue', 'Wed', 'Thu', 'Fri']",南昌街248號賽馬會盲人中心(大坑西街停車場口),深水埗,22.3342569030873,114.168467364916,15:30:00,930.0,屯門青榕街4號雅翠苑 (青榕街閘口),深水埗,22.3787437802322,113.984551619723,16:00:00,960.0,2025-11-21,2026-04-01,,,,True,30.0,0,1
SR6402,乘客2060,NWC,手動輪椅可以過椅,訓練,12345,"['Mon', 'Tue', 'Wed', 'Thu', 'Fri']",安定邨定泰樓耀能協會安定工場,屯門,22.3877638661941,113.976986624363,16:10:00,970.0,屯門富盛街培澤軒宿舍,屯門,22.4142447736823,113.981677551217,16:25:00,985.0,2026-02-10,2026-04-01,,,,True,15.0,0,1
SR6402,乘客2061,WC,手杖,訓練,234,"['Tue', 'Wed', 'Thu']",屯門紫田村牌坊路邊旁綠色郵箱,屯門,22.4143576016438,113.97465694592,16:35:00,995.0,屯門景峰徑偉景花園B座,屯門,22.4051013702032,113.981488205318,16:45:00,1005.0,2026-01-15,2026-04-01,,,,True,10.0,1,0
SR6402,乘客2062,NWC,不需輔助工具,訓練,12345,"['Mon', 'Tue', 'Wed', 'Thu', 'Fri']",屯門東華三院小欖峻庭智障人士日間活動中心,屯門,22.3663906753019,114.015881251517,17:00:00,1020.0,元朗水邊圍邨媽廟路 (近巴士站),屯門,22.4462183528701,114.021588771262,17:30:00,1050.0,2025-08-22,2026-04-01,,,,True,30.0,0,1
SR6411,乘客2063,NWC,手杖,上學,12345,"['Mon', 'Tue', 'Wed', 'Thu', 'Fri']",元朗朗日路GRAND YOHO 平台第3座,元朗,22.4448289529777,114.037222181015,07:00:00,420.0,大口環道15-17號紅十字會甘迺迪中心,元朗,22.2709138981953,114.124416113912,08:30:00,510.0,2024-07-12,2026-04-01,,,,True,90.0,0,1
SR6411,乘客2064,NWC,嬰兒手推車型輪椅,上學,12345,"['Mon', 'Tue', 'Wed', 'Thu', 'Fri']",屯門龍門居巴士總站 (市區的士站尾),屯門,22.3849978430044,113.965848791646,07:25:00,445.0,薄扶林道131號（心光幼兒中心）,屯門,22.2670041872954,114.1318223853,08:45:00,525.0,2025-03-14,2026-04-01,,,,True,80.0,0,1
SR6411,乘客2064跟車,WC,,上學,12345,"['Mon', 'Tue', 'Wed', 'Thu', 'Fri']",屯門龍門居巴士總站 (市區的士站尾),屯門,22.3849978430044,113.965848791646,07:25:00,445.0,薄扶林道131號（心光幼兒中心）,屯門,22.2670041872954,114.1318223853,08:45:00,525.0,2025-03-14,2026-04-01,,,,True,80.0,1,0
SR6411,乘客2065,NWC,其他 / 特殊情況,上學,12345,"['Mon', 'Tue', 'Wed', 'Thu', 'Fri']",屯門龍門居巴士總站 (市區的士站尾),屯門,22.3849978430044,113.965848791646,07:25:00,445.0,薄扶林道131號（心光幼兒中心）,屯門,22.2670041872954,114.1318223853,08:45:00,525.0,2026-02-24,2026-04-01,,,,True,80.0,0,1
SR6411,乘客2065跟車,NWC,,上學,12345,"['Mon', 'Tue', 'Wed', 'Thu', 'Fri']",屯門龍門居巴士總站 (市區的士站尾),屯門,22.3849978430044,113.965848791646,07:25:00,445.0,薄扶林道131號（心光幼兒中心）,屯門,22.2670041872954,114.1318223853,08:45:00,525.0,2026-02-24,2026-04-01,,,,True,80.0,0,1
SR6411,乘客2066,NWC,嬰兒手推車型輪椅,上學,135,"['Mon', 'Wed', 'Fri']",屯門榮發里恆豐園內 1座,屯門,22.3840961199003,113.9812265191,07:40:00,460.0,薄扶林道131號（心光幼兒中心）,屯門,22.2670041872954,114.1318223853,08:45:00,525.0,2025-05-12,2026-04-01,,,,True,65.0,0,1
SR6411,乘客2066跟車,WC,,上學,135,"['Mon', 'Wed', 'Fri']",屯門榮發里恆豐園內 1座,屯門,22.3840961199003,113.9812265191,07:40:00,460.0,薄扶林道131號（心光幼兒中心）,屯門,22.2670041872954,114.1318223853,08:45:00,525.0,2025-05-12,2026-04-01,,,,True,65.0,1,0
SR6412,乘客2067,NWC,其他 / 特殊情況,訓練,12345,"['Mon', 'Tue', 'Wed', 'Thu', 'Fri']",薄扶林道131號（心光學校）,南區,22.2669638153015,114.131786989264,15:40:00,940.0,屯門市廣場 (近巴士站),南區,22.3922480442645,113.976682967779,17:15:00,1035.0,2025-07-22,2026-04-01,,,,True,95.0,0,1
SR6412,乘客2067跟車,NWC,,訓練,12345,"['Mon', 'Tue', 'Wed', 'Thu', 'Fri']",薄扶林道131號（心光學校）,南區,22.2669638153015,114.131786989264,15:40:00,940.0,屯門市廣場 (近巴士站),南區,22.3922480442645,113.976682967779,17:15:00,1035.0,2025-07-22,2026-04-01,,,,True,95.0,0,1
SR6412,乘客2068,NWC,嬰兒手推車型輪椅,上學,12345,"['Mon', 'Tue', 'Wed', 'Thu', 'Fri']",薄扶林道131號（心光幼兒中心）,南區,22.2670041872954,114.1318223853,15:40:00,940.0,屯門龍門居巴士總站 (市區的士站尾),南區,22.3849978430044,113.965848791646,16:50:00,1010.0,2025-03-14,2026-04-01,,,,True,70.0,0,1
SR6412,乘客2068跟車,WC,,上學,12345,"['Mon', 'Tue', 'Wed', 'Thu', 'Fri']",薄扶林道131號（心光幼兒中心）,南區,22.2670041872954,114.1318223853,15:40:00,940.0,屯門龍門居巴士總站 (市區的士站尾),南區,22.3849978430044,113.965848791646,16:50:00,1010.0,2025-03-14,2026-04-01,,,,True,70.0,1,0
SR6412,乘客2069,NWC,嬰兒手推車型輪椅,上學,135,"['Mon', 'Wed', 'Fri']",薄扶林道131號（心光幼兒中心）,南區,22.2670041872954,114.1318223853,15:40:00,940.0,屯門榮發里恆豐園內 1座,南區,22.3840961199003,113.9812265191,17:05:00,1025.0,2025-05-12,2026-04-01,,,,True,85.0,0,1
SR6412,乘客2069跟車,WC,,上學,135,"['Mon', 'Wed', 'Fri']",薄扶林道131號（心光幼兒中心）,南區,22.2670041872954,114.1318223853,15:40:00,940.0,屯門榮發里恆豐園內 1座,南區,22.3840961199003,113.9812265191,17:05:00,1025.0,2025-05-12,2026-04-01,,,,True,85.0,1,0
SR6412,乘客2070,NWC,其他 / 特殊情況,上學,12345,"['Mon', 'Tue', 'Wed', 'Thu', 'Fri']",薄扶林道131號（心光幼兒中心）,南區,22.2670041872954,114.1318223853,15:40:00,940.0,屯門龍門居巴士總站 (市區的士站尾),南區,22.3849978430044,113.965848791646,16:50:00,1010.0,2026-02-24,2026-04-01,,,,True,70.0,0,1
SR6412,乘客2070跟車,NWC,,上學,12345,"['Mon', 'Tue', 'Wed', 'Thu', 'Fri']",薄扶林道131號（心光幼兒中心）,南區,22.2670041872954,114.1318223853,15:40:00,940.0,屯門龍門居巴士總站 (市區的士站尾),南區,22.3849978430044,113.965848791646,16:50:00,1010.0,2026-02-24,2026-04-01,,,,True,70.0,0,1
SR6412,乘客2071,NWC,手杖,上學,12345,"['Mon', 'Tue', 'Wed', 'Thu', 'Fri']",大口環道15-17號紅十字會甘迺迪中心,南區,22.2709138981953,114.124416113912,15:55:00,955.0,元朗朗日路GRAND YOHO 平台第3座,南區,22.4448289529777,114.037222181015,17:35:00,1055.0,2024-07-12,2026-04-01,,,,True,100.0,0,1
